medicineId,sourceCode,registrationNumber,brandName,genericName,strength,presentation,dosageForm,manufacturer,agent,country,publicPriceLbp,normalizedBrandName,active
MED#10574,10574,51721/1,0.45% SODIUM CHLORIDE INJECTION USP,,0.45%,1000ml,,Serum and Solutions SAL,A Pharma Solutions SAL,Lebanon,160885.2,0 45 sodium chloride injection usp,true
MED#11135,11135,9723/1,0.45% SODIUM CHLORIDE INJECTION USP,,0.45%,1000ml non pvc,,Serum and Solutions SAL,A Pharma Solutions SAL,Lebanon,176973.72000000003,0 45 sodium chloride injection usp,true
MED#12179,12179,115424/1,0.45% SODIUM CHLORIDE INJECTION USP,,0.45%,250ml non pvc,,Serum and Solutions SAL,A Pharma Solutions SAL,Lebanon,144796.68000000002,0 45 sodium chloride injection usp,true
MED#12182,12182,115924/1,0.45% SODIUM CHLORIDE INJECTION USP,,0.45%,500ml non pvc,,Serum and Solutions SAL,A Pharma Solutions SAL,Lebanon,162034.37999999998,0 45 sodium chloride injection usp,true
MED#10570,10570,51921/1,0.9% SODIUM CHLORIDE INJECTION USP,,0.9%,100ml,,Serum and Solutions SAL,A Pharma Solutions SAL,Lebanon,145945.86,0 9 sodium chloride injection usp,true
MED#10571,10571,52121/1,0.9% SODIUM CHLORIDE INJECTION USP,,0.9%,500ml,,Serum and Solutions SAL,A Pharma Solutions SAL,Lebanon,151691.76,0 9 sodium chloride injection usp,true
MED#10572,10572,52021/1,0.9% SODIUM CHLORIDE INJECTION USP,,0.9%,1000ml,,Serum and Solutions SAL,A Pharma Solutions SAL,Lebanon,164332.74,0 9 sodium chloride injection usp,true
MED#10573,10573,51821/1,0.9% SODIUM CHLORIDE INJECTION USP,,0.9%,3000ml,,Serum and Solutions SAL,A Pharma Solutions SAL,Lebanon,688358.82,0 9 sodium chloride injection usp,true
MED#10575,10575,52221/1,0.9% SODIUM CHLORIDE INJECTION USP,,0.9%,250ml,,Serum and Solutions SAL,A Pharma Solutions SAL,Lebanon,144796.68000000002,0 9 sodium chloride injection usp,true
MED#11136,11136,8323/1,0.9% SODIUM CHLORIDE INJECTION USP,,0.9%,100ml non pvc,,Serum and Solutions SAL,A Pharma Solutions SAL,Lebanon,182719.62,0 9 sodium chloride injection usp,true
MED#11137,11137,8523/1,0.9% SODIUM CHLORIDE INJECTION USP,,0.9%,500ml non pvc,,Serum and Solutions SAL,A Pharma Solutions SAL,Lebanon,209150.75999999998,0 9 sodium chloride injection usp,true
MED#11138,11138,8623/1,0.9% SODIUM CHLORIDE INJECTION USP,,0.9%,1000ml non pvc,,Serum and Solutions SAL,A Pharma Solutions SAL,Lebanon,222940.92,0 9 sodium chloride injection usp,true
MED#11139,11139,8423/1,0.9% SODIUM CHLORIDE INJECTION USP,,0.9%,250ml non pvc,,Serum and Solutions SAL,A Pharma Solutions SAL,Lebanon,181570.44000000003,0 9 sodium chloride injection usp,true
MED#12052,12052,115224/1,0.9% SODIUM CHLORIDE INJECTION USP,,0.9%,50ml non pvc,,Serum and Solutions SAL,A Pharma Solutions SAL,Lebanon,170078.63999999998,0 9 sodium chloride injection usp,true
MED#10614,10614,63721/1,10% DEXTROSE INJECTION USP,,,1000ml,,Serum and Solutions SAL,A Pharma Solutions SAL,Lebanon,219493.38,10 dextrose injection usp,true
MED#10615,10615,63521/1,10% DEXTROSE INJECTION USP,,,250ml,,Serum and Solutions SAL,A Pharma Solutions SAL,Lebanon,170078.63999999998,10 dextrose injection usp,true
MED#10616,10616,63621/1,10% DEXTROSE INJECTION USP,,,500ml,,Serum and Solutions SAL,A Pharma Solutions SAL,Lebanon,194211.42,10 dextrose injection usp,true
MED#11140,11140,9323/1,10% DEXTROSE INJECTION USP,,,1000ml non pvc,,Serum and Solutions SAL,A Pharma Solutions SAL,Lebanon,284996.64,10 dextrose injection usp,true
MED#11141,11141,9123/1,10% DEXTROSE INJECTION USP,,,250ml non pvc,,Serum and Solutions SAL,A Pharma Solutions SAL,Lebanon,220642.56,10 dextrose injection usp,true
MED#11142,11142,9223/1,10% DEXTROSE INJECTION USP,,,500ml non pvc,,Serum and Solutions SAL,A Pharma Solutions SAL,Lebanon,252819.6,10 dextrose injection usp,true
MED#12180,12180,115324/1,10% DEXTROSE INJECTION USP,,,100ml non pvc,,Serum and Solutions SAL,A Pharma Solutions SAL,Lebanon,170078.63999999998,10 dextrose injection usp,true
MED#9526,9526,31316/1,10% W/V CALCIUM GLUCONATE INJECTION BP,,,100x10ml Plastic Ampoules,Injection,Pharmaceutical Solutions Industry,Pharmamed,Saudi Arabia,3952240.7925,10 w v calcium gluconate injection bp,true
MED#4290,4290,208377/97,123 COLD AND FLU,,,20,Tablet,Algorithm S.A.L.,Droguerie de l'Union,Lebanon,409552.00000000006,123 cold and flu,true
MED#10304,10304,10120/1,123 COMPLETE,,,16Day tablets + 8Night tablets,Tablet,Algorithm S.A.L.,Droguerie de l'Union,Lebanon,537537.0000000001,123 complete,true
MED#10611,10611,64021/1,2.5% DEXTROSE 0.45% SODIUM CHLORIDE INJECTION,,,1000ml,,Serum and Solutions SAL,A Pharma Solutions SAL,Lebanon,172377,2 5 dextrose 0 45 sodium chloride injection,true
MED#11143,11143,9623/1,2.5% DEXTROSE 0.45% SODIUM CHLORIDE INJECTION,,,1000ml non pvc,,Serum and Solutions SAL,A Pharma Solutions SAL,Lebanon,224090.1,2 5 dextrose 0 45 sodium chloride injection,true
MED#12178,12178,115524/1,2.5% DEXTROSE 0.45% SODIUM CHLORIDE INJECTION,,,500ml non pvc,,Serum and Solutions SAL,A Pharma Solutions SAL,Lebanon,172377,2 5 dextrose 0 45 sodium chloride injection,true
MED#7212,7212,168141/10,20 MEQ POTASSIUM OF 0.9% SODIUM CHLORIDE INJECTION USP,,,1000ml PVC Bags 2 entries,Injection,Alfa Laboratoires S.A.L.,Alfa Laboratoires S.A.L.,Lebanon,278101.56,20 meq potassium of 0 9 sodium chloride injection usp,true
MED#9378,9378,93016/1,20 MEQ POTASSIUM OF 0.9% SODIUM CHLORIDE INJECTION USP,,,250ml PVC Bags 2 entries,Injection,Alfa Laboratoires S.A.L.,Alfa Laboratoires S.A.L.,Lebanon,229958.57920000004,20 meq potassium of 0 9 sodium chloride injection usp,true
MED#7211,7211,168142/10,20 MEQ POTASSIUM OF 5% DEXTROSE AND 0.45% SODIUM CHLORIDE INJECTION USP,,,1000ml PVC Bags 2 entries,Injection,Alfa Laboratoires S.A.L.,Alfa Laboratoires S.A.L.,Lebanon,229958.57920000004,20 meq potassium of 5 dextrose and 0 45 sodium chloride injection usp,true
MED#1337,1337,974078/02,3V,,,20,Tablet,Julphar,Pharmanet Drugstore S.A.R.L.,United Arab Emirates,229797.0675,3v,true
MED#1338,1338,974079/02,3V,,,3,Ampoule,Julphar,Pharmanet Drugstore S.A.R.L.,United Arab Emirates,198888.69,3v,true
MED#8733,8733,66316/1,5-FLUOROURACIL EBEWE,,1000mg,1,Vial,Fareva Unterach GmbH,Khalil Fattal & Fils S.A.L.,Austria,653107.4550000001,5 fluorouracil ebewe,true
MED#12048,12048,98322/1,5-FROTU,,1000mg/20ml,1Vial for single use,Solution for injection,Onko Ilac Sanayi Ve Tic AS,Germanos Health Care Supplies SARL,Turkey,577852.275,5 frotu,true
MED#10612,10612,64121/1,5% DEXTROSE 0.45% SODIUM CHLORIDE INJECTION,,,1000ml,,Serum and Solutions SAL,A Pharma Solutions SAL,Lebanon,179272.08,5 dextrose 0 45 sodium chloride injection,true
MED#11144,11144,9523/1,5% DEXTROSE 0.45% SODIUM CHLORIDE INJECTION,,,1000ml non pvc,,Serum and Solutions SAL,A Pharma Solutions SAL,Lebanon,224090.1,5 dextrose 0 45 sodium chloride injection,true
MED#12176,12176,114824/1,5% DEXTROSE 0.45% SODIUM CHLORIDE INJECTION,,,500ml non pvc,,Serum and Solutions SAL,A Pharma Solutions SAL,Lebanon,182719.62,5 dextrose 0 45 sodium chloride injection,true
MED#10613,10613,63921/1,5% DEXTROSE 0.9% SODIUM CHLORIDE INJECTION,,,1000ml,,Serum and Solutions SAL,A Pharma Solutions SAL,Lebanon,180421.26,5 dextrose 0 9 sodium chloride injection,true
MED#11145,11145,9423/1,5% DEXTROSE 0.9% SODIUM CHLORIDE INJECTION,,,1000ml non pvc,,Serum and Solutions SAL,A Pharma Solutions SAL,Lebanon,226388.46000000002,5 dextrose 0 9 sodium chloride injection,true
MED#12181,12181,115824/1,5% DEXTROSE 0.9% SODIUM CHLORIDE INJECTION,,,500ml non pvc,,Serum and Solutions SAL,A Pharma Solutions SAL,Lebanon,195360.59999999998,5 dextrose 0 9 sodium chloride injection,true
MED#10566,10566,52321/1,5% DEXTROSE INJECTION USP,,,100ml,,Serum and Solutions SAL,A Pharma Solutions SAL,Lebanon,148244.22,5 dextrose injection usp,true
MED#10567,10567,52421/1,5% DEXTROSE INJECTION USP,,5%,250ml,,Serum and Solutions SAL,A Pharma Solutions SAL,Lebanon,148244.22,5 dextrose injection usp,true
MED#10568,10568,52521/1,5% DEXTROSE INJECTION USP,,5%,500ml,,Serum and Solutions SAL,A Pharma Solutions SAL,Lebanon,159736.02,5 dextrose injection usp,true
MED#10569,10569,52621/1,5% DEXTROSE INJECTION USP,,5%,1000ml,,Serum and Solutions SAL,A Pharma Solutions SAL,Lebanon,179272.08,5 dextrose injection usp,true
MED#11146,11146,8723/1,5% DEXTROSE INJECTION USP,,,100ml non pvc,,Serum and Solutions SAL,A Pharma Solutions SAL,Lebanon,191913.05999999997,5 dextrose injection usp,true
MED#11147,11147,8823/1,5% DEXTROSE INJECTION USP,,5%,250ml non pvc,,Serum and Solutions SAL,A Pharma Solutions SAL,Lebanon,191913.05999999997,5 dextrose injection usp,true
MED#11148,11148,8923/1,5% DEXTROSE INJECTION USP,,5%,500ml non pvc,,Serum and Solutions SAL,A Pharma Solutions SAL,Lebanon,208001.58000000002,5 dextrose injection usp,true
MED#11149,11149,9023/1,5% DEXTROSE INJECTION USP,,5%,1000ml non pvc,,Serum and Solutions SAL,A Pharma Solutions SAL,Lebanon,224090.1,5 dextrose injection usp,true
MED#12128,12128,114624/1,5% DEXTROSE INJECTION USP,,,50ml non pvc,,Serum and Solutions SAL,A Pharma Solutions SAL,Lebanon,186167.16,5 dextrose injection usp,true
MED#12127,12127,81222/1,7.5% DEXTROSE INJECTION USP,,,Non Pvc 500ml,,Serum and Solutions SAL,A Pharma Solutions SAL,Lebanon,202255.68,7 5 dextrose injection usp,true
MED#12468,12468,81322/1,9% SODIUM CHLORIDE,,,1000ml,Injection USP,Serum and Solutions SAL,A Pharma Solutions SAL,Lebanon,255117.96000000005,9 sodium chloride,true
MED#8593,8593,1416/1,A-CNOTREN,,20mg,30,"Capsule, soft","Pharmadex under license from Pharmathen SA, Greece",Bellapharma S.A.R.L.,Lebanon,1526524.2922930003,a cnotren,true
MED#7494,7494,97451/12,A-RET,,,30g,Cream,Medpharma Pharma and Chem Ind's LLC,C. Catafago & Co,United Arab Emirates,335960.625,a ret,true
MED#12503,12503,148323/1,A.B.C NIGHT,,,20,"Tablet, film coated",Pharmadex,Pharmadex,Lebanon,222693.90000000002,a b c night,true
MED#10544,10544,70720/1,A.B.C.-COLD,,,20,"Tablet, film coated",Pharmadex,Pharmadex,Lebanon,534977.3,a b c cold,true
MED#10548,10548,167320/1,A.S HEART,,81mg,30,"Tablet, enteric coated",Pharmadex,Pharmadex,Lebanon,148462.6,a s heart,true
MED#9325,9325,42316/1,ABILIFY MAINTENA,,400mg,1Vial of powder +1Vial of 2ml solvent,Powder and solvent for prolonged release suspension for injection,H. Lundbeck AS,Sadco,Denmark,29491998.328800004,abilify maintena,true
MED#10698,10698,77116/1,ABIPREX 10,,10mg,30,Tablet,Benta SAL,Benta Trading Co s.a.l.,Lebanon,1075074,abiprex 10,true
MED#10699,10699,77216/1,ABIPREX 15,,15mg,30,Tablet,Benta SAL,Benta Trading Co s.a.l.,Lebanon,1075074,abiprex 15,true
MED#10966,10966,91022/1,ABIRATERONE ACETATE NEAPOLIS,,250mg,120,Tablet,Neapolis Pharma,Medis Pharm Drugstore,Tunisia,75418662.4340625,abiraterone acetate neapolis,true
MED#10993,10993,6421/1,ABIRATERONE ACETATE SPC,,250mg,120,"Tablet, film coated","Pharmaline SAL Licensed by Sudair Pharma Company, KSA",Advanced Healthcare Services SAL,Lebanon,73748372.54375,abiraterone acetate spc,true
MED#11432,11432,113920/1,ABLAX 250,,250mg,120,Tablet,"Manufactured by MSN Laboratories Private Ltd, India for Benta SAL",Benta Trading Co s.a.l.,Lebanon,45056852.54,ablax 250,true
MED#11691,11691,152623/1,ABLAX 500,,500mg,60,Tablet,"Manufactured by MSN Laboratories Private Ltd, India for Benta SAL",Benta Trading Co s.a.l.,Lebanon,45056852.54,ablax 500,true
MED#11001,11001,93321/1,ABRAXANE,,5mg/ml,1 Vial,Injectable powder for dispersion for infusion,Abraxis BioScience LLC,Droguerie de l'Union,USA,17850751.228800002,abraxane,true
MED#10796,10796,52919/1,ABREMIA,,250mg,120,Tablet,The Arab Pharmaceutical Manufacturing PSC,Droguerie de l'Union,Jordan,77478801.5367282,abremia,true
MED#11325,11325,147822/1,ABRILADA,,40mg,2prefilled syringes 0.8ml + 2alcohol pads,Solution for injection,"Catalent Indiana, LLC",Mersaco,USA,40259574.138000004,abrilada,true
MED#11326,11326,147922/1,ABRILADA,,40mg,2prefilled pens 0.8ml + 2alcohol pads,Solution for injection,"Catalent Indiana, LLC",Mersaco,USA,40259574.138000004,abrilada,true
MED#12111,12111,53425/1,ABRYSVO,,,"1Vial with powder, 1Pre-filled syringe of solvent, 1Vial adapter, 1needle",Powder and solvent for solution for injection,Pfizer Manufacturing Belgium NV,Mersaco,Belgium,22650720.573599998,abrysvo,true
MED#12386,12386,28325/1,ABSORICA LIDOSE,,16mg,30,"capsule, hard","Chaoul Pharmaceuticals (Cha-pha) SAL, Lebanon (Packing) Manufactured by SMB Technology SA, Belgium",Pharmamedic S.A.R.L.,Lebanon,1827044.7455260002,absorica lidose,true
MED#9058,9058,43417/1,ABSTRAL,,100mcg,10,"Tablet, sublingual",Recipharm Leganes S.L.U.,Droguerie Mercury S.A.L.,Spain,3419743.2018750007,abstral,true
MED#9059,9059,43217/1,ABSTRAL,,200mcg,10,"Tablet, sublingual",Recipharm Leganes S.L.U.,Droguerie Mercury S.A.L.,Spain,5261143.387500001,abstral,true
MED#9362,9362,128817/1,ACAMPROSATE BIOGARAN,,333mg,180,Comprimes pellicules gastroresistants,Laboratoires BTT,Commercial and Trading Ressources SAL (CTR),France,3641813.1750000003,acamprosate biogaran,true
MED#11187,11187,71121/1,ACARIZAX 12 SQ-HDM ORAL LYOPHILISATE,,,30 (3x10),Oral lyophilisate,Catalent UK Swindon Zydis Ltd,Droguerie de l'Union,UK,9366450.660000002,acarizax 12 sq hdm oral lyophilisate,true
MED#5143,5143,23624/06,ACC LONG,,,10,"Tablet, effervescent",Salutas Pharma GmbH for Hexal AG,Khalil Fattal & Fils S.A.L.,Germany,286238.4525,acc long,true
MED#10970,10970,102221/1,ACEBUTOLOL BIOGARAN,,400mg,30,Comprimés pelliculés,Anpharm Przedsiebiorstwo Farmaceutyczne SA,Commercial and Trading Ressources SAL (CTR),Poland,615479.865,acebutolol biogaran,true
MED#10971,10971,102121/1,ACEBUTOLOL BIOGARAN,,200mg,30,Comprimés pelliculés,Anpharm Przedsiebiorstwo Farmaceutyczne SA,Commercial and Trading Ressources SAL (CTR),Poland,464969.505,acebutolol biogaran,true
MED#5065,5065,24684/07,ACECLOFAR,,100mg,10,Tablet,Julphar,Pharmanet Drugstore S.A.R.L.,United Arab Emirates,131696.56499999997,aceclofar,true
MED#11508,11508,53923/1,ACETAZOLAMIDE,,250mg,100,Tablet,Apotex Inc,Promopharm S.A.R.L.,Canada,1001162.6625000002,acetazolamide,true
MED#8141,8141,31215/1,ACFOL,,5mg,50,Tablet,Mediphar Laboratories,Pharmapro,Lebanon,355798.3000000001,acfol,true
MED#11867,11867,77024/1,ACHONID GEL,,2.5% (25mg/g),Tube of 60g,Gel,"Manufactured by Benta Lyon, France for Benta SAL",Benta Trading Co s.a.l.,Lebanon,179179.00000000003,achonid gel,true
MED#9768,9768,98218/1,ACIDE ALENDRONIQUE/ VITAMINE D3 BGR,,70mg/5600UI,4,Comprimé,Pharmathen International SA,Commercial and Trading Ressources SAL (CTR),Greece,815712.3975000001,acide alendronique vitamine d3 bgr,true
MED#11819,11819,78424/1,ACIDE FUSIDIQUE BGR,,2%,Tube de 15g,Cream,Misom Labs Ltd,Commercial and Trading Ressources SAL (CTR),Malta,202920.21750000006,acide fusidique bgr,true
MED#11499,11499,4723/1,ACLASTA,,5mg/100ml,1vial,solution for infusion,Fresenius Kabi Austria GmbH,Khalil Fattal & Fils S.A.L.,Austria,21075062.0472,aclasta,true
MED#5900,5900,218156/09,ACTEMRA,,80mg/4ml,1Vial,Concentrate for solution for infusion,Chugai Pharma Manufacturing Co Ltd,Omnipharma,Japan,11127863.742450003,actemra,true
MED#5901,5901,218157/09,ACTEMRA,,200mg/10ml,1 Vial,Concentrate for solution for infusion,Chugai Pharma Manufacturing Co Ltd,Omnipharma,Japan,25485936.865956,actemra,true
MED#5902,5902,218158/09,ACTEMRA,,400mg/20ml,1Vial,Concentrate for solution for infusion,Chugai Pharma Manufacturing Co Ltd,Omnipharma,Japan,47925322.00890001,actemra,true
MED#8202,8202,42115/1,ACTEMRA,,162mg/0.9ml,4Prefilled syringes,Injectable solution for SC use,Vetter Pharma- Fertigung GmbH & Co KG,Omnipharma,Germany,79959811.51935,actemra,true
MED#4405,4405,78770/98,ACTI-VIR,,200mg,25,"Tablet, scored",Mediphar Laboratories,Pharmapro,Lebanon,1039238.2000000001,acti vir,true
MED#8870,8870,52515/1,ACTI-VIR H,,,5g,Cream,Mediphar Laboratories,Pharmapro,Lebanon,833182.35,acti vir h,true
MED#2481,2481,78773,ACTICARBINE,,,42,Comprimé,Elerte,Pharmamedic S.A.R.L.,France,306396.0899999999,acticarbine,true
MED#2224,2224,38681/96,ACTILYSE,,50mg,2,Vial,Boehringer Ingelheim Pharma GmbH & Co KG,Mersaco,Germany,100976553.33937499,actilyse,true
MED#12322,12322,109125/1,ACTISKENAN,,30mg,14,Géules à libération immédiate,Ethypharm,Minapharm Halabi,France,763302.54,actiskenan,true
MED#12323,12323,109025/1,ACTISKENAN,,20mg,14,Géules à libération immédiate,Ethypharm,Minapharm Halabi,France,512003.9925000001,actiskenan,true
MED#12324,12324,108925/1,ACTISKENAN,,10mg,14,Géules à libération immédiate,Ethypharm,Minapharm Halabi,France,310427.6175,actiskenan,true
MED#12325,12325,108825/1,ACTISKENAN,,5mg,14,Géules à libération immédiate,Ethypharm,Minapharm Halabi,France,233828.595,actiskenan,true
MED#5781,5781,219553/09,ACTISOUFRE,,,100ml,Solution pour pulverisation nasale et buccale en flacon pressurise,Grimberg,Pharmamedic S.A.R.L.,France,729706.4774999999,actisoufre,true
MED#9595,9595,61618/1,ACTONORM,,220mg/200mg/25mg in 5ml,200ml,Oral suspension,Laleham Health and Beauty Limited,Taba Chemipharm,UK,403152.75,actonorm,true
MED#1340,1340,973726/02,ACTOS,,30mg,30,Tablet,The Arab Pharmaceutical Manufacturing PSC (APM) under license from Takeda Pharmaceutical company Ltd Japan,Abela Frères S.A.L.,Jordan,2484764.7824999997,actos,true
MED#5959,5959,23608/06,ACTOS,,15mg,30,Tablet,The Arab Pharmaceutical Manufacturing PSC (APM) under license from Takeda Pharmaceutical company Ltd Japan,Abela Frères S.A.L.,Jordan,1243054.3125,actos,true
MED#9705,9705,179817/1,ACTOSMET,,15mg/850mg,56,"Tablet, film coated","Daito Pharmaceutical Co Ltd, Toyama, Japan, under licensed from Takeda Pharmaceuticals International AG, Switzerland",Abela Frères S.A.L.,Japan,3101588.49,actosmet,true
MED#2023,2023,26460,ACTRAPID,,100IU/ml,10ml,Vial,Novo Nordisk AS,Mersaco,Denmark,752551.8,actrapid,true
MED#8497,8497,144814/1,ACTRAPID,,100IU/ml,10ml,Vial,"Novo Nordisk Production SAS, Chartres",Mersaco,France,752551.8,actrapid,true
MED#6060,6060,24959/07,ACUPAN,,,5,Injectable solution,Biocodex,Pharmamedic S.A.R.L.,France,365525.16000000003,acupan,true
MED#6480,6480,168203/10,ACURIL,,5mg,28,Tablet,Bluepharma Industria Farmaceutica SA,Qualipharm,Portugal,614136.0225000001,acuril,true
MED#6481,6481,168202/10,ACURIL,,2.5mg,28,Tablet,Bluepharma Industria Farmaceutica SA,Qualipharm,Portugal,497221.72500000003,acuril,true
MED#7244,7244,96648/12,ACURIL,,10mg,28,Tablet,Bluepharma Industria Farmaceutica SA,Qualipharm,Portugal,810337.0275000001,acuril,true
MED#11585,11585,106523/1,ADALIREL,,40mg,box of 0.8ml in PFS fo subcutaneous use,Solution for injection,Reliance Life Sciences pvt Ltd,Levant Pulse SARL,India,7805375.550000001,adalirel,true
MED#7970,7970,119414/1,ADCETRIS,,50mg,1Vial,Powder for concentrate for solution for infusion,Takeda Austria GmbH,Century Pharma SAL,Austria,298266861.9164062,adcetris,true
MED#12074,12074,106324/1,ADDAVEN,,,,Concentrate for solution for infusion,HP Halden Pharma AS,Benta Trading Co s.a.l.,Norway,4065123.5625000005,addaven,true
MED#4468,4468,24279,ADELPHAN ESIDREX,,,30,Tablet,Mephico SAL,Mephico S.A.L.,Lebanon,371156.5,adelphan esidrex,true
MED#10163,10163,79719/1,ADENURIC,,40mg,28,"Tablet, film coated",Fully manufactured by Algorithm S.A.L. under license from Teijin Pharma Ltd Japan,Droguerie de l'Union,Lebanon,1687866.1800000002,adenuric,true
MED#9590,9590,93318/1,ADENURIC,,80mg,28,"Tablet, film coated scored",Fully manufactured by Algorithm S.A.L. under license from Teijin Pharma Ltd Japan,Droguerie de l'Union,Lebanon,2127110.7,adenuric,true
MED#9602,9602,107818/1,ADENURIC,,120mg,28,"Tablet, film coated",Fully manufactured by Algorithm S.A.L. under license from Teijin Pharma Ltd Japan,Droguerie de l'Union,Lebanon,2184703.95,adenuric,true
MED#12136,12136,55423/1,ADEX,,1.5mg,box of 30,"Tablet, prolonged release",Les Laboratoires Medis,Medis Pharm Drugstore,Tunisia,296989.1925,adex,true
MED#12488,12488,120922/1,ADOL,,120mg/5ml,100ml,Syrup,Julphar (Gulf Pharmaceutical Industries),Pharmanet Drugstore S.A.R.L.,United Arab Emirates,126321.19500000002,adol,true
MED#1341,1341,208895/03,ADOL,,250mg/5ml,135ml,"Suspension, alcohol free",Julphar,Pharmanet Drugstore S.A.R.L.,United Arab Emirates,192169.47749999998,adol,true
MED#3371,3371,78843/98,ADOL,,125mg,10,Suppository,Julphar,Pharmanet Drugstore S.A.R.L.,United Arab Emirates,107507.40000000002,adol,true
MED#3434,3434,78844/98,ADOL,,250mg,10,Suppository,Julphar,Pharmanet Drugstore S.A.R.L.,United Arab Emirates,124977.35249999998,adol,true
MED#3436,3436,78845/98,ADOL,,500mg,10,Suppository,Julphar,Pharmanet Drugstore S.A.R.L.,United Arab Emirates,131696.56499999997,adol,true
MED#3740,3740,78846/98,ADOL,,500mg,24,Caplet,Julphar,Pharmanet Drugstore S.A.R.L.,United Arab Emirates,81974.3925,adol,true
MED#1709,1709,973937/02,ADOL EXTRA,,,24,Caplet,Julphar,Pharmanet Drugstore S.A.R.L.,United Arab Emirates,122289.66750000001,adol extra,true
MED#4861,4861,26/95,ADRENALINE 1 MG I.V.,,1mg/ml,100 x 1ml,Injectable solution,Alfa Laboratoires S.A.L.,Alfa Laboratoires S.A.L.,Lebanon,2239737.5,adrenaline 1 mg i v,true
MED#11025,11025,43121/1,ADRENALINE AGUETTANT,,1mg/10ml (0.1mg/ml),10Prefilled Syringes,"Solution for injection, sulfite free",Aguettant,Pharmamed,France,13990891.2444,adrenaline aguettant,true
MED#2097,2097,H0744/92,ADRENALINE RENAUDIN,,1mg/ml,10x1ml,Ampoule,Renaudin,Minapharm Halabi,France,444811.8675,adrenaline renaudin,true
MED#7809,7809,81614/1,ADRENALINE SALF,,1mg/ml,5Amp x 1ml,Injectable solution,SALFSpA Laboratorio Farmacologico,New Europharm,Italy,220390.17,adrenaline salf,true
MED#6549,6549,167734/10,ADROMUX,,,1,"Tablet, coated",Gador SA,Droguerie Phenicia,Argentine,821087.7675000002,adromux,true
MED#7639,7639,186521/13,ADVAGRAF,,0.5mg,100,"Capsule, hard, prolonged release",Astellas Ireland Co Ltd,Abela Frères S.A.L.,Ireland,13297758.145350002,advagraf,true
MED#7640,7640,186522/13,ADVAGRAF,,1mg,100,"Capsule, hard, prolonged release",Astellas Ireland Co Ltd,Abela Frères S.A.L.,Ireland,25729043.8608,advagraf,true
MED#7641,7641,186523/13,ADVAGRAF,,3mg,100,"Capsule, hard, prolonged release",Astellas Ireland Co Ltd,Abela Frères S.A.L.,Ireland,68645617.53000002,advagraf,true
MED#7642,7642,186524/13,ADVAGRAF,,5mg,100,"Capsule, hard, prolonged release",Astellas Ireland Co Ltd,Abela Frères S.A.L.,Ireland,85485667.35187498,advagraf,true
MED#10363,10363,94820/1,ADVANTAN,,,20g,Cream,Leo Pharma Manufacturing Italy SRL,UPO S.A.L.,Italy,385682.7975,advantan,true
MED#10364,10364,94920/1,ADVANTAN,,,20g,Ointment,Leo Pharma Manufacturing Italy SRL,UPO S.A.L.,Italy,385682.7975,advantan,true
MED#10892,10892,77021/1,ADVIL,,200mg,50,Tablet,Pf Consumer Healthcare Canada ULC,Sadco,Canada,387026.6400000001,advil,true
MED#10887,10887,76921/1,ADVIL COLD & SINUS,,,20,Caplet,Pf Consumer Healthcare Canada ULC,Sadco,Canada,288926.1375,advil cold sinus,true
MED#10891,10891,97321/1,ADVIL LIQUI-GELS,,200mg,32,Capsule,Pf Consumer Healthcare Canada ULC,Sadco,Canada,464969.505,advil liqui gels,true
MED#9523,9523,48818/1,ADVIL LIQUI-GELS EXTRA STRENGTH,,400mg,24,Capsule,Pf Consumer Healthcare Canada ULC,Droguerie Mercury S.A.L.,Canada,575164.59,advil liqui gels extra strength,true
MED#6986,6986,97366/12,AERIALLERG,,0.5mg/ml,125ml,Syrup,Pharma International Co,Picomed SARL,Jordan,200232.5325,aeriallerg,true
MED#7562,7562,167742/11,AERIALLERG,,5mg,30,"Tablet, film coated",Pharma International Co,Picomed SARL,Jordan,400465.065,aeriallerg,true
MED#11702,11702,65022/1,AERIUS,,5mg,30,"Tablet, film coated",Organon Heist BV,Abela Frères S.A.L.,Belgium,430029.6000000001,aerius,true
MED#5182,5182,24888/07,AERIUS,,0.5mg/ml,150ml,Oral Solution,Organon Heist BV,Abela Frères S.A.L.,Belgium,403152.75,aerius,true
MED#7509,7509,186613/13,AERIUS,,5mg,30,"Tablet, film coated",Schering Plough Labo NV,Abela Frères S.A.L.,Belgium,430029.6000000001,aerius,true
MED#7445,7445,219222/09,AEROCORT-A HFA,,,200metered doses,Inhaler,Cipla Ltd,Droguerie de l'Union,India,541568.5275000002,aerocort a hfa,true
MED#12303,12303,165120/1,AEROFOR,,12mcg,30,"Capsule, inhalation powder + inhaler",Teriak SA,Macromed S.A.R.L.,Tunisia,897686.79,aerofor,true
MED#12304,12304,165020/1,AEROFOR,,12mcg,60,"Capsule, inhalation powder + inhaler",Teriak SA,Macromed S.A.R.L.,Tunisia,1709367.6600000004,aerofor,true
MED#12076,12076,175820/1,AERONIDE,,400mcg,60caps+inhaler,Powder for oral inhalation,Teriak SA,Macromed S.A.R.L.,Tunisia,2116551.9375000005,aeronide,true
MED#12077,12077,175920/1,AERONIDE,,200mcg,60caps+inhaler,Powder for oral inhalation,Teriak SA,Macromed S.A.R.L.,Tunisia,1150329.1800000004,aeronide,true
MED#9346,9346,216/1,AETHOXYSKLEROL,,3%,5Ampoules x 2ml,Injection solution,Chemische Fabrik Kreussler & Co GmbH,Medway Healthcare SARL Single Partner,Germany,2576146.0725000002,aethoxysklerol,true
MED#9347,9347,416/1,AETHOXYSKLEROL,,0.5%,5Ampoules x 2ml,Injection solution,Chemische Fabrik Kreussler & Co GmbH,Medway Healthcare SARL Single Partner,Germany,1441943.0025,aethoxysklerol,true
MED#9348,9348,316/1,AETHOXYSKLEROL,,1%,5Ampoules x 2ml,Injection solution,Chemische Fabrik Kreussler & Co GmbH,Medway Healthcare SARL Single Partner,Germany,1732212.9825000002,aethoxysklerol,true
MED#5897,5897,218674/10,AFINITOR,,5mg,30,Tablet,Novartis Pharma Stein AG,Khalil Fattal & Fils S.A.L.,Switzerland,149125650.58343038,afinitor,true
MED#6930,6930,96704/12,AFINITOR,,10mg,30,Tablet,Novartis Pharma Stein AG,Khalil Fattal & Fils S.A.L.,Switzerland,214674575.24516457,afinitor,true
MED#5489,5489,219721/09,AGGRASTAT,,0.25mg/ml,1x50ml,concentrate for solution for Infusion,Algorithm S.A.L. under license from Cardiome International AG USA,Droguerie de l'Union,Lebanon,18280323.734399997,aggrastat,true
MED#7282,7282,219456/09,AGGRIX 75,,,28,"Tablet, film coated",Midpharma,Macromed S.A.R.L.,Jordan,1204082.8800000001,aggrix 75,true
MED#9833,9833,193718/1,AIMOVIG,,70mg/ml,pre-filled pen,solution for injection,Amgen Manufacturing Ltd,Khalil Fattal & Fils S.A.L.,USA,35423371.040400006,aimovig,true
MED#7864,7864,96553/12,AIRFAST,,10mg,30,"Tablet, film coated",Tabuk Pharmaceutical Manufacturing Company,Mersaco,Saudi Arabia,802273.9724999999,airfast,true
MED#11890,11890,72221/1,AIRFAST PEDIATRICS,,4mg,28,Sachets granules for oral solution,Tabuk Pharmaceutical Manufacturing Company,Mersaco,Saudi Arabia,880216.8375,airfast pediatrics,true
MED#482,482,27943/95,AIRTAL 100MG 20,,100mg,20,"Tablet, film coated","Industrias Farmaceuticas Almirall, S.A.",Droguerie Phenicia,Spain,471688.7175,airtal 100mg 20,true
MED#571,571,974097/02,AIRTAL DIFUCREM 1.5%,,1.5%,60g,Cream,Almirall Hermal GmbH,Droguerie Phenicia,Germany,536193.1575,airtal difucrem 1 5,true
MED#12233,12233,6224/1,AKEEGA,,100mg/500mg,56,"Tablet, film coated",Patheon France SAS,Abela Frères S.A.L.,France,519366123.80296874,akeega,true
MED#12234,12234,6324/1,AKEEGA,,50mg/500mg,56,"Tablet, film coated",Patheon France SAS,Abela Frères S.A.L.,France,519366123.80296874,akeega,true
MED#11171,11171,134121/1,AKLIEF,,50mcg/g,75g,Cream,Galderma,Raymond Georges Abou Adal & Co,France,4359425.070000001,aklief,true
MED#8551,8551,26816/1,AKYNZEO,,300mg/0.5mg,1,"Capsule, hard",Helsinn Birex Pharmaceuticals Ltd,Mersaco,Ireland,7364371.831425001,akynzeo,true
MED#1350,1350,973998/02,ALBENDA,,200mg,2,Tablet,Julphar,Pharmanet Drugstore S.A.R.L.,United Arab Emirates,116914.2975,albenda,true
MED#1351,1351,973999/02,ALBENDA,,400mg,20ml,Suspension,Julphar,Pharmanet Drugstore S.A.R.L.,United Arab Emirates,129008.88,albenda,true
MED#12432,12432,98625/1,ALBENDACURE,,200mg,2,Tablet,"UBSA Pharma Industries SARL (Secondary Packaging), manufacturer: Livealth Biopharma Pvt. Ltd, India",Tamipharm,Lebanon,127985.00000000001,albendacure,true
MED#12016,12016,131824/1,ALBENDAZOLE-UBSA,,200mg,2,Tablet,"UBSA Pharma Industries SARL (Secondary Packaging), manufacturer: Livealth Biopharma Pvt. Ltd, India",L. Pharm SAL,Lebanon,127985.00000000001,albendazole ubsa,true
MED#12552,12552,20726/1,ALBEZORA,,200mg,2,Tablet,"UBSA Pharma Industries SARL (Secondary Packaging), manufacturer: Livealth Biopharma Pvt. Ltd, India",MH Pharma SARL,Lebanon,116466.35,albezora,true
MED#12213,12213,63524/1,ALBUKEY,,20%,50ml,Infusion solution,Pharminicio SL,Mediterranean Pharmaceutical Company,Spain,4863366.0075,albukey,true
MED#12183,12183,119124/1,ALBUREL HUMAN ALBUMIN BP,,20%,Box of 50ml,Solution,Reliance Life Sciences pvt Ltd,Levant Pulse SARL,India,3836670.3375000004,alburel human albumin bp,true
MED#12184,12184,119024/1,ALBUREL HUMAN ALBUMIN BP,,20%,Box of 100ml,Solution,Reliance Life Sciences pvt Ltd,Levant Pulse SARL,India,6353687.340000002,alburel human albumin bp,true
MED#3487,3487,148247/03,ALBUTEIN,,20%,100ml,,Grifols Biologicals LLC,Alfamed S.A.L.,USA,7154927.5875,albutein,true
MED#3489,3489,148245/03,ALBUTEIN,,20%,50ml,,Grifols Biologicals LLC,Alfamed S.A.L.,USA,4031527.5,albutein,true
MED#10396,10396,197819/1,ALDACTONE,,100mg,10,Tablet,Piramal Healthcare UK Ltd,Droguerie Fattal S.A.L.,UK,458250.2925000001,aldactone,true
MED#8794,8794,110115/1,ALDACTONE,,25mg,20,Tablet,Piramal Healthcare UK Ltd,Droguerie Fattal S.A.L.,UK,237860.1225,aldactone,true
MED#12529,12529,86124/1,ALDARA,,5%,12 Sachets,Cream,CPM ContractPharma GmbH & Co KG,Omnipharma,Germany,6301277.482500001,aldara,true
MED#9772,9772,160618/1,ALDEX,,5g/100ml,50ml Viaflex bag,Injectable solution,Alfa Laboratoires S.A.L.,Alfa Laboratoires S.A.L.,Lebanon,174062.46399999998,aldex,true
MED#9790,9790,160718/1,ALDEX,,5g/100ml,100ml Viaflex bag,Injectable solution,Alfa Laboratoires S.A.L.,Alfa Laboratoires S.A.L.,Lebanon,174062.46399999998,aldex,true
MED#9791,9791,193318/1,ALDEX,,5g/100ml,250ml Viaflex bag,Injectable solution,Alfa Laboratoires S.A.L.,Alfa Laboratoires S.A.L.,Lebanon,170630.24639999997,aldex,true
MED#9792,9792,177618/1,ALDEX,,5g/100ml,500ml Viaflex bag,Injectable solution,Alfa Laboratoires S.A.L.,Alfa Laboratoires S.A.L.,Lebanon,182719.62,aldex,true
MED#9793,9793,177718/1,ALDEX,,5g/100ml,1000ml Viaflex bag,Injectable solution,Alfa Laboratoires S.A.L.,Alfa Laboratoires S.A.L.,Lebanon,205933.05599999998,aldex,true
MED#4304,4304,11283,ALDOMET,,250mg,30,"Tablet, coated",Algorithm S.A.L.,Droguerie de l'Union,Lebanon,644399.5788230001,aldomet,true
MED#4314,4314,20919,ALDOMET,,500mg,30,"Tablet, coated",Algorithm S.A.L.,Droguerie de l'Union,Lebanon,856707.5607090002,aldomet,true
MED#11061,11061,52422/1,ALDURAZYME,,100U/ml,1Vial x 5ml,Concentrate for solution for infusion,Euroapi UK Limited,Mersaco,UK,57138679.50000001,aldurazyme,true
MED#9459,9459,178617/1,ALECENSA,,150mg,224,"Capsule, hard",Excella GmbH,Omnipharma,Germany,490837808.9126367,alecensa,true
MED#6691,6691,97043/12,ALERGICAL EXPECTORANT,,,150ml,SYRUP,Laboratorio Reig Jofre SA,Taba Chemipharm,Spain,485127.1425,alergical expectorant,true
MED#10014,10014,67419/1,ALERJON,,,10ml,Eye drops solution,Laboratorio Edol Produtos Farmaceuticos SA,Abela Frères S.A.L.,Portugal,528130.1025,alerjon,true
MED#3358,3358,195035/04,ALEXAN,,100mg/5ml,1,Vial,Fareva Unterach GmbH,Khalil Fattal & Fils S.A.L.,Austria,1209458.25,alexan,true
MED#5327,5327,221412/08,ALEXAN,,1000mg/20ml,1,Vial,Fareva Unterach GmbH,Khalil Fattal & Fils S.A.L.,Austria,2848946.0999999996,alexan,true
MED#12023,12023,129324/1,ALFA-AMYLASE BGR CONSEIL,,"3,000U.CEIP",18,Comprimé enrobé,Inpharmasci,Commercial and Trading Ressources SAL (CTR),France,290269.9800000001,alfa amylase bgr conseil,true
MED#12024,12024,129424/1,ALFA-AMYLASE BGR CONSEIL,,200U.CEIP/ml,Flacon de 200ml,Sirop,Farmaclair,Commercial and Trading Ressources SAL (CTR),France,384338.9550000001,alfa amylase bgr conseil,true
MED#8306,8306,185804/13,ALFOCIN,,10mg,30,"Tablet, extended release",Benta SAL,Benta Trading Co s.a.l.,Lebanon,858779.35,alfocin,true
MED#12403,12403,128024/1,ALFUZOSINE ARROW LP,,10mg,30,"Tablet, film coated, sustained release",APL Swift Services (Malta) Limited,Darapharma S.A.L.,Malta,743144.9025000002,alfuzosine arrow lp,true
MED#11203,11203,103122/1,ALFUZOSINE BIOGARAN LP,,10mg,30,Comprimés pelliculés à libération prolongée,Holsten Pharma GmbH,Commercial and Trading Ressources SAL (CTR),Germany,1115389.2750000004,alfuzosine biogaran lp,true
MED#9776,9776,122218/1,ALGESAL SURACTIVE,,,40g,Crème,Pharma Developpement,L. Pharm SAL,France,1006538.0325000001,algesal suractive,true
MED#9915,9915,159015/1,ALGIFAST 400,,400mg,12sachets,Powder for oral suspension,Laboratorio De Aplicaciones Farmacodinamicas SA (FARDI),Pharmacie Al Sahel,Spain,473032.56,algifast 400,true
MED#10914,10914,153620/1,ALGIFAST PEDIATRIC,,20mg/ml,100ml,Oral suspension,Laboratorio De Aplicaciones Farmacodinamicas SA (FARDI),Pharmacie Al Sahel,Spain,393745.85250000004,algifast pediatric,true
MED#2107,2107,208370/02,ALGIKEY,,30mg,6Amp,Injectable,Laboratorios Serra Pamies SA,Mediterranean Pharmaceutical Company,Spain,873497.6250000002,algikey,true
MED#11083,11083,72822/1,ALGIVIC,,250mg,12,Suppository,"Chaoul Pharmaceuticals (Cha-pha) SAL, Lebanon (Packing) Manufactured by Fulton Medicinali SpA, Italy",Pharmamedic S.A.R.L.,Lebanon,215014.80000000005,algivic,true
MED#11084,11084,72622/1,ALGIVIC,,500mg,12,Suppository,"Chaoul Pharmaceuticals (Cha-pha) SAL, Lebanon (Packing) Manufactured by Fulton Medicinali SpA, Italy",Pharmamedic S.A.R.L.,Lebanon,147182.75,algivic,true
MED#11085,11085,72722/1,ALGIVIC INFANT,,125mg,12,Suppository,"Chaoul Pharmaceuticals (Cha-pha) SAL, Lebanon (Packing) Manufactured by Fulton Medicinali SpA, Italy",Pharmamedic S.A.R.L.,Lebanon,199656.60000000003,algivic infant,true
MED#6484,6484,218789/09,ALGOCOD,,,32 (16x2),"Tablet, effervescent",SMB Technology SA,Pharmamedic S.A.R.L.,Belgium,299676.8775,algocod,true
MED#6886,6886,219452/09,ALGODOL,,,20,Capsule,Mediphar Laboratories,Pharmamedic S.A.R.L.,Lebanon,317402.80000000005,algodol,true
MED#10681,10681,16621/1,ALGOMIEL COUGH SYRUP,,,100ml,,Algorithm S.A.L.,Droguerie de l'Union,Lebanon,639925,algomiel cough syrup,true
MED#10494,10494,189919/1,ALIMTA,,500mg,1vial,For injection,Lilly France,Droguerie de l'Union,France,78132798.49992625,alimta,true
MED#10495,10495,190019/1,ALIMTA,,100mg,1vial,For injection,Lilly France,Droguerie de l'Union,France,16854008.7744,alimta,true
MED#7987,7987,120214/1,ALLERGODIL,,,6ml,Eye drops solution,Tubilux Pharma SpA,Omnipharma,Italy,709548.8400000001,allergodil,true
MED#7877,7877,166948/11,ALLERGODIL NASAL,,,10ml,Spray,Madaus GmbH,Omnipharma,Germany,657138.9824999999,allergodil nasal,true
MED#11089,11089,115722/1,ALLOPURINOL BIOGARAN,,100mg,28,Comprimés,Delpharm Bretigny,Commercial and Trading Ressources SAL (CTR),France,107507.40000000002,allopurinol biogaran,true
MED#11090,11090,115622/1,ALLOPURINOL BIOGARAN,,200mg,28,Comprimés,Delpharm Bretigny,Commercial and Trading Ressources SAL (CTR),France,169324.15500000003,allopurinol biogaran,true
MED#11091,11091,115522/1,ALLOPURINOL BIOGARAN,,300mg,28,Comprimés,Delpharm Bretigny,Commercial and Trading Ressources SAL (CTR),France,212327.11500000005,allopurinol biogaran,true
MED#8411,8411,166818/11,ALMIRAL,,1% w/w,50g,Gel,Medochemie Ltd,New Allpharma,Cyprus,396433.53750000003,almiral,true
MED#8707,8707,127715/1,ALMIRAL,,75mg/3ml,10ampoules,Injectable solution,Medochemie Ltd,New Allpharma,Cyprus,415247.3325,almiral,true
MED#10527,10527,21920/1,ALMOVITAE,,12.5mg,6,"Tablet, film coated",SAG Manufacturing SLU,Promopharm S.A.R.L.,Spain,1148985.3375000001,almovitae,true
MED#11985,11985,112823/1,ALOPEXY,,5%,60ml,Cutaneous solution,Pierre Fabre Medicament Production,Mersaco,France,896342.9475,alopexy,true
MED#8286,8286,55315/1,ALOXI,,0.25mg/5ml,1Vial,Injectable solution,Helsinn Birex Pharmaceuticals Ltd,Mersaco,Ireland,3656595.442500001,aloxi,true
MED#10774,10774,4922/1,ALPEEN,,4000IU,5 vials,Injectable solution for IV/SC use,Arwan Pharmaceutical Industries Lebanon SAL,Raymond Georges Abou Adal & Co,Lebanon,4748243.5,alpeen,true
MED#10775,10775,108621/1,ALPEEN,,"10,000IU",1vial,Injectable solution for IV/SC use,Arwan Pharmaceutical Industries Lebanon SAL,Raymond Georges Abou Adal & Co,Lebanon,4036902.8700000006,alpeen,true
MED#11473,11473,91122/1,ALPEEN,,"40,000IU",1Vial,Injectable solution for IV/SC use,Arwan Pharmaceutical Industries Lebanon SAL,Raymond Georges Abou Adal & Co,Lebanon,11210835.5856,alpeen,true
MED#11692,11692,129323/1,ALPEEN,,"10,000IU",3Vials,Injectable solution for IV/SC use,Arwan Pharmaceutical Industries Lebanon SAL,Raymond Georges Abou Adal & Co,Lebanon,10661284.8216,alpeen,true
MED#8890,8890,70215/1,ALPEEN,,4000IU,10 vials,Injectable solution for IV/SC use,Arwan Pharmaceutical Industries Lebanon SAL,Raymond Georges Abou Adal & Co,Lebanon,8728144.3928,alpeen,true
MED#9830,9830,61819/1,ALPEEN,,4000IU,1 vials,Injectable solution for IV/SC use,Arwan Pharmaceutical Industries Lebanon SAL,Raymond Georges Abou Adal & Co,Lebanon,1127035.9100000001,alpeen,true
MED#11730,11730,85723/1,ALPHAGAN P,,0.15%,5ml,Sterile ophtalmic solution,Allergan,Mersaco,USA,999818.8200000002,alphagan p,true
MED#12203,12203,120124/1,ALPHAGAN P,,0.1%,5ml,Sterile ophtalmic solution,Allergan,Mersaco,USA,999818.8200000002,alphagan p,true
MED#4098,4098,24140/06,ALPHAGAN P,,0.15%,5ml,Sterile ophtalmic solution,Allergan,Mersaco,USA,999818.8200000002,alphagan p,true
MED#11580,11580,119320/1,ALPHANOVA,,0.15%,5ml,Sterile ophtalmic solution,Orchidia Pharmaceutical Industries,Macromed S.A.R.L.,Egypt,599353.755,alphanova,true
MED#11094,11094,98622/1,ALPRAZOLAM BIOGARAN,,0.5mg,30,Comprimés sécables,Egis Pharmaceuticals PLC,Commercial and Trading Ressources SAL (CTR),Hungary,169324.15500000003,alprazolam biogaran,true
MED#11095,11095,98522/1,ALPRAZOLAM BIOGARAN,,0.25mg,30,Comprimés sécables,Egis Pharmaceuticals PLC,Commercial and Trading Ressources SAL (CTR),Hungary,115570.45500000003,alprazolam biogaran,true
MED#4239,4239,195348/04,ALPROX,,1mg,30,Tablet,Algorithm S.A.L.,Droguerie de l'Union,Lebanon,895895.0000000001,alprox,true
MED#4332,4332,148305/03,ALPROX,,0.5mg,30,Tablet,Algorithm S.A.L.,Droguerie de l'Union,Lebanon,383955.00000000006,alprox,true
MED#10377,10377,138419/1,ALTEBREL,,50mg/1ml,4prefilled syringes,Solution for injection,Aryogen Pharmed,Lebiran SARL,Iran,14833766.927700002,altebrel,true
MED#10410,10410,138519/1,ALTEBREL,,25mg/0.5ml,4pre-filled syringes,Solution for injection,Aryogen Pharmed,Lebiran SARL,Iran,27383988.718800005,altebrel,true
MED#10146,10146,22720/1,ALTO D 10.000,,"10,000IU",30,Capsule,Benta SAL,Al Hikma Baalbek Pharmacy,Lebanon,895895.0000000001,alto d 10 000,true
MED#10697,10697,73321/1,ALTUM,,"50,000IU",10,"Capsule, hard",Pharmaline SAL,Pharmaline S.A.L.,Lebanon,712620.48,altum,true
MED#10251,10251,81320/1,ALTUM-D3,,"10,000IU",30,Capsule,Pharmaline SAL,Pharmaline S.A.L.,Lebanon,561342.2100000001,altum d3,true
MED#12501,12501,94825/1,ALTUM-D3,,"50,000IU",10,"Capsule, hard",Pharmaline SAL,Pharmaline S.A.L.,Lebanon,712620.48,altum d3,true
MED#10442,10442,79720/1,ALUNBRIG,,30mg,28,"Tablet, film coated",Takeda Austria GmbH,Century Pharma SAL,Austria,87227356.53843749,alunbrig,true
MED#10443,10443,79820/1,ALUNBRIG,,90mg,28,"Tablet, film coated",Takeda Austria GmbH,Century Pharma SAL,Austria,261678963.15421873,alunbrig,true
MED#10444,10444,79920/1,ALUNBRIG,,180mg,28,"Tablet, film coated",Takeda Austria GmbH,Century Pharma SAL,Austria,409120926.046875,alunbrig,true
MED#4725,4725,27567/94,ALURIC,,300mg,30,"Tablet, scored",Pharmaline SAL,Pharmaline S.A.L.,Lebanon,175339.45000000004,aluric,true
MED#5175,5175,24510/07,ALVIGO,,16mg,60,Tablet,Algorithm S.A.L.,Droguerie de l'Union,Lebanon,1204338.8500000003,alvigo,true
MED#10328,10328,138619/1,ALVOCADE,,3.5mg,1Vial,Powder for injection for IV bolus or SC injection,Nano Fanavaran Darouei Alvand Co (Nano Alvand),Lebiran SARL,Iran,14169600.118800003,alvocade,true
MED#6088,6088,219521/09,ALZEPIL,,5mg,30,Tablet,Mediphar Laboratories,Pharmapro,Lebanon,1406555.1500000001,alzepil,true
MED#6089,6089,219522/09,ALZEPIL,,10mg,30,Tablet,Mediphar Laboratories,Pharmapro,Lebanon,1908256.35,alzepil,true
MED#9130,9130,186117/13,AMANAM 500,,,1 vial,Injection,Swiss Parenterals Ltd,Swiss Pharm S.A.R.L.,India,997131.135,amanam 500,true
MED#10879,10879,28022/1,AMARYL,,1mg,30,Tablet,Sanofi SRL,Mersaco,Italy,231140.91000000006,amaryl,true
MED#10880,10880,27922/1,AMARYL,,2mg,30,Tablet,Sanofi SRL,Mersaco,Italy,233828.595,amaryl,true
MED#10881,10881,27822/1,AMARYL,,3mg,30,Tablet,Sanofi SRL,Mersaco,Italy,392402.01,amaryl,true
MED#10882,10882,27722/1,AMARYL,,4mg,30,Tablet,Sanofi SRL,Mersaco,Italy,392402.01,amaryl,true
MED#9985,9985,20319/1,AMBISOME,,50mg,1,Vial,Gilead Sciences Ireland UC,Khalil Fattal & Fils S.A.L.,Ireland,13126039.883250002,ambisome,true
MED#6706,6706,219295/09,AMEPRIDE,,1mg,30,Tablet,The United Pharmaceutical Manufacturing Co Ltd,Premium Serve Drugstore Co. P.S.D. SAL,Jordan,137071.93500000006,amepride,true
MED#6707,6707,219296/09,AMEPRIDE,,2mg,30,Tablet,The United Pharmaceutical Manufacturing Co Ltd,Premium Serve Drugstore Co. P.S.D. SAL,Jordan,139759.62000000005,amepride,true
MED#6708,6708,219297/09,AMEPRIDE,,3mg,30,Tablet,The United Pharmaceutical Manufacturing Co Ltd,Premium Serve Drugstore Co. P.S.D. SAL,Jordan,215014.80000000005,amepride,true
MED#6709,6709,219298/09,AMEPRIDE,,4mg,30,Tablet,The United Pharmaceutical Manufacturing Co Ltd,Premium Serve Drugstore Co. P.S.D. SAL,Jordan,215014.80000000005,amepride,true
MED#10853,10853,95517/1,AMICINE,,500mg/2ml,5Vials,Solution for infusion for IV or IM injection,MS Pharma,Bellapharma S.A.R.L.,Jordan,1749682.935,amicine,true
MED#6180,6180,24701/07,AMIKACIN SULPHATE,,500mg/2ml,1vialx2ml,Injectable solution,Anfarm Hellas SA,Medi drug International SAL (MDI),Greece,372244.3725,amikacin sulphate,true
MED#12502,12502,139924/1,AMIKACIN-ORBUCELL,,500mg,10Vials x 2ml,Solution for injection,Packed by Pharmadex SAL Lebanon under license from Orbucell Pharma Canada,Pharmadex,Lebanon,3711565.0000000005,amikacin orbucell,true
MED#4416,4416,2237/94,AMINOPHYLLINE,,100mg,100,"Tablet, scored",Mediphar Laboratories,Medapharm Healthcare SAL,Lebanon,445387.80000000005,aminophylline,true
MED#4583,4583,2721,AMINOPHYLLINE ADULTS,,350mg,10,Suppository,Pharmadex,Pharmadex,Lebanon,244451.35000000003,aminophylline adults,true
MED#4593,4593,2722,AMINOPHYLLINE CHILDREN,,100mg,10,Suppository,Pharmadex,Pharmadex,Lebanon,203496.15000000005,aminophylline children,true
MED#2127,2127,G0344/91,AMINOPHYLLINE RENAUDIN,,250mg/10ml,bt 10Ampoules,Sol p perfusion,Renaudin,Minapharm Halabi,France,739113.375,aminophylline renaudin,true
MED#8409,8409,105015/1,AMINOPLASMAL B. BRAUN,,10%,500ml,Infusion solution,B. Braun Melsungen AG,Droguerie de l'Union,Germany,1036102.5674999999,aminoplasmal b braun,true
MED#2473,2473,261021,AMINOVEN 10%,,10%,500ml,Infusion solution,Fresenius Kabi Austria GmbH,Benta Trading Co s.a.l.,Austria,951440.49,aminoven 10,true
MED#6831,6831,97018/12,AMINOVEN INFANT,,10%,1x100ml,Injectable solution for infusion,Fresenius Kabi Austria GmbH,Benta Trading Co s.a.l.,Austria,880216.8374999999,aminoven infant,true
MED#11398,11398,17123/1,AMIODARONE BIOGARAN,,200mg,30,Comprimés sécables,Laboratoires BTT,Commercial and Trading Ressources SAL (CTR),France,345367.5225000001,amiodarone biogaran,true
MED#10779,10779,154820/1,AMLINE,,5mg,30,"Tablet, scored",Pharmaline SAL,Pharmaline S.A.L.,Lebanon,358358.00000000006,amline,true
MED#10780,10780,154920/1,AMLINE,,10mg,30,Tablet,Pharmaline SAL,Pharmaline S.A.L.,Lebanon,662962.3,amline,true
MED#7746,7746,97698/11,AMLO TAD,,5mg,50,Tablet,"Kr Ka, d.d, Novo Mesto",Pharmamedic S.A.R.L.,Slovenia,744488.745,amlo tad,true
MED#12541,12541,98325/1,AMLO-DECURE,,5mg,30,Tablet,UBSA Pharma Industries SARL,Tamipharm,Lebanon,362197.55000000005,amlo decure,true
MED#5074,5074,24384/06,AMLOCARD,,5mg,30,Tablet,Benta SAL,Benta Trading Co s.a.l.,Lebanon,473544.50000000006,amlocard,true
MED#7347,7347,97882/12,AMLOCARD 10,,10mg,30,Tablet,Benta SAL,Benta Trading Co s.a.l.,Lebanon,870298,amlocard 10,true
MED#12014,12014,131924/1,AMLOCOEUR,,5mg,30,Tablet,UBSA Pharma Industries SARL,L. Pharm SAL,Lebanon,362197.55000000005,amlocoeur,true
MED#5586,5586,221157/08,AMLODAR 10,,10mg,28,Capsule,Dar Al Dawa Development & Investment Co Ltd,Sadco,Jordan,671921.25,amlodar 10,true
MED#5585,5585,221156/08,AMLODAR 5,,5mg,28,Capsule,Dar Al Dawa Development & Investment Co Ltd,Sadco,Jordan,362837.47500000003,amlodar 5,true
MED#12546,12546,113225/1,AMLODIPINE ARROW,,5mg,90,Capsule,Inpharmasci SAS,Darapharma S.A.L.,France,1303527.225,amlodipine arrow,true
MED#7273,7273,186364/13,AMLODIPINE ARROW,,10mg,30,Capsule,Inpharmasci SAS,Darapharma S.A.L.,France,462281.82,amlodipine arrow,true
MED#7274,7274,186365/13,AMLODIPINE ARROW,,5mg,30,Capsule,Inpharmasci SAS,Darapharma S.A.L.,France,462281.82,amlodipine arrow,true
MED#11766,11766,69321/1,AMLODIPINE BIOGARAN,,10mg,30,Gélule,Bluepharma Industria Farmaceutica SA,Commercial and Trading Ressources SAL (CTR),Portugal,462281.82,amlodipine biogaran,true
MED#11767,11767,69421/1,AMLODIPINE BIOGARAN,,5mg,30,Gélule,Bluepharma Industria Farmaceutica SA,Commercial and Trading Ressources SAL (CTR),Portugal,462281.82,amlodipine biogaran,true
MED#11871,11871,150821/1,AMLODIPINE/VALSARTAN ARROW,,5mg/80mg,30,Comprimés pelliculés,APL Swift Services (Malta) Limited,Darapharma S.A.L.,Malta,807649.3425000001,amlodipine valsartan arrow,true
MED#11872,11872,150921/1,AMLODIPINE/VALSARTAN ARROW,,5mg/160mg,30,Comprimés pelliculés,APL Swift Services (Malta) Limited,Darapharma S.A.L.,Malta,923219.7975000002,amlodipine valsartan arrow,true
MED#11873,11873,151021/1,AMLODIPINE/VALSARTAN ARROW,,10mg/160mg,30,Comprimés pelliculés,APL Swift Services (Malta) Limited,Darapharma S.A.L.,Malta,923219.7975000002,amlodipine valsartan arrow,true
MED#12545,12545,160025/1,AMLODIPINE/VALSARTAN ARROW,,5mg/160mg,90,"Tablet, film coated",APL Swift Services (Malta) Limited,Darapharma S.A.L.,Malta,2603022.922500001,amlodipine valsartan arrow,true
MED#12582,12582,196425/1,AMLODIPRESS,,5mg,30,Tablet,UBSA Pharma Industries SARL,New Larys Pharm SARL,Lebanon,362197.55000000005,amlodipress,true
MED#12674,12674,48425/1,AMLOKEY,,5mg,30,Tablet,Industria Quimica Farmaceutica Vir SA,Mediterranean Pharmaceutical Company,Spain,349399.0500000001,amlokey,true
MED#8570,8570,1615/1,AMLOKEY,,10mg,30,Tablet,Industria Quimica Farmaceutica Vir SA,Mediterranean Pharmaceutical Company,Spain,397777.3800000001,amlokey,true
MED#5266,5266,222226/07,AMLOPHAR,,5mg,30,"Capsule, hard gelatin",Julphar,Pharmanet Drugstore S.A.R.L.,United Arab Emirates,388370.48250000004,amlophar,true
MED#11926,11926,35322/1,AMLOR,,5mg,30,Capsule,Fareva Amboise,Mectapharm S.A.L.,France,560382.3225,amlor,true
MED#3531,3531,195452/04,AMLOR,,5mg,30,Capsule,Fareva Amboise,Mectapharm S.A.L.,France,560382.3225,amlor,true
MED#6407,6407,167489/10,AMLORINE 10,,,30,Tablet,Remedica Ltd,Droguerie Columbus,Cyprus,959503.545,amlorine 10,true
MED#6471,6471,167490/10,AMLORINE 5,,5mg,30,Tablet,Remedica Ltd,Droguerie Columbus,Cyprus,388370.48250000004,amlorine 5,true
MED#1129,1129,38872/96,AMOCLAN,,156mg,100ml,Suspension,Al-Hikma Pharmaceuticals,Droguerie de l'Union,Jordan,159917.25749999998,amoclan,true
MED#1131,1131,38874/96,AMOCLAN,,375mg,20,Tablet,Al-Hikma Pharmaceuticals,Droguerie de l'Union,Jordan,259361.60249999998,amoclan,true
MED#1104,1104,973992/02,AMOCLAN BID,,1g,14,Tablet,Hikma Pharmaceuticals,Droguerie de l'Union,Jordan,456906.44999999995,amoclan bid,true
MED#1105,1105,208366/02,AMOCLAN BID,,400/57,70ml,Suspension,Hikma Pharmaceuticals,Droguerie de l'Union,Jordan,278175.3975,amoclan bid,true
MED#1106,1106,208365/02,AMOCLAN BID,,200/28.5,70ml,Suspension,Hikma Pharmaceuticals,Droguerie de l'Union,Jordan,345367.5224999999,amoclan bid,true
MED#5384,5384,221974/09,AMOCLAN BID,,600mg,75ml,Suspension,Hikma Pharmaceuticals,Droguerie de l'Union,Jordan,507972.465,amoclan bid,true
MED#1130,1130,38873/96,AMOCLAN FORTE,,312mg,100ml,Suspension,Al-Hikma Pharmaceuticals,Droguerie de l'Union,Jordan,288926.1375,amoclan forte,true
MED#1132,1132,38875/96,AMOCLAN FORTE,,625mg,15,Tablet,Al-Hikma Pharmaceuticals,Droguerie de l'Union,Jordan,170667.9975,amoclan forte,true
MED#12238,12238,55323/1,AMOKLAVIN BID,,1000mg,14,"Tablet, film coated",Deva Holding AS,New Europharm,Turkey,448843.395,amoklavin bid,true
MED#12261,12261,55123/1,AMOKLAVIN BID 400/57MG FORTE,,,70ml,Powder for oral suspension,Deva Holding AS,New Europharm,Turkey,278175.3975,amoklavin bid 400 57mg forte,true
MED#12274,12274,55223/1,AMOKLAVIN ES,,600/42.9mg,100ml,Powder for oral suspension,Deva Holding AS,New Europharm,Turkey,507972.4650000001,amoklavin es,true
MED#6256,6256,167177/10,AMOPRO,,5mg,28,Capsule,SAJA- Saudi Arabia Japanese Pharmaceutical Co,Food & Drug Corporation FDC,Saudi Arabia,362837.4750000001,amopro,true
MED#9157,9157,59217/1,AMOROLFINE BGR,,5%,Flacon de 2.5ml,Vernis a ongle medicamenteux,Creapharm Industry,Commercial and Trading Ressources SAL (CTR),France,753895.6425000001,amorolfine bgr,true
MED#10335,10335,52520/1,AMOS,,20mg,4,Orodispersible films,"CMG Pharmaceutical Co Ltd, Republic of Korea, for Arwan Pharmaceutical Industries Lebanon SAL",Raymond Georges Abou Adal & Co,Lebanon,2175745.0000000005,amos,true
MED#10429,10429,74120/1,AMOS,,10mg,4,Orodispersible films,"CMG Pharmaceutical Co Ltd, Republic of Korea, for Arwan Pharmaceutical Industries Lebanon SAL",Raymond Georges Abou Adal & Co,Lebanon,1662781.1199999999,amos,true
MED#10845,10845,34122/1,AMOS,,5mg,14,Orodispersible films,"CMG Pharmaceutical Co Ltd, Republic of Korea, for Arwan Pharmaceutical Industries Lebanon SAL",Raymond Georges Abou Adal & Co,Lebanon,2743998.4000000004,amos,true
MED#899,899,MP1328/93,AMOXICILLIN,,500mg,10x100Blis,Capsule,Remedica Ltd,Droguerie Columbus,Cyprus,6199145.4525,amoxicillin,true
MED#3944,3944,195254/04,AMOXICILLINA/ ACIDO CLAVULANICO,,1g/200mg,Box of 100Vials,Injectable powder for solution,Laboratorio Reig Jofre SA,Medi drug International SAL (MDI),Spain,16577135.8704,amoxicillina acido clavulanico,true
MED#11800,11800,69124/1,AMOXICILLINE ARROW LAB,,500mg,30,Gélule,APL Swift Services (Malta) Limited,Darapharma S.A.L.,Malta,564413.8500000001,amoxicilline arrow lab,true
MED#11801,11801,69024/1,AMOXICILLINE ARROW LAB,,1g,30,Comprimés dispersibles,APL Swift Services (Malta) Limited,Darapharma S.A.L.,Malta,940689.7500000002,amoxicilline arrow lab,true
MED#7598,7598,186998/14,AMOXICILLINE INJ.,,1g,10,Vial,Panpharma,Minapharm Halabi,France,1173174.5025000002,amoxicilline inj,true
MED#2137,2137,E0343/91,AMOXICILLINE PANPHARMA,,1g,25,Vial,Panpharma,Minapharm Halabi,France,2734719.4875,amoxicilline panpharma,true
MED#10421,10421,45820/1,AMOXICLAV-ORBUCELL,,1.2g,Box of 50Vials,Powder for solution for injection (IV administration),Packed by Pharmadex Lebanon under license from Orbucell pharma Canada,Medi drug International SAL (MDI),Lebanon,7433691.000000001,amoxiclav orbucell,true
MED#11182,11182,130622/1,AMOXIDREX,,500mg,1000,Capsule,Pharmadex,Pharmadex,Lebanon,7332097.223,amoxidrex,true
MED#4615,4615,148352,AMOXIDREX,,500mg,20,Capsule,Pharmadex,Pharmadex,Lebanon,254690.15000000008,amoxidrex,true
MED#4626,4626,974052,AMOXIDREX,,250mg/5ml,100ml,Powder for suspension,Pharmadex,Pharmadex,Lebanon,284126.70000000007,amoxidrex,true
MED#4604,4604,2776,AMOXYCILLIN,,250mg/5ml,60ml,Powder for suspension,Pharmadex,Pharmadex,Lebanon,166380.50000000003,amoxycillin,true
MED#893,893,01912A,AMOXYCILLIN,,500mg,500's (50x10),Capsule,Vogen Laboratories Ltd,Levant Alie Houses S.A.L.,Cyprus,4073186.6174999997,amoxycillin,true
MED#4507,4507,973025,AMOXYDIL,,250mg/5ml,60ml,Powder for suspension,Mephico SAL,Mephico S.A.L.,Lebanon,142063.35000000003,amoxydil,true
MED#4518,4518,973921,AMOXYDIL,,500mg/5ml,60ml,Powder for suspension,Mephico SAL,Mephico S.A.L.,Lebanon,218854.35,amoxydil,true
MED#2139,2139,E0980/92,AMPICILLINE PANPHARMA,,500mg,25 Vials,Injection,Panpharma,Minapharm Halabi,France,1944540.0975,ampicilline panpharma,true
MED#2140,2140,A0341/91,AMPICILLINE PANPHARMA,,1g,25 Vials,Injection,Panpharma,Minapharm Halabi,France,2857009.155,ampicilline panpharma,true
MED#12430,12430,101125/1,AMPIS,,1.5g/vial,Box of 10Vials of 20ml,Powder for solution for injection/infusion,Packed by Pharmadex SAL Lebanon under license from Mitim SRL. Italy,Drugstore 3U S.A.R.L.,Lebanon,18545534.0270424,ampis,true
MED#1352,1352,973940/02,AMYDRAMINE,,,120ml,"Expectorant Syrup, sugar free",Julphar,Pharmanet Drugstore S.A.R.L.,United Arab Emirates,133040.4075,amydramine,true
MED#10545,10545,30020/1,ANAGRELIDE BIOGARAN,,0.5mg,100,gélule,Noucor Health SA,Commercial and Trading Ressources SAL (CTR),Spain,15754068.237600004,anagrelide biogaran,true
MED#11165,11165,21122/1,ANASTROZOL GP PHARM,,1mg,28,"Tablet, film coated","GP-Pharm, SA",Mediterranean Pharmaceutical Company,Spain,1181237.5575,anastrozol gp pharm,true
MED#12273,12273,104223/1,ANASTROZOLE ARROW LAB,,1mg,30,Comprimés pelliculés,APL Swift Services (Malta) Limited,Darapharma S.A.L.,Malta,1552138.0875000006,anastrozole arrow lab,true
MED#11017,11017,51322/1,ANASTROZOLE BIOGARAN,,1mg,30,Comprimés pelliculés,Bluepharma Industria Farmaceutica SA,Commercial and Trading Ressources SAL (CTR),Portugal,3800386.590000001,anastrozole biogaran,true
MED#12275,12275,97924/1,ANCAVAZ,,5/10mg,30,"Tablet, film coated",Zeta Pharma for Pharmaceutical Industries,Mazen Pharm Pharmaceutical Company SARL,Egypt,669233.5650000003,ancavaz,true
MED#12276,12276,98024/1,ANCAVAZ,,5/5mg,30,"Tablet, film coated",Zeta Pharma for Pharmaceutical Industries,Mazen Pharm Pharmaceutical Company SARL,Egypt,491846.3550000001,ancavaz,true
MED#7389,7389,185958/13,ANDARAN,,300mg,28,"Tablet, film coated","Pharmaline (Packing) under license from Sandoz, Austria",Khalil Fattal & Fils S.A.L.,Lebanon,940434.6521570001,andaran,true
MED#7390,7390,185959/13,ANDARAN,,150mg,28,"Tablet, film coated","Pharmaline (Packing) under license from Sandoz, Austria",Khalil Fattal & Fils S.A.L.,Lebanon,940434.6521570001,andaran,true
MED#7386,7386,185988/13,ANDARAN PLUS,,300mg/12.5mg,28,"Tablet, film coated","Pharmaline (Packing) under license from Sandoz, Austria",Khalil Fattal & Fils S.A.L.,Lebanon,598050.6532000001,andaran plus,true
MED#7387,7387,185989/13,ANDARAN PLUS,,300mg/25mg,28,"Tablet, film coated","Pharmaline (Packing) under license from Sandoz, Austria",Khalil Fattal & Fils S.A.L.,Lebanon,940434.6521570001,andaran plus,true
MED#7388,7388,185987/13,ANDARAN PLUS,,150mg/12.5mg,28,"Tablet, film coated","Pharmaline (Packing) under license from Sandoz, Austria",Khalil Fattal & Fils S.A.L.,Lebanon,598050.6532000001,andaran plus,true
MED#11754,11754,88422/1,ANDAZOL,,200mg,6,"Tablet, film coated",Biofarma Ilac San. ve Tic. AS,BroadMed SAL,Turkey,302364.56250000006,andazol,true
MED#6822,6822,218835/09,ANDESART 16,,16mg,30,Tablet,The Jordanian Pharmaceutical Manufacturing Co. (JPM),C. Catafago & Co,Jordan,665202.0375,andesart 16,true
MED#6823,6823,218834/09,ANDESART 8,,8mg,30,Tablet,The Jordanian Pharmaceutical Manufacturing Co. (JPM),C. Catafago & Co,Jordan,498565.5675000001,andesart 8,true
MED#7555,7555,187342/13,ANESTOCIL,,0.4%,10ml,Eye drops solution,Laboratorio Edol Produtos Farmaceuticos SA,Abela Frères S.A.L.,Portugal,442124.1825,anestocil,true
MED#7045,7045,167488/10,ANGINET,,80mg,30,"Tablet, film coated",The United Pharmaceutical Manufacturing Co Ltd,Premium Serve Drugstore Co. P.S.D. SAL,Jordan,387026.64,anginet,true
MED#7046,7046,167487/10,ANGINET,,160mg,30,"Tablet, film coated",The United Pharmaceutical Manufacturing Co Ltd,Premium Serve Drugstore Co. P.S.D. SAL,Jordan,544256.2124999999,anginet,true
MED#2576,2576,20112,ANGINOVAG,,,10ml,Aerosol,Ferrer Internacional SA,Spephal S.A.L.,Spain,643700.5575,anginovag,true
MED#10009,10009,151718/1,ANGIOFLUX,,250LRU,50,"Capsule, soft",Mipharm SpA,Pharmamedic S.A.R.L.,Italy,1999637.6400000004,angioflux,true
MED#10223,10223,83617/1,ANGIOSAR,,160mg/10mg,30,"Tablet, film coated",Dar Al Dawa Development & Investment Co Ltd,Sadco,Jordan,857371.515,angiosar,true
MED#11374,11374,1181/1,ANGIOSAR PLUS,,320mg/10mg/25mg,30,"Tablet, film coated",Dar Al Dawa Development & Investment Co Ltd,Sadco,Jordan,1689210.0225000002,angiosar plus,true
MED#10193,10193,15319/1,ANODYNE 500,,500mg,10,rectal suppository,Aburaihan Pharmaceutical Company,Ibn Sina Pharm SARL,Iran,342679.83749999997,anodyne 500,true
MED#10145,10145,119619/1,ANORO ELLIPTA,,62.5/25mcg,30doses,Inhalation powder pre-dispensed,"Pharmaline SAL Licensed by Glaxo SmithKline Export Ltd , UK",Abela Frères S.A.L.,Lebanon,5367773.514532001,anoro ellipta,true
MED#7730,7730,186054/13,ANSIMAR,,20mg/ml,200ml,Syrup,ABC Farmaceutici SpA,Macromed S.A.R.L.,Italy,550975.425,ansimar,true
MED#7731,7731,186055/13,ANSIMAR,,400mg,20,Tablet,ABC Farmaceutici SpA,Macromed S.A.R.L.,Italy,544256.2124999999,ansimar,true
MED#4573,4573,22322,ANTALPEN,,500mg,20,Capsule,Pharmadex,Pharmadex,Lebanon,285406.55000000005,antalpen,true
MED#4575,4575,19218,ANTALPEN,,125mg/5ml,60ml,Powder for suspension,Pharmadex,Pharmadex,Lebanon,174059.60000000003,antalpen,true
MED#4644,4644,19215,ANTALPEN,,250mg,16,Capsule,Pharmadex,Pharmadex,Lebanon,218854.35,antalpen,true
MED#4574,4574,19812,ANTALPEN FORTE,,250mg/5ml,60ml,Powder for suspension,Pharmadex,Pharmadex,Lebanon,206055.84999999998,antalpen forte,true
MED#7124,7124,96680/12,ANTARENE CODEINE,,200mg/30mg,20,Comprimés pelliculés,Elerte,Pharmamedic S.A.R.L.,France,255330.075,antarene codeine,true
MED#7930,7930,116214/1,ANTIPAN,,20mg/ml,5Ampoules x 1ml,Injectable solution IV/IM/SC,Arwan Pharmaceutical Industries Lebanon SAL,Raymond Georges Abou Adal & Co,Lebanon,355798.3000000001,antipan,true
MED#9086,9086,63317/1,ANTIPAN,,20mg/ml,50Ampoules x 1ml,Injectable solution IV/IM/SC,Arwan Pharmaceutical Industries Lebanon SAL,Raymond Georges Abou Adal & Co,Lebanon,2557140.3000000003,antipan,true
MED#6267,6267,167816/11,ANTIPLEX,,75mg,30,"Tablet, film coated",Dar Al Dawa Development & Investment Co Ltd,Sadco,Jordan,1295464.1700000002,antiplex,true
MED#11924,11924,33623/1,ANTROLIN,,0.3% + 1.5%,30g,Cream for rectal use,New F.A. DEM SRL,L. Pharm SAL,Italy,1333091.7600000002,antrolin,true
MED#12484,12484,33623/1,ANTROLIN,,0.3% + 1.5%,30g,Cream for rectal use,Neopharmed Gentili SpA,L. Pharm SAL,Italy,1333091.7600000002,antrolin,true
MED#4364,4364,208365/97,ANXYL,,3mg,20,"Tablet, scored",Mediphar Laboratories,Mediphar,Lebanon,167660.35000000003,anxyl,true
MED#6753,6753,167639/10,API-CIPROCIN,,,10ml,Eye/Ear drops,Amman Pharmaceutical Industries Co,Germanos Health Care Supplies SARL,Jordan,530817.7875,api ciprocin,true
MED#10542,10542,36118/1,API-LOPROST,,0.005%,2.5ml,Eye drops,Amman Pharmaceutical Industries,Germanos Health Care Supplies SARL,Jordan,447499.5525000001,api loprost,true
MED#7530,7530,96204/11,API-MUCOL,,,200ml,Syrup,Amman Pharmaceutical Industries Co Ltd,Germanos Health Care Supplies SARL,Jordan,326553.72750000004,api mucol,true
MED#6752,6752,167463/10,API-TOBRASON,,,5ml,Eye suspension,Amman Pharmaceutical Industries Co,Germanos Health Care Supplies SARL,Jordan,294301.5075,api tobrason,true
MED#8363,8363,186285/13,API-TOBRASON,,,5g,Eye Ointment,API (Amman Pharmaceutical Industries Co),Germanos Health Care Supplies SARL,Jordan,243235.49250000002,api tobrason,true
MED#5262,5262,23723/06,APIDRA,,100IU/ml,1x10ml,Injectable solution in Vial,Sanofi Aventis Deutschland GmbH,Mersaco,Germany,2221371.652500001,apidra,true
MED#5263,5263,24863/07,APIDRA SOLOSTAR,,100IU/ml,5 Prefilled pen x3ml,Injectable solution,Sanofi Aventis Deutschland GmbH,Mersaco,Germany,3942833.8950000005,apidra solostar,true
MED#12100,12100,134524/1,APIXEL,,2.5mg,60,"Tablet, film coated",Pharmaline SAL,Pharmaline S.A.L.,Lebanon,1750578.8299999998,apixel,true
MED#12101,12101,134424/1,APIXEL,,5mg,60,"Tablet, film coated",Pharmaline SAL,Pharmaline S.A.L.,Lebanon,1750578.8299999998,apixel,true
MED#9492,9492,18316/1,APIZINE,,,100ml,Syrup,Mediphar Laboratories,Pharmapro,Lebanon,505540.7500000001,apizine,true
MED#11552,11552,120421/1,APO-ABIRATERONE,,500mg,60,"Tablet, film coated",Apotex Inc,Promopharm S.A.R.L.,Canada,46110590.127126,apo abiraterone,true
MED#5542,5542,221408/08,APO-ALENDRONATE,,70mg,4,Tablet,Apotex Inc,Promopharm S.A.R.L.,Canada,981005.0250000001,apo alendronate,true
MED#5983,5983,218866/09,APO-ALFUZOSIN,,10mg,100,Tablet,Apotex Inc,Promopharm S.A.R.L.,Canada,2331566.7375000003,apo alfuzosin,true
MED#974,974,MP CA 581/91,APO-ALLOPURINOL,,100mg,100,Tablet,Apotex Inc,Promopharm S.A.R.L.,Canada,369556.6875,apo allopurinol,true
MED#975,975,MP CB 581/91,APO-ALLOPURINOL,,300mg,100,Tablet,Apotex Inc,Promopharm S.A.R.L.,Canada,720299.5800000001,apo allopurinol,true
MED#7650,7650,29014/1,APO-ANASTROZOLE,,1mg,30,Tablet,Apotex Inc,Promopharm S.A.R.L.,Canada,2615117.505,apo anastrozole,true
MED#11589,11589,27823/1,APO-APIXABAN,,5mg,60,Tablet,Apotex Inc,Promopharm S.A.R.L.,Canada,3084118.5375,apo apixaban,true
MED#11590,11590,27923/1,APO-APIXABAN,,2.5mg,60,Tablet,Apotex Inc,Promopharm S.A.R.L.,Canada,3084118.5375,apo apixaban,true
MED#978,978,261444/97,APO-ATENOL,,50mg,30,Tablet,Apotex Inc,Promopharm S.A.R.L.,Canada,327897.57,apo atenol,true
MED#11099,11099,47121/1,APO-ATOMOXETINE,,10mg,30,Capsule,Apotex Inc,Promopharm S.A.R.L.,Canada,2981986.5075000008,apo atomoxetine,true
MED#11100,11100,47221/1,APO-ATOMOXETINE,,25mg,30,Capsule,Apotex Inc,Promopharm S.A.R.L.,Canada,3703629.93,apo atomoxetine,true
MED#11101,11101,47321/1,APO-ATOMOXETINE,,40mg,30,Capsule,Apotex Inc,Promopharm S.A.R.L.,Canada,4114845.7350000013,apo atomoxetine,true
MED#11102,11102,47421/1,APO-ATOMOXETINE,,60mg,30,Capsule,Apotex Inc,Promopharm S.A.R.L.,Canada,4731669.442500001,apo atomoxetine,true
MED#6092,6092,167503/10,APO-ATORVASTATIN,,10mg,30,Tablet,Apotex Inc,Promopharm S.A.R.L.,Canada,889623.7350000002,apo atorvastatin,true
MED#6093,6093,167502/10,APO-ATORVASTATIN,,20mg,30,Tablet,Apotex Inc,Promopharm S.A.R.L.,Canada,1088378.04075,apo atorvastatin,true
MED#6094,6094,167501/10,APO-ATORVASTATIN,,40mg,30,Tablet,Apotex Inc,Promopharm S.A.R.L.,Canada,1405390.4864999999,apo atorvastatin,true
MED#5981,5981,219288/09,APO-AZITHROMYCIN Z,,250mg,6,Tablet,Apotex Inc,Promopharm S.A.R.L.,Canada,481095.615,apo azithromycin z,true
MED#5951,5951,221990/09,APO-BISOPROLOL,,5mg,100,Tablet,Apotex Inc,Promopharm S.A.R.L.,Canada,923219.7975000002,apo bisoprolol,true
MED#3819,3819,27352,APO-CAPTO,,25mg,100,Tablet,Apotex Inc,Promopharm S.A.R.L.,Canada,1132859.2274999998,apo capto,true
MED#3820,3820,27353,APO-CAPTO,,50mg,100,Tablet,Apotex Inc,Promopharm S.A.R.L.,Canada,1752370.6199999996,apo capto,true
MED#983,983,MP HO 581/91,APO-CARBAMAZEPINE,,200mg,100,Tablet,Apotex Inc,Promopharm S.A.R.L.,Canada,727018.7925000002,apo carbamazepine,true
MED#5982,5982,219461/09,APO-CLOPIDOGREL,,75mg,30,Tablet,Apotex Inc,Promopharm S.A.R.L.,Canada,911125.2150000002,apo clopidogrel,true
MED#11103,11103,21521/1,APO-DASATINIB,,70mg,30,Tablet,Apotex Inc,Promopharm S.A.R.L.,Canada,71323688.184399,apo dasatinib,true
MED#11104,11104,21421/1,APO-DASATINIB,,50mg,30,Tablet,Apotex Inc,Promopharm S.A.R.L.,Canada,71323688.184399,apo dasatinib,true
MED#11105,11105,21321/1,APO-DASATINIB,,20mg,30,Tablet,Apotex Inc,Promopharm S.A.R.L.,Canada,57771855.459671855,apo dasatinib,true
MED#3822,3822,27355,APO-DILTIAZ,,60mg,100,Tablet,Apotex Inc,Promopharm S.A.R.L.,Canada,545600.055,apo diltiaz,true
MED#12355,12355,148623/1,APO-ELTROMBOPAG,,25mg,28,Tablet,Apotex Inc,Promopharm S.A.R.L.,Canada,41496211.4175,apo eltrombopag,true
MED#12356,12356,148523/1,APO-ELTROMBOPAG,,50mg,28,Tablet,Apotex Inc,Promopharm S.A.R.L.,Canada,75952886.96953124,apo eltrombopag,true
MED#10822,10822,90618/1,APO-ENTECAVIR,,0.5mg,30,Tablet,Apotex Inc,Promopharm S.A.R.L.,Canada,28943286.573600005,apo entecavir,true
MED#10820,10820,145320/1,APO-ERLOTINIB,,150mg,30,Tablet,Apotex Inc,Promopharm S.A.R.L.,Canada,91523228.79828516,apo erlotinib,true
MED#10821,10821,145220/1,APO-ERLOTINIB,,100mg,30,Tablet,Apotex Inc,Promopharm S.A.R.L.,Canada,79672725.92160001,apo erlotinib,true
MED#8753,8753,35116/1,APO-ESCITALOPRAM,,10mg,30,Tablet,Apotex Inc,Promopharm S.A.R.L.,Canada,565757.6925,apo escitalopram,true
MED#8754,8754,35216/1,APO-ESCITALOPRAM,,20mg,30,Tablet,Apotex Inc,Promopharm S.A.R.L.,Canada,1087168.5825000003,apo escitalopram,true
MED#988,988,MP MO 581/91,APO-FUROSEMIDE,,40mg,100,Tablet,Apotex Inc,Promopharm S.A.R.L.,Canada,862746.885,apo furosemide,true
MED#6635,6635,167485/10,APO-GABAPENTIN,,300mg,100,Capsule,Apotex Inc,Promopharm S.A.R.L.,Canada,2260343.0850000004,apo gabapentin,true
MED#10823,10823,95720/1,APO-GEFITINIB,,250mg,30,Tablet,Apotex Inc,Promopharm S.A.R.L.,Canada,87345820.01496093,apo gefitinib,true
MED#7884,7884,149914/1,APO-IMATINIB,,100mg,30,Tablet,Apotex Inc,Promopharm S.A.R.L.,Canada,18838684.090800002,apo imatinib,true
MED#12357,12357,79022/1,APO-LENALIDOMIDE,,5mg,28,Capsule,Apotex Inc,Promopharm S.A.R.L.,Canada,49795453.701,apo lenalidomide,true
MED#12358,12358,78922/1,APO-LENALIDOMIDE,,10mg,28,Capsule,Apotex Inc,Promopharm S.A.R.L.,Canada,53945074.842750005,apo lenalidomide,true
MED#12359,12359,78822/1,APO-LENALIDOMIDE,,15mg,21,Capsule,Apotex Inc,Promopharm S.A.R.L.,Canada,56434847.52780001,apo lenalidomide,true
MED#12360,12360,78722/1,APO-LENALIDOMIDE,,25mg,21,Capsule,Apotex Inc,Promopharm S.A.R.L.,Canada,58924620.21285001,apo lenalidomide,true
MED#7317,7317,185831/13,APO-LETROZOLE,,2.5mg,30,Tablet,Apotex Inc,Promopharm S.A.R.L.,Canada,1962010.05,apo letrozole,true
MED#8998,8998,150816/1,APO-OLANZAPINE ODT,,5mg,30,Orally desintegrating tablets,Apotex Inc,Promopharm S.A.R.L.,Canada,1463444.4825000006,apo olanzapine odt,true
MED#8999,8999,150916/1,APO-OLANZAPINE ODT,,10mg,30,Orally desintegrating tablets,Apotex Inc,Promopharm S.A.R.L.,Canada,2422948.027500001,apo olanzapine odt,true
MED#9591,9591,34918/1,APO-ONDANSETRON,,8mg,10,Tablet,Apotex Inc,Promopharm S.A.R.L.,Canada,1491665.175,apo ondansetron,true
MED#6001,6001,219571/09,APO-PAROXETINE,,20mg,30,Tablet,Apotex Inc,Promopharm S.A.R.L.,Canada,983692.7100000002,apo paroxetine,true
MED#3571,3571,208659/03,APO-PRAVASTATIN,,40mg,30,Tablet,Apotex Inc,Promopharm S.A.R.L.,Canada,958159.7024999999,apo pravastatin,true
MED#3579,3579,208658/03,APO-PRAVASTATIN,,20mg,30,Tablet,Apotex Inc,Promopharm S.A.R.L.,Canada,775397.1225,apo pravastatin,true
MED#1001,1001,MP VA 581/91,APO-PROPRANOLOL,,10mg,100,Tablet,Apotex Inc,Promopharm S.A.R.L.,Canada,411215.805,apo propranolol,true
MED#1002,1002,MP VB 581/91,APO-PROPRANOLOL,,40mg,100,Tablet,Apotex Inc,Promopharm S.A.R.L.,Canada,514691.67749999993,apo propranolol,true
MED#5669,5669,221713/08,APO-RAMIPRIL,,5mg,30,Capsule,Apotex Inc,Promopharm S.A.R.L.,Canada,794210.9175,apo ramipril,true
MED#5670,5670,221714/08,APO-RAMIPRIL,,10mg,30,Capsule,Apotex Inc,Promopharm S.A.R.L.,Canada,1178549.8725,apo ramipril,true
MED#6340,6340,96388/11,APO-RAMIPRIL,,2.5mg,30,Capsule,Apotex Inc,Promopharm S.A.R.L.,Canada,463625.6625000001,apo ramipril,true
MED#7576,7576,185986/13,APO-RISEDRONATE,,150mg,1,Tablet,Apotex Inc,Promopharm S.A.R.L.,Canada,925907.4825,apo risedronate,true
MED#7496,7496,186099/13,APO-ROSUVASTATIN,,10mg,30,Tablet,Apotex Inc,Promopharm S.A.R.L.,Canada,599353.755,apo rosuvastatin,true
MED#7497,7497,186100/13,APO-ROSUVASTATIN,,20mg,30,Tablet,Apotex Inc,Promopharm S.A.R.L.,Canada,599353.755,apo rosuvastatin,true
MED#7498,7498,186101/13,APO-ROSUVASTATIN,,40mg,30,Tablet,Apotex Inc,Promopharm S.A.R.L.,Canada,599353.755,apo rosuvastatin,true
MED#10562,10562,62920/1,APO-TADALAFIL,,20mg,4,Tablet,Apotex Inc,Promopharm S.A.R.L.,Canada,1111357.7474999998,apo tadalafil,true
MED#10563,10563,63020/1,APO-TADALAFIL,,10mg,4,Tablet,Apotex Inc,Promopharm S.A.R.L.,Canada,888279.8925000001,apo tadalafil,true
MED#9244,9244,25117/1,APO-TADALAFIL,,5mg,30,Tablet,Apotex Inc,Promopharm S.A.R.L.,Canada,1635456.3225,apo tadalafil,true
MED#7316,7316,187401/13,APO-TAMSULOSIN CR,,0.4mg,30,Tablet,Apotex Inc,Promopharm S.A.R.L.,Canada,607416.8099999998,apo tamsulosin cr,true
MED#5589,5589,221407/08,APO-TERBINAFINE,,250mg,30,Tablet,Apotex Inc,Promopharm S.A.R.L.,Canada,1409690.7825,apo terbinafine,true
MED#3570,3570,208656/03,APOTHECARE LORATADINE,,10mg,30,Tablet,Apotex Inc,Promopharm S.A.R.L.,Canada,430029.6000000001,apothecare loratadine,true
MED#10342,10342,186919/1,APREPITANT BIOGARAN,,80mg,2,Gélule,Rontis Hellas Medical and Pharmaceutical Products SA,Commercial and Trading Ressources SAL (CTR),Greece,1986199.2150000003,aprepitant biogaran,true
MED#10343,10343,187019/1,APREPITANT BIOGARAN 125MG APREPITANT BIOGARAN 80MG,,1Gélule 125mg +2Gélules 80mg,1+2,Gélule,Rontis Hellas Medical and Pharmaceutical Products SA,Commercial and Trading Ressources SAL (CTR),Greece,2980642.6650000005,aprepitant biogaran 125mg aprepitant biogaran 80mg,true
MED#11379,11379,153921/1,APRIVA,,30mg,60,"Tablet, film coated",Hikma Pharmaceuticals,Droguerie Mercury S.A.L.,Jordan,41455526.301,apriva,true
MED#11378,11378,153821/1,APRIVA STARTER PACK,,"10mg, 20mg, 30mg",29,"Tablet, film coated",Hikma Pharmaceuticals,Droguerie Mercury S.A.L.,Jordan,22154866.372800004,apriva starter pack,true
MED#10871,10871,27422/1,APROVEL,,150mg,28,"Tablet, film coated",Sanofi Winthrop Industrie,Mersaco,France,651763.6125,aprovel,true
MED#10872,10872,26722/1,APROVEL,,300mg,28,"Tablet, film coated",Sanofi Winthrop Industrie,Mersaco,France,651763.6125,aprovel,true
MED#11901,11901,128623/1,APROVEL,,150mg,28,"Tablet, film coated",Sanofi Winthrop Industrie,Mersaco,France,651763.6125,aprovel,true
MED#11902,11902,128723/1,APROVEL,,300mg,28,"Tablet, film coated",Sanofi Winthrop Industrie,Mersaco,France,651763.6125,aprovel,true
MED#9263,9263,83217/1,ARACENAC,,100mg,20,"Tablet, film coated",Arafarma Group SA,Ecopharm,Spain,330585.25500000006,aracenac,true
MED#6909,6909,96585/12,ARAGAM,,5g/100ml,,Solution for infusion,Sanquin Plasma Products BV,Droguerie Solupharm SAL,The Netherlands,40075574.9106529,aragam,true
MED#8923,8923,47016/1,ARAPRIDE,,20mg,28,"Capsule, hard, gastro-resistant",Arafarma Group SA,Medis Pharm Drugstore,Spain,427341.91500000004,arapride,true
MED#12223,12223,106023/1,ARATRO,,500mg,Box of 3,"Tablet, film coated",Arafarma Group SA,Medis Pharm Drugstore,Spain,485127.1425000001,aratro,true
MED#12224,12224,105523/1,ARATRO,,200mg/5ml,Bottle of 30ml,Powder for oral suspension,Arafarma Group SA,Medis Pharm Drugstore,Spain,765990.2250000002,aratro,true
MED#12225,12225,105623/1,ARATRO,,200mg/5ml,Bottle of 15ml,Powder for oral suspension,Arafarma Group SA,Medis Pharm Drugstore,Spain,403152.7500000001,aratro,true
MED#2156,2156,405421/00,ARAVA,,10mg,30,"Tablet, film coated",Opella Healthcare International SAS,Mersaco,France,2230778.5500000003,arava,true
MED#2157,2157,405419/00,ARAVA,,20mg,30,"Tablet, film coated",Opella Healthcare International SAS,Mersaco,France,3346167.8250000007,arava,true
MED#6855,6855,168103/10,ARBITEN 160,,160mg,30,Tablet,Joswe Medical (Jordan Sweden Medical and Sterilization Co),Eva Pharm Plus,Jordan,544256.2124999999,arbiten 160,true
MED#6477,6477,168101/10,ARBITEN 80,,80mg,30,Tablet,Joswe Medical (Jordan Sweden Medical and Sterilization Co),Eva Pharm Plus,Jordan,387026.6400000001,arbiten 80,true
MED#8032,8032,24914/1,ARBITEN AM 10/160,,10/160mg,30,"Caplet, film coated",Joswe Medical (Jordan Sweden Medical and Sterilization Co),Eva Pharm Plus,Jordan,857371.515,arbiten am 10 160,true
MED#8033,8033,24814/1,ARBITEN AM 5/160,,5/160mg,30,"Caplet, film coated",Joswe Medical (Jordan Sweden Medical and Sterilization Co),Eva Pharm Plus,Jordan,857371.515,arbiten am 5 160,true
MED#11115,11115,160016/1,ARBITEN AM PLUS,,160/5/12.5,30,Tablet,Joswe Medical,Eva Pharm Plus,Jordan,857371.515,arbiten am plus,true
MED#6478,6478,168104/10,ARBITEN PLUS,,160/12.5mg,30,Tablet,Joswe Medical (Jordan Sweden Medical and Sterilization Co),Eva Pharm Plus,Jordan,544256.2124999999,arbiten plus,true
MED#6854,6854,168105/10,ARBITEN PLUS,,160/25mg,30,Tablet,Joswe Medical (Jordan Sweden Medical and Sterilization Co),Eva Pharm Plus,Jordan,579196.1174999998,arbiten plus,true
MED#9589,9589,33818/1,ARBIVASTEL,,80mg,28,Tablet,Neuraxpharm Pharmaceuticals SL,Mediterranean Pharmaceutical Company,Spain,667889.7225,arbivastel,true
MED#8142,8142,186823/14,ARCHIFAR,,1g,10Vials,Injectable powder for solution/Infusion,Medochemie Ltd,New Allpharma,Cyprus,6443724.787500001,archifar,true
MED#8143,8143,186824/14,ARCHIFAR,,500mg,10Vials,Injectable powder for solution/Infusion,Medochemie Ltd,New Allpharma,Cyprus,6443724.787500001,archifar,true
MED#10504,10504,193019/1,ARCOXIA,,60mg,28,"Tablet, film coated",Rovi Pharma Industrial Services SA,Droguerie de l'Union,Spain,993099.6075,arcoxia,true
MED#10505,10505,193419/1,ARCOXIA,,90mg,28,"Tablet, film coated",Rovi Pharma Industrial Services SA,Droguerie de l'Union,Spain,1608579.4725,arcoxia,true
MED#10506,10506,192519/1,ARCOXIA,,120mg,7,"Tablet, film coated",Rovi Pharma Industrial Services SA,Droguerie de l'Union,Spain,482439.45749999996,arcoxia,true
MED#12198,12198,143924/1,ARDBEG 80MG ADULTS,,,30Sachets,Powder for oral solution,LA.FA.RE. S.R.L.,New Europharm,Italy,634293.66,ardbeg 80mg adults,true
MED#5545,5545,194453/05,ARDINECLAV-ORBUCELL,,875/125mg,14,Tablet,Pharmadex licensed by Laboratorio Reig. Jofre. SA Spain,Pharmadex,Lebanon,502981.05000000005,ardineclav orbucell,true
MED#8960,8960,115916/1,ARICEPT,,5mg,28,Comprimé pelliculé,Fareva Amboise,Droguerie Fattal S.A.L.,France,3254786.534999999,aricept,true
MED#8961,8961,115816/1,ARICEPT,,10mg,28,Comprimé pelliculé,Fareva Amboise,Droguerie Fattal S.A.L.,France,3776197.425,aricept,true
MED#10916,10916,43821/1,ARIMIDEX,,1mg,28,"Tablet, film coated",Haupt Pharma GmbH,Omnipharma,Germany,3202376.6774999998,arimidex,true
MED#8467,8467,115615/1,ARIPEZIL 10,,10mg,30,"Tablet, film coated",Benta SAL,Benta Trading Co s.a.l.,Lebanon,2292595.305,aripezil 10,true
MED#8466,8466,113215/1,ARIPEZIL 5,,5mg,30,"Tablet, film coated",Benta SAL,Benta Trading Co s.a.l.,Lebanon,1970969,aripezil 5,true
MED#8935,8935,121616/1,ARIPIPAN,,10mg,30,Tablet,"KrKa, dd, Novo Mesto",Pharmamedic S.A.R.L.,Slovenia,839901.5625000002,aripipan,true
MED#8936,8936,121716/1,ARIPIPAN,,15mg,30,Tablet,"KrKa, dd, Novo Mesto",Pharmamedic S.A.R.L.,Slovenia,839901.5625000002,aripipan,true
MED#12685,12685,7825/1,ARIXTRA,,2.5mg/0.5ml,10Prefilled syringes,Solution for injection,Aspen Notre Dame de Bondeville,Abela Frères S.A.L.,France,2369194.3275,arixtra,true
MED#12686,12686,111725/1,ARIXTRA,,7.5mg/0.6ml,10Prefilled syringes,Solution for injection,Aspen Notre Dame de Bondeville,Abela Frères S.A.L.,France,5171061.301875001,arixtra,true
MED#8832,8832,142116/1,ARIXTRA,,2.5mg/0.5ml,10Prefilled syringes,Solution for injection,Aspen Notre Dame de Bondeville,Abela Frères S.A.L.,France,5341773.9375,arixtra,true
MED#9359,9359,176017/1,ARIXTRA,,7.5mg/0.6ml,10Prefilled syringes,Solution for injection,Aspen Notre Dame de Bondeville,Abela Frères S.A.L.,France,12004667.595900001,arixtra,true
MED#11275,11275,129422/1,ARKANDA 16,,16mg,30,Tablet,Benta SAL,Benta Trading Co s.a.l.,Lebanon,639925,arkanda 16,true
MED#11274,11274,129222/1,ARKANDA 8,,8mg,30,Tablet,Benta SAL,Benta Trading Co s.a.l.,Lebanon,478663.9000000001,arkanda 8,true
MED#11277,11277,150322/1,ARKANDA PLUS 16/12.5,,16mg/12.5mg,30,Tablet,Benta SAL,Benta Trading Co s.a.l.,Lebanon,642484.7000000001,arkanda plus 16 12 5,true
MED#10903,10903,158519/1,AROPEM,,1g,1Vial,Sterile powder for solution for IV injection or infusion,"Savior Lifetec Corporation, Taiwan for Arwan Pharmaceutical Industries Lebanon SAL",Raymond Georges Abou Adal & Co,Lebanon,995723.3000000003,aropem,true
MED#10904,10904,158619/1,AROPEM,,0.5g,1Vial,Sterile powder for solution for IV injection or infusion,"Savior Lifetec Corporation, Taiwan for Arwan Pharmaceutical Industries Lebanon SAL",Raymond Georges Abou Adal & Co,Lebanon,995723.3000000003,aropem,true
MED#10926,10926,50722/1,AROPEM,,0.5g,1Vial,Sterile powder for solution for IV injection or infusion,"ACS Dobfar SpA, Italy for Arwan Pharmaceutical Industries Lebanon SAL",Raymond Georges Abou Adal & Co,Lebanon,995723.3000000003,aropem,true
MED#10927,10927,50822/1,AROPEM,,1g,1Vial,Sterile powder for solution for IV injection or infusion,"ACS Dobfar SpA, Italy for Arwan Pharmaceutical Industries Lebanon SAL",Raymond Georges Abou Adal & Co,Lebanon,995723.3000000003,aropem,true
MED#11562,11562,158223/1,AROPEM,,0.5g,24Vial,Sterile powder for solution for IV injection or infusion,"ACS Dobfar SpA, Italy for Arwan Pharmaceutical Industries Lebanon SAL",Raymond Georges Abou Adal & Co,Lebanon,19022726.664,aropem,true
MED#11563,11563,158323/1,AROPEM,,1g,24Vial,Sterile powder for solution for IV injection or infusion,"ACS Dobfar SpA, Italy for Arwan Pharmaceutical Industries Lebanon SAL",Raymond Georges Abou Adal & Co,Lebanon,19022726.664,aropem,true
MED#6893,6893,96606/12,AROPEM,,0.5g,1Vial,Sterile powder for solution for IV injection or infusion,Zambon Switzerland Ltd Switzerland for Arwan Pharmaceutical Industries Lebanon SAL,Raymond Georges Abou Adal & Co,Lebanon,995723.3000000003,aropem,true
MED#6894,6894,96607/12,AROPEM,,1g,1Vial,Sterile powder for solution for IV injection or infusion,Zambon Switzerland Ltd Switzerland for Arwan Pharmaceutical Industries Lebanon SAL,Raymond Georges Abou Adal & Co,Lebanon,995723.3000000003,aropem,true
MED#10499,10499,165919/1,AROTAN,,10mg,30,"Tablet, film coated",Haupt Pharma Munster GmbH,Droguerie R. Pharaon & Fils S.A.L.,Germany,1527948.9225,arotan,true
MED#10500,10500,166019/1,AROTAN,,20mg,30,"Tablet, film coated",Haupt Pharma Munster GmbH,Droguerie R. Pharaon & Fils S.A.L.,Germany,2014419.9075,arotan,true
MED#11992,11992,53722/1,AROX,,0.5%,5ml,eye drops,Jamjoom Pharmaceuticals Co,Droguerie Mercury S.A.L.,Saudi Arabia,423310.3875,arox,true
MED#12020,12020,133724/1,ART,,50mg,30,Gelules,Macors,Wellpharm,France,1146297.6525000003,art,true
MED#10940,10940,187219/1,ARTICAINE MEDIS ADRENALINE,,1/100000,50Cartriges of 1.8ml (articaine+adrenaline),Injectable solution,Les Laboratoires Medis SA,Medis Pharm Drugstore,Tunisia,1881379.4999999998,articaine medis adrenaline,true
MED#12030,12030,67224/1,ARTINIBSA 4% WITH EPINEPHRINE 1/100000,,,50 cartridges,Injectable solution,Laboratorios Inibsa SA,Richa Dental Drugstore,Spain,1968729.2625000002,artinibsa 4 with epinephrine 1 100000,true
MED#10348,10348,39518/1,ARTRIX 120,,120mg,10,"Tablet, film coated",Benta SAL,Benta Trading Co s.a.l.,Lebanon,511940.00000000006,artrix 120,true
MED#10214,10214,39318/1,ARTRIX 60,,60mg,30,"Tablet, film coated",Benta SAL,Benta Trading Co s.a.l.,Lebanon,904853.9500000001,artrix 60,true
MED#10213,10213,39418/1,ARTRIX 90,,90mg,30,"Tablet, film coated",Benta SAL,Benta Trading Co s.a.l.,Lebanon,1228656.0000000002,artrix 90,true
MED#9038,9038,25017/1,ARWAN WFI,,,50 x 5ml,Sterile water for injection,Arwan Pharmaceutical Industries Lebanon SAL,Raymond Georges Abou Adal & Co,Lebanon,399914.63999999996,arwan wfi,true
MED#10083,10083,139519/1,ARYOSEVEN RT,,1mg (50KIU),1Vial + 1Vial of solvent,Powder for solution,Aryogen Pharmed,Lebiran SARL,Iran,16902713.23524,aryoseven rt,true
MED#10326,10326,200319/1,ARYOTRUST,,440mg,1Vial,Powder and solvent for concentrate for solution for IV infusion,Aryogen Pharmed,Lebiran SARL,Iran,34948929.889125,aryotrust,true
MED#10327,10327,200219/1,ARYOTRUST,,150mg,1Vial,Powder for concentrate for solution for IV infusion,Aryogen Pharmed,Lebiran SARL,Iran,21176745.276093744,aryotrust,true
MED#1008,1008,27527,ASACOL,,400mg,100,Tablet,Haupt Pharma Wulfing GmbH,Taba Chemipharm,Germany,5895437.0475,asacol,true
MED#1009,1009,236712,ASACOL,,500mg,20,Suppository,Haupt Pharma Wulfing GmbH,Taba Chemipharm,Germany,1703992.29,asacol,true
MED#10543,10543,57620/1,ASACOL,,1g/100ml,7enemas x 100ml,Enema,"Tillots Pharma AG Haupstrasse 27, 4417 Zeifen",Taba Chemipharm,Switzerland,2748157.9125000006,asacol,true
MED#10806,10806,122320/1,ASACOL,,1600mg,60,"Tablet, modified release",Haupt Pharma Wulfing GmbH,Taba Chemipharm,Germany,8454522.616575,asacol,true
MED#10807,10807,122420/1,ASACOL,,1600mg,90,"Tablet, modified release",Haupt Pharma Wulfing GmbH,Taba Chemipharm,Germany,12310378.138275001,asacol,true
MED#5478,5478,219743/09,ASACOL,,800mg,60,Tablet,Haupt Pharma Wulfing GmbH,Taba Chemipharm,Germany,6396690.300000002,asacol,true
MED#5224,5224,24468,ASCOVA,,20mg,30,Tablet,Algorithm S.A.L.,Droguerie de l'Union,Lebanon,1356641,ascova,true
MED#5225,5225,24469,ASCOVA,,40mg,30,Tablet,Algorithm S.A.L.,Droguerie de l'Union,Lebanon,1612611,ascova,true
MED#5226,5226,24467,ASCOVA,,10mg,30,Tablet,Algorithm S.A.L.,Droguerie de l'Union,Lebanon,1126268.0000000002,ascova,true
MED#11752,11752,54923/01,ASIMPLEX,,250mg,1Vial,Lyophilized powder for solution for infusion,Aroma Ilac San. Ltd. Sti,New Europharm,Turkey,278175.3975,asimplex,true
MED#4660,4660,28556/93,ASMALAT,,2mg/5ml,150ml,Syrup,Pharmaline SAL,Pharmaline S.A.L.,Lebanon,177899.15000000005,asmalat,true
MED#10695,10695,17520/1,ASOLFENA,,5mg,30,"Tablet, film coated","KrKa, dd, Novo Mesto",Pharmamedic S.A.R.L.,Slovenia,971598.1275000002,asolfena,true
MED#10696,10696,17420/1,ASOLFENA,,10mg,30,"Tablet, film coated","KrKa, dd, Novo Mesto",Pharmamedic S.A.R.L.,Slovenia,971598.1275000002,asolfena,true
MED#9537,9537,29818/1,ASPECTON COUGH SYRUP,,,100ml,,Krewel Meuselbach GmbH,Mediterranean Pharmaceutical Company,Germany,580539.9600000001,aspecton cough syrup,true
MED#8506,8506,157715/1,ASPI-COR,,81mg,120,"Tablet, enteric coated",LNK International Inc,Propre S.A.R.L.,USA,690735.0449999998,aspi cor,true
MED#10362,10362,140420/1,ASPICOT,,81mg,100,"Tablet, enteric coated",Pharmaline SAL,Pharmaline S.A.L.,Lebanon,353238.60000000003,aspicot,true
MED#4673,4673,261087/97,ASPICOT,,100mg,100,"Tablet, enteric coated",Pharmaline SAL,Pharmaline S.A.L.,Lebanon,403152.75,aspicot,true
MED#4680,4680,261088/97,ASPICOT,,100mg,30,"Tablet, enteric coated",Pharmaline SAL,Pharmaline S.A.L.,Lebanon,134384.25000000003,aspicot,true
MED#10617,10617,57121/1,ASPIPHAR,,100mg,30,"Tablet, enteric coated",Pharmaline SAL,Pharmaline S.A.L.,Lebanon,134384.25000000003,aspiphar,true
MED#7004,7004,97499/12,ASPIRIN PROTECT,,100mg,20,"Tablet, enteric coated",Bayer Bitterfeld GmbH,Nouvelle Pharm Drugstore,Germany,146478.83250000002,aspirin protect,true
MED#7635,7635,50114/1,ASPIRINE,,0.3g,30,Tablet,Bayer Bitterfeld GmbH,Droguerie R. Pharaon & Fils S.A.L.,Germany,80630.55,aspirine,true
MED#7709,7709,61014/1,ASPIRINE C EFFERVESCENT,,,10,"Tablet, effervescent",Bayer Bitterfeld GmbH,Nouvelle Pharm Drugstore,Germany,162604.94249999998,aspirine c effervescent,true
MED#12125,12125,7324/1,ASPRIVIT,,,20,Tablet,Pharmex Advanced Laboratories SL,Mediterranean Pharmaceutical Company,Spain,186794.10750000004,asprivit,true
MED#9480,9480,107114/1,ASPROTHIN,,81mg,30,"Tablet, enteric coated",Pharmadex,Pharmadex,Lebanon,148462.6,asprothin,true
MED#10896,10896,195719/1,ASTEFOR,,400mg/30mg,30,"Tablet, film coated",Farmasierra Manufacturing SL,Macromed S.A.R.L.,Spain,935314.38,astefor,true
MED#5949,5949,24985/07,ASTHALIN,,,20 x 2.5ml,Respule,Cipla Ltd,Droguerie de l'Union,India,325209.885,asthalin,true
MED#11994,11994,164023/1,ATACAND,,8mg,28,Tablet,Klocke Pharma Service GmbH,Omnipharma,Germany,526786.2599999999,atacand,true
MED#11995,11995,164123/1,ATACAND,,16mg,28,Tablet,Klocke Pharma Service GmbH,Omnipharma,Germany,705517.3125000001,atacand,true
MED#11993,11993,164223/1,ATACAND PLUS,,16mg/12.5mg,28,Tablet,Klocke Pharma Service GmbH,Omnipharma,Germany,705517.3125000001,atacand plus,true
MED#11080,11080,115222/1,ATENOLOL BIOGARAN,,50mg,30,Comprimés sécables,Anpharm Przedsiebiorstwo Farmaceutyczne SA,Commercial and Trading Ressources SAL (CTR),Poland,295645.3500000001,atenolol biogaran,true
MED#3355,3355,974055/02,ATERKEY,,20mg,28,Tablet,Pharminicio SL,Mediterranean Pharmaceutical Company,Spain,1053572.5199999998,aterkey,true
MED#4249,4249,974227/01,ATONIUM,,50mg,30,Tablet,Algorithm S.A.L.,Droguerie de l'Union,Lebanon,239587.92000000004,atonium,true
MED#4260,4260,974230/01,ATONIUM,,100mg,30,Tablet,Algorithm S.A.L.,Droguerie de l'Union,Lebanon,461206.74600000004,atonium,true
MED#4268,4268,974228/01,ATONIUM PLUS,,50/25mg,30,Tablet,Algorithm S.A.L.,Droguerie de l'Union,Lebanon,738473.4500000001,atonium plus,true
MED#4269,4269,974229/01,ATONIUM PLUS,,100/25mg,30,Tablet,Algorithm S.A.L.,Droguerie de l'Union,Lebanon,738473.4500000001,atonium plus,true
MED#11996,11996,84523/1,ATOR MEDIS,,10mg,30,"Tablet, film coated",Les Laboratoires Medis,Medis Pharm Drugstore,Tunisia,305052.24750000006,ator medis,true
MED#11997,11997,84423/1,ATOR MEDIS,,20mg,30,"Tablet, film coated",Les Laboratoires Medis,Medis Pharm Drugstore,Tunisia,591290.7000000002,ator medis,true
MED#11998,11998,84323/1,ATOR MEDIS,,40mg,30,"Tablet, film coated",Les Laboratoires Medis,Medis Pharm Drugstore,Tunisia,694766.5725000001,ator medis,true
MED#5075,5075,24457/06,ATORLIP 10,,10mg,30,"Tablet, film coated",Manufactured by Benta SAL Trademark owner Abbott HealthCare Products BV,Benta Trading Co s.a.l.,Lebanon,1052036.7000000002,atorlip 10,true
MED#5076,5076,24459/06,ATORLIP 20,,20mg,30,"Tablet, film coated",Manufactured by Benta SAL Trademark owner Abbott HealthCare Products BV,Benta Trading Co s.a.l.,Lebanon,1279850,atorlip 20,true
MED#7490,7490,97883/12,ATORLIP 40,,40mg,30,"Tablet, film coated",Manufactured by Benta SAL Trademark owner Abbott HealthCare Products BV,Benta Trading Co s.a.l.,Lebanon,1484626,atorlip 40,true
MED#7569,7569,186393/13,ATORVA TAD,,20mg,30,"Tablet, film coated","Kr Ka, d.d, Novo Mesto",Pharmamedic S.A.R.L.,Slovenia,1087168.5824999998,atorva tad,true
MED#9199,9199,30617/1,ATORVA TAD,,10mg,30,"Tablet, film coated","Kr Ka, d.d, Novo Mesto",Pharmamedic S.A.R.L.,Slovenia,677296.62,atorva tad,true
MED#9200,9200,30717/1,ATORVA TAD,,40mg,30,"Tablet, film coated","Kr Ka, d.d, Novo Mesto",Pharmamedic S.A.R.L.,Slovenia,1405659.2550000001,atorva tad,true
MED#11795,11795,133622/1,ATORVAKEY-10,,10mg,30,Tablet,Emcure Pharmaceuticals Ltd,Mediterranean Pharmaceutical Company,India,362837.4750000001,atorvakey 10,true
MED#11794,11794,133522/1,ATORVAKEY-20,,20mg,30,Tablet,Emcure Pharmaceuticals Ltd,Mediterranean Pharmaceutical Company,India,362837.4750000001,atorvakey 20,true
MED#8660,8660,186840/14,ATORVASTATIN PHARMADEX,,20mg,30,Tablet,Pharmadex,Pharmadex,Lebanon,769189.8500000001,atorvastatin pharmadex,true
MED#11355,11355,97621/1,ATORVASTATINE ARROW GENERIQUES,,10mg,30,Comprimes pellicules,APL Swift Services (Malta) Limited,Darapharma S.A.L.,Malta,567101.535,atorvastatine arrow generiques,true
MED#11356,11356,97721/1,ATORVASTATINE ARROW GENERIQUES,,20mg,30,Comprimes pellicules,APL Swift Services (Malta) Limited,Darapharma S.A.L.,Malta,567101.535,atorvastatine arrow generiques,true
MED#11616,11616,38323/1,ATORVASTATINE ARROW GENERIQUES,,80mg,30,Comprimes pellicules,Generis Farmaceutica SA,Darapharma S.A.L.,Portugal,564413.8500000001,atorvastatine arrow generiques,true
MED#11935,11935,8324/1,ATORVASTATINE ARROW GENERIQUES,,20mg,30,Comprimes pellicules,Generis Farmaceutica SA,Darapharma S.A.L.,Portugal,567101.535,atorvastatine arrow generiques,true
MED#11936,11936,10124/1,ATORVASTATINE ARROW GENERIQUES,,10mg,30,Comprimes pellicules,Generis Farmaceutica SA,Darapharma S.A.L.,Portugal,567101.535,atorvastatine arrow generiques,true
MED#9234,9234,79617/1,ATORVASTATINE ARROW GENERIQUES,,80mg,30,Comprimes pellicules,APL Swift Services (Malta) Limited,Darapharma S.A.L.,Malta,564413.8500000001,atorvastatine arrow generiques,true
MED#10484,10484,145021/1,ATORVASTATINE ARROW GENERQUES,,40mg,30,Comprimés pelliculés,APL Swift Services (Malta) Limited,Darapharma S.A.L.,Malta,564413.8500000001,atorvastatine arrow generques,true
MED#11617,11617,38423/1,ATORVASTATINE ARROW GENERQUES,,40mg,30,Comprimés pelliculés,Generis Farmaceutica SA,Darapharma S.A.L.,Portugal,564413.8500000001,atorvastatine arrow generques,true
MED#10190,10190,16820/1,ATOZET,,10mg/40mg,30,"Tablet, film coated",Merck Sharp & Dohme BV,Droguerie de l'Union,The Netherlands,2046672.1275000002,atozet,true
MED#10191,10191,16920/1,ATOZET,,10mg/10mg,30,"Tablet, film coated",Merck Sharp & Dohme BV,Droguerie de l'Union,The Netherlands,1624705.5825000003,atozet,true
MED#10192,10192,16720/1,ATOZET,,10mg/20mg,30,"Tablet, film coated",Merck Sharp & Dohme BV,Droguerie de l'Union,The Netherlands,2046672.1275000002,atozet,true
MED#12137,12137,97824/1,ATOZET,,10mg/40mg,30,"Tablet, film coated",Organon Heist BV,Droguerie de l'Union,Belgium,2046672.1275000002,atozet,true
MED#12138,12138,97624/1,ATOZET,,10mg/10mg,30,"Tablet, film coated",Organon Heist BV,Droguerie de l'Union,Belgium,1624705.5825000003,atozet,true
MED#12139,12139,97724/1,ATOZET,,10mg/20mg,30,"Tablet, film coated",Organon Heist BV,Droguerie de l'Union,Belgium,2046672.1275000002,atozet,true
MED#4214,4214,19/95,ATROPINE,,1mg/ml,10 x 1ml,Injectable solution,Alfa Laboratoires S.A.L.,Alfa Laboratoires S.A.L.,Lebanon,702148.98,atropine,true
MED#4236,4236,20/95,ATROPINE,,0.5mg/ml,10 x 1ml,Injectable solution,Alfa Laboratoires S.A.L.,Alfa Laboratoires S.A.L.,Lebanon,680314.5599999999,atropine,true
MED#4864,4864,21/95,ATROPINE I.V. 0.25 MG.,,0.25mg/ml,100 x 1ml,Injectable solution,Alfa Laboratoires S.A.L.,Alfa Laboratoires S.A.L.,Lebanon,2412128.82,atropine i v 0 25 mg,true
MED#2177,2177,261487/97,ATROPINE SULFATE RENAUDIN,,1mg/ml,10x1ml,Ampoule Injectable,Renaudin,Minapharm Halabi,France,397777.38,atropine sulfate renaudin,true
MED#2179,2179,D0744/92,ATROPINE SULFATE RENAUDIN,,0.5mg/ml,10 x 1ml,Ampoule,Renaudin,Minapharm Halabi,France,385682.7975,atropine sulfate renaudin,true
MED#11027,11027,83421/1,ATROPINE SULFATEAGUETTANT,,0.1mg/ml,10Prefilled Syringes,Solution for injection,Aguettant,Pharmamed,France,7805375.550000001,atropine sulfateaguettant,true
MED#1878,1878,208478,ATROVENT,,250mcg/2ml,20,Unit Dose Vial,Laboratoire Unither,Mersaco,France,544256.2124999999,atrovent,true
MED#1879,1879,135386,ATROVENT,,500mcg/2ml,20,Unit Dose Vial,Laboratoire Unither,Mersaco,France,713580.3675,atrovent,true
MED#2227,2227,38682,ATROVENT COMP. HFA,,20mcg/50mcg,10ml,Metered dose inhaler,Boehringer Ingelheim Pharma GmbH & Co KG,Mersaco,Germany,544256.2124999999,atrovent comp hfa,true
MED#2226,2226,208689/03,ATROVENT N,,20mcg/puff,10ml/ 200 metered doses,Metered aerosol,Boehringer Ingelheim Pharma GmbH & Co KG,Mersaco,Germany,428685.7575,atrovent n,true
MED#11639,11639,38416/1,ATYPRAL,,10mg,28,Tablet,Pharminicio SL,Mediterranean Pharmaceutical Company,Spain,712236.5250000001,atypral,true
MED#11640,11640,38316/1,ATYPRAL,,15mg,28,Tablet,Pharminicio SL,Mediterranean Pharmaceutical Company,Spain,712236.5250000001,atypral,true
MED#11947,11947,116423/1,AUBAGIO,,14mg,28,"Tablet, film coated",Opella Healthcare International SAS,Mersaco,France,38773533.1788,aubagio,true
MED#7849,7849,186999/14,AUBAGIO,,14mg,28,"Tablet, film coated",Opella Healthcare International SAS,Mersaco,France,38773533.1788,aubagio,true
MED#10272,10272,142419/1,AUGMENTIN,,312mg/5ml,100ml,Powder for suspension,GlaxoWellcome Production,Abela Frères S.A.L.,France,542912.37,augmentin,true
MED#8919,8919,174916/1,AUGMENTIN,,1g,14,Tablet,"Pharmaline Licensed by Glaxo SmithKline Export Ltd , UK",Abela Frères S.A.L.,Lebanon,739202.4731520002,augmentin,true
MED#9849,9849,179118/1,AUGMENTIN,,625mg,20,Tablet,"Pharmaline SAL Licensed by Glaxo SmithKline Export Ltd , UK",Abela Frères S.A.L.,Lebanon,639957.6966640002,augmentin,true
MED#12522,12522,136024/1,AUGMENTIN DUO,,457mg/5ml,70ml,Powder for Oral suspension,GlaxoWellcome Production,Abela Frères S.A.L.,France,524098.575,augmentin duo,true
MED#6251,6251,166503/11,AUGMENTIN ES,,642.9mg/5ml,100ml,Powder for suspension,GlaxoWellcome Production,Abela Frères S.A.L.,France,846620.775,augmentin es,true
MED#8528,8528,167115/1,AURICULARUM,,,1x1,Poudre et solvant pour suspension pour instillation auriculaire,Laboratoires Grimberg SA,Pharmamedic S.A.R.L.,France,755239.4849999999,auricularum,true
MED#4270,4270,18540,AURIMEL,,,100ml,Syrup,Algorithm S.A.L.,Droguerie de l'Union,Lebanon,319962.5,aurimel,true
MED#8807,8807,222927/14,AVALON AVOBAN,,2% w/w,15g,ointment,Middle East Pharmaceutical Industries Co Ltd - Avalon Pharma,C. Catafago & Co,Saudi Arabia,460937.97750000004,avalon avoban,true
MED#2198,2198,973411/01,AVALOX,,400mg,5,"Tablet, film coated",Bayer HealthCare Manufacturing SRL,Droguerie R. Pharaon & Fils S.A.L.,Italy,1087168.5824999998,avalox,true
MED#2199,2199,973412/01,AVALOX,,400mg,7,"Tablet, film coated",Bayer HealthCare Manufacturing SRL,Droguerie R. Pharaon & Fils S.A.L.,Italy,1521229.71,avalox,true
MED#5222,5222,208571/03,AVALOX,,400mg/250ml,5x250ml,Solution for IV infusion,"Fresenius Kabi Italia SRL, Italy",Droguerie R. Pharaon & Fils S.A.L.,Italy,9052934.742075,avalox,true
MED#11160,11160,76221/1,AVAMYS,,27.5mcg/dose,120 doses,Nasal spray suspension,Glaxo Wellcome SA,Abela Frères S.A.L.,Spain,722987.265,avamys,true
MED#5980,5980,218766/09,AVAMYS,,27.5mcg/dose,120 doses,Nasal spray suspension,Glaxo Operations UK Ltd,Abela Frères S.A.L.,UK,722987.265,avamys,true
MED#5554,5554,221325/08,AVASTIN,,100mg,1Vial x 4ml,Solution for injection,F. Hoffmann La Roche Manufacturing Site Kaiseraugst,Omnipharma,Switzerland,24533456.320800003,avastin,true
MED#5555,5555,221326/08,AVASTIN,,400mg,1Vial x 16ml,Solution for injection,F. Hoffmann La Roche Manufacturing Site Kaiseraugst,Omnipharma,Switzerland,75875312.21484374,avastin,true
MED#6109,6109,167512/10,AVASTIN,,100mg,1Vial x 4ml,Solution for injection,Roche Diagnostics GmbH,Omnipharma,Germany,24533456.320800003,avastin,true
MED#6110,6110,167517/10,AVASTIN,,400mg,1Vial x 16ml,Solution for injection,Roche Diagnostics GmbH,Omnipharma,Germany,75875312.21484374,avastin,true
MED#5673,5673,218859/09,AVAXIM PEDIATRIQUE (vaccin inactivé de l'hépatite A adsorbé),,80U,Seringue préremplie= 1dose,Injectable suspension,Sanofi Pasteur,Mersaco,France,1531980.4500000004,avaxim pediatrique vaccin inactive de l hepatite a adsorbe,true
MED#10711,10711,49519/1,AVIRAVIR,,0.5mg,30,"Tablet, film coated",Humanis Saglik Anonim Sirketi,BroadMed SAL,Turkey,32224230.48600001,aviravir,true
MED#10712,10712,49419/1,AVIRAVIR,,1mg,30,"Tablet, film coated",Humanis Saglik Anonim Sirketi,BroadMed SAL,Turkey,32224230.48600001,aviravir,true
MED#11941,11941,52821/1,AVITAR 400,,400mg,7,"Tablet, film coated",The Jordanian Pharmaceutical Manufacturing & Co Ltd,C. Catafago & Co,Jordan,913812.9,avitar 400,true
MED#11942,11942,52721/1,AVITAR 400,,400mg,5,"Tablet, film coated",The Jordanian Pharmaceutical Manufacturing & Co Ltd,C. Catafago & Co,Jordan,651763.6125,avitar 400,true
MED#10550,10550,45720/1,AVIXAN,,2.5mg,60,"Tablet, film coated","Algorithm S.A.L. (Packager and final batch releaser), Macleods Pharmaceuticals Limited, India (Bulk mamufacturer)",Droguerie de l'Union,Lebanon,2777274.5,avixan,true
MED#10551,10551,45620/1,AVIXAN,,5mg,60,"Tablet, film coated","Algorithm S.A.L. (Packager and final batch releaser), Macleods Pharmaceuticals Limited, India (Bulk mamufacturer)",Droguerie de l'Union,Lebanon,2777274.5,avixan,true
MED#7742,7742,186351/13,AVOCAINE,,10% w/w,50ml,Spray,Middle East Pharmaceutical Industries Co Ltd - Avalon Pharma,C. Catafago & Co,Saudi Arabia,400465.065,avocaine,true
MED#7806,7806,186265/13,AVOCOM,,0.05%,120 metered sprays,Aqueous Nasal Spray,Middle East Pharmaceutical Industries Co Ltd - Avalon Pharma,C. Catafago & Co,Saudi Arabia,419278.86000000004,avocom,true
MED#10181,10181,168319/1,AVODART,,0.5mg,30,Capsules soft,"Pharmaline Licensed by Glaxo SmithKline Export Ltd , UK",Abela Frères S.A.L.,Lebanon,2660786.6799800005,avodart,true
MED#11543,11543,81221/1,AVONEX,,30mcg/0.5ml,4 prefilled pens +4 needles,Injectable solution,Biogen Netherlands BV,Mersaco,The Netherlands,70488764.24100001,avonex,true
MED#11861,11861,181820/1,AVOQUIN,,4%,50g,Cream,Middle East Pharmaceutical Industries Co Ltd - Avalon Pharma,C. Catafago & Co,Saudi Arabia,916500.5850000002,avoquin,true
MED#11611,11611,165220/1,AVOTIN-A,,0.05%,30g,Cream,Middle East Pharmaceutical Industries Co Ltd - Avalon Pharma,C. Catafago & Co,Saudi Arabia,440780.3400000001,avotin a,true
MED#9632,9632,79316/1,AXETINE,,750mg,10Vials,Powder for solution for injection/ infusion,Medochemie Ltd,New Allpharma,Cyprus,1193332.1400000001,axetine,true
MED#9633,9633,79416/1,AXETINE,,1.5g,10Vials,Powder for solution for injection/ infusion,Medochemie Ltd,New Allpharma,Cyprus,2273781.5100000002,axetine,true
MED#4272,4272,974221/01,AXIPRON,,20mg,14,Capsule,Algorithm S.A.L.,Droguerie de l'Union,Lebanon,373357.84200000006,axipron,true
MED#755,755,208619/03,AXONE,,1g,10,Vial,Pharma International Co,Picomed SARL,Jordan,4047653.6100000003,axone,true
MED#9696,9696,67018/1,AXONE 1G IM,,1g,1Vial+1Ampoules of lidocaine 1% 5ml,Injection,Pharma International Co,Picomed SARL,Jordan,438092.6549999999,axone 1g im,true
MED#9697,9697,67118/1,AXONE 500MG IM,,500mg,1Vial+1Ampoules of lidocaine 1% 5ml,Injection,Pharma International Co,Picomed SARL,Jordan,393745.85250000004,axone 500mg im,true
MED#12257,12257,145623/1,AYECLAV-T,,,2X7,Tablet,Kwality Pharmaceuticals Limited,Cure Pharmaceutical,India,338648.31000000006,ayeclav t,true
MED#11875,11875,55424/1,AZACITIDINE ARROW,,25mg/ml,Boite de 1Flacon,Poudre pour suspension injectable,APL Swift Services (Malta) Limited,Darapharma S.A.L.,Malta,10967853.543675002,azacitidine arrow,true
MED#11177,11177,151322/1,AZACITIDINE EVER PHARMA,,25mg/ml,,Powder for suspension for injection,Ever Pharma Jena GmbH,Codipha,Germany,10967853.543675002,azacitidine ever pharma,true
MED#10154,10154,99219/1,AZACITIDINE NEAPOLIS,,100mg,Box of 1Vial,Lyophilizate for injection,Neapolis Pharma,Medis Pharm Drugstore,Tunisia,9401574.849975,azacitidine neapolis,true
MED#12285,12285,92424/1,AZACITIDINE SHILPA,,100mg,1Vial,Injection,"Shilpa Medicare Limited, India",Levant Pulse SARL,India,7350061.976250001,azacitidine shilpa,true
MED#11270,11270,177720/1,AZACITIDINE SPC,,100mg,1Vial,Powder for injection,"Pharmaline SAL Licensed by Sudair Pharma Company, KSA",Advanced Healthcare Services SAL,Lebanon,10706992.937000003,azacitidine spc,true
MED#12411,12411,19824/1,AZELTIN,,500mg,3,"Tablet, film coated",Biofarma Ilac San. ve Tic. AS,BroadMed SAL,Turkey,435404.9700000001,azeltin,true
MED#7358,7358,97545/11,AZICIN 250 BENTA,,250mg,6,"Tablet, film coated",Benta SAL,Benta Trading Co s.a.l.,Lebanon,423630.3500000001,azicin 250 benta,true
MED#7359,7359,97546/11,AZICIN 500 BENTA,,500mg,3,"Tablet, film coated",Benta SAL,Benta Trading Co s.a.l.,Lebanon,573372.8000000002,azicin 500 benta,true
MED#9593,9593,110516/1,AZM-500,,,3,"Tablet, film coated",Bluepharma Industria Farmaceutica SA,Ecopharm,Portugal,448843.39499999996,azm 500,true
MED#1362,1362,973745/02,AZOMYCIN,,200mg/5ml,15ml,Powder for oral suspension + solvent,Julphar,Pharmanet Drugstore S.A.R.L.,United Arab Emirates,365525.16000000003,azomycin,true
MED#1363,1363,973735/02,AZOMYCIN,,250mg,6,Capsule,Julphar,Pharmanet Drugstore S.A.R.L.,United Arab Emirates,361493.6325,azomycin,true
MED#5590,5590,24744/07,AZOMYCIN,,200mg/5ml,30ml,Powder for oral suspension + solvent,Julphar,Pharmanet Drugstore S.A.R.L.,United Arab Emirates,603385.2825,azomycin,true
MED#1720,1720,974059/02,AZOMYNE,,250mg,6,Capsule,Hayat Pharmaceuticals Industries Co PLC,Macromed S.A.R.L.,Jordan,385682.7975,azomyne,true
MED#1721,1721,974064/02,AZOMYNE,,200mg/5ml,15ml,Dry suspension,Hayat Pharmaceuticals Industries Co PLC,Macromed S.A.R.L.,Jordan,237860.1225,azomyne,true
MED#759,759,208552/03,AZONIT - D,,,20g,Cream,Pharma International Co,Picomed SARL,Jordan,225765.54,azonit d,true
MED#9661,9661,94518/1,AZOPT,,10mg/ml,5ml,Eye Drops suspension,SA Alcon Couvreur NV,Khalil Fattal & Fils S.A.L.,Belgium,499909.4100000001,azopt,true
MED#11496,11496,28218/1,AZOX 250,,250mg,6,"Tablet, film coated",The Jordanian Pharmaceutical Manufacturing Company (JPM),C. Catafago & Co,Jordan,354774.42000000004,azox 250,true
MED#1835,1835,974043/02,AZOX 250,,250mg,6,Capsule,The Jordanian Pharmaceutical Manufacturing Company (JPM),C. Catafago & Co,Jordan,346711.365,azox 250,true
MED#11533,11533,4020/1,AZYTER,,15mg/g,6 recipients unidose,Collyre en solution,Laboratoire Unither,Square One Group Pharma SAL,France,412559.6475,azyter,true
MED#11755,11755,77022/1,B-BLOK SDK,,50mg,30,"Tablet, film coated, controlled release",Ilko Ilac Sanayi ve Tic. A.S,BroadMed SAL,Turkey,295645.3500000001,b blok sdk,true
MED#11756,11756,77222/1,B-BLOK SDK,,25mg,30,"Tablet, film coated, controlled release",Ilko Ilac Sanayi ve Tic. A.S,BroadMed SAL,Turkey,282206.92500000005,b blok sdk,true
MED#5041,5041,194101/05,B-COR 10,,,30,"Tablet, film coated",Joswe Medical (Jordan Sweden Medical and Sterilization Co),The Lebanese Pharmacists SAL,Jordan,595322.2275,b cor 10,true
MED#5957,5957,219480/10,B-COR 2.5,,2.5mg,30,"Tablet, film coated",Joswe Medical (Jordan Sweden Medical and Sterilization Co),The Lebanese Pharmacists SAL,Jordan,149166.51750000005,b cor 2 5,true
MED#5039,5039,194106/05,B-COR 5,,,30,"Tablet, film coated",Joswe Medical (Jordan Sweden Medical and Sterilization Co),The Lebanese Pharmacists SAL,Jordan,296989.1925,b cor 5,true
MED#10080,10080,84519/1,BACLOCALM,,25mg,Pack of 50,Tablet,Labatec Farmaceutica SA,Levant Alie Houses S.A.L.,Portugal,928595.1675000002,baclocalm,true
MED#10081,10081,84419/1,BACLOCALM,,10mg,Pack of 50,Tablet,Labatec Farmaceutica SA,Levant Alie Houses S.A.L.,Portugal,589946.8575,baclocalm,true
MED#6307,6307,24111/06,BACTALL 500,,500mg,10,"Tablet, film coated",The Jordanian Pharmaceutical Manufacturing Co. (JPM),C. Catafago & Co,Jordan,292957.66500000004,bactall 500,true
MED#11509,11509,92822/1,BACTRIM FORTE,,,10,Tablet,Cenexi SAS,Omnipharma,France,344023.68000000005,bactrim forte,true
MED#2747,2747,,BANEOCIN,,,20g,Ointment,Salutas Pharma GmbH,Khalil Fattal & Fils S.A.L.,Germany,173355.6825,baneocin,true
MED#8907,8907,106716/1,BASAGLAR KWIKPEN,,100U/ml,5 prefilled pen,Solution for injection,Lilly France,Droguerie de l'Union,France,4114845.7350000013,basaglar kwikpen,true
MED#12122,12122,21325/1,BATRAMYCIN,,,20g,Ointment,Geistlich Pharma AG,Mediterranean Pharmaceutical Company,Switzerland,249954.70500000005,batramycin,true
MED#10358,10358,179019/1,BAVENCIO,,20mg/ml,1Vial (10ml),Concentrate for solution for infusion,Merck Serono SA,Food & Drug Corporation FDC,Switzerland,101243761.40134513,bavencio,true
MED#11118,11118,181520/1,BAXDELA,,450mg,20,Tablet,"Austarpharma, LLC, USA under licensed from melinta Therapeutics, Inc, Illinois, USA",Droguerie de l'Union,USA,93777847.49812499,baxdela,true
MED#11119,11119,16321/1,BAXDELA,,300mg,10Vials,Powder for concentrate for solution for infusion,"Patheon Italia SpA, Italy under licensed from Melinta Therapeutics, Inc, Illinois, USA",Droguerie de l'Union,Italy,78349009.914,baxdela,true
MED#11081,11081,61022/1,BBDOL-OR,,,100ml,,Alfa Laboratoires S.A.L.,Alfa Laboratoires S.A.L.,Lebanon,188137.95,bbdol or,true
MED#7276,7276,185844/13,BCG-MEDAC,,,1Vial,Powder and solvent for suspension foe intravesical use,Medac Gesellschaft Fur Klinische Spezialpraparate mbH,Mersaco,Germany,18750588.1668,bcg medac,true
MED#6869,6869,219471/09,BEBE-VIT,,,30ml,Oral drops,Medical Union Pharmaceuticals (MUP),Macromed S.A.R.L.,Egypt,287582.295,bebe vit,true
MED#5211,5211,222235/07,BECAPLEX,,0.01%,15g,Gel,Benta SAL,Benta Trading Co s.a.l.,Lebanon,38029953.36000001,becaplex,true
MED#1369,1369,3561,BECOZYM FORTE,,,20,Dragée,Dragenopharm Apotheker Puschl GmbH,Nouvelle Pharm Drugstore,Germany,290269.98000000004,becozym forte,true
MED#8099,8099,154714/1,BECOZYME,,,12 Ampoules,Injectable solution,Cenexi SAS,Nouvelle Pharm Drugstore,France,662514.3524999999,becozyme,true
MED#1651,1651,25799,BEDRANOL,,10mg,60,"Tablet, film coated",Lagap SA,Mediterranean Pharmaceutical Company,Switzerland,247267.02000000005,bedranol,true
MED#1652,1652,25800,BEDRANOL,,40mg,60,"Tablet, film coated",Lagap SA,Mediterranean Pharmaceutical Company,Switzerland,247267.02000000005,bedranol,true
MED#11062,11062,10521/1,BENDAFOLIN,,10mg/ml,,,Solupharm Pharmazeutischie,BroadMed SAL,Germany,3584027.9475000002,bendafolin,true
MED#8942,8942,151616/1,BENDAMUSTINE HYDROCHLORIDE,,2.5mg/ml (25mg),5vials x 10ml,Powder for concentrate for solution for infusion,Accord Healthcare Limited,Mediterranean Pharmaceutical Company,UK,19610152.6824,bendamustine hydrochloride,true
MED#8943,8943,151516/1,BENDAMUSTINE HYDROCHLORIDE,,2.5mg/ml (100mg),5vials x 50ml,Powder for concentrate for solution for infusion,Accord Healthcare Limited,Mediterranean Pharmaceutical Company,UK,78439178.10421874,bendamustine hydrochloride,true
MED#11631,11631,113622/1,BENDAMUSTINE HYDROCHLORIDE PHARMINICIO,,2.5mg/ml (100mg),5vials x 50ml,Powder for concentrate for solution for infusion,Pharminicio SL,Mediterranean Pharmaceutical Company,Spain,78439178.10421874,bendamustine hydrochloride pharminicio,true
MED#9103,9103,22917/1,BENDAMUSTINE MEDAC,,2.5mg/ml (100mg),1 vial,Injectable powder for concentrate for solution,Medac Gesellschaft Fur Klinische Spezialpraparate mbH,Mersaco,Germany,16887988.6308,bendamustine medac,true
MED#9104,9104,23017/1,BENDAMUSTINE MEDAC,,2.5mg/ml (25mg),5 vial,Injectable powder for concentrate for solution,Medac Gesellschaft Fur Klinische Spezialpraparate mbH,Mersaco,Germany,24934922.031600002,bendamustine medac,true
MED#12395,12395,13225/1,BENDANUSTINE ARROW,,2.5mg/ml (25mg),Boite de 5flacons,Poudre pour solution à diluer pour perfusion,APL Swift Services (Malta) Limited,Karout pharmacy,Malta,23627730.748885915,bendanustine arrow,true
MED#12396,12396,13325/1,BENDANUSTINE ARROW,,2.5mg/ml (100mg),Boite de 5flacons,Poudre pour solution à diluer pour perfusion,APL Swift Services (Malta) Limited,Karout pharmacy,Malta,88903468.31986272,bendanustine arrow,true
MED#9333,9333,100717/1,BENDAVIVAL,,100mg,1Vial,Powder for concentrate for solution for infusion,Thymoorgan Pharmazie GmbH,Abela Frères S.A.L.,Germany,26072617.964399997,bendavival,true
MED#10307,10307,179219/1,BENEFIX,,500IU,1Vial + 1prefilled syringe + 1injection set,Injectable powder and solvent for solution,Wyeth Pharma SA,Mersaco,Spain,27390281.2848,benefix,true
MED#7309,7309,96730/12,BENTA D 10.000,,"10,000IU",30,Capsule,Benta SAL,Benta Trading Co s.a.l.,Lebanon,895895.0000000001,benta d 10 000,true
MED#3694,3694,27095,BENZAC AC,,5%,60g,Gel dermique,Galderma,Raymond Georges Abou Adal & Co,France,388370.48250000004,benzac ac,true
MED#3695,3695,27096,BENZAC AC,,10%,60g,Water Base Gel,Galderma,Raymond Georges Abou Adal & Co,France,416591.175,benzac ac,true
MED#4376,4376,2234/94,BENZHEXOL,,5mg,100,"Tablet, scored",Mediphar Laboratories,Pharmapro,Lebanon,533697.4500000001,benzhexol,true
MED#12516,12516,41723/01,BENZIMIR,,100mg,1 single use vial,Lyophilized powder for injection,Laboratorio Kemex SA,New Europharm,Argentine,16887988.6308,benzimir,true
MED#10436,10436,81520/1,BEOVU,,120mg/ml,1pre-filled syringe,Solution for injection,SA Alcon Couvreur NV,Khalil Fattal & Fils S.A.L.,Belgium,42752178.315000005,beovu,true
MED#3992,3992,25310,BEPANTHEN PLUS,,5%,30g,Cream,GP Grenzach Produktions GmbH,Nouvelle Pharm Drugstore,Germany,319834.51499999996,bepanthen plus,true
MED#8986,8986,14817/1,BERIATE,,250IU,Dry substance + Solvent,Vial,"Packed by Benta SAL Lebanon under license from CSL Behring GmbH, Germany",Benta Trading Co s.a.l.,Lebanon,14098526.396246882,beriate,true
MED#8987,8987,14917/1,BERIATE,,500IU,Dry substance + Solvent,Vial,"Packed by Benta SAL Lebanon under license from CSL Behring GmbH, Germany",Benta Trading Co s.a.l.,Lebanon,28437885.699451197,beriate,true
MED#9688,9688,147918/1,BESPONSA FOR INJECTION,,0.9mg/Vial,Pack of 1Vial,powder for suspension for intravenous infusion only,Pharmacia & Upjohn Company LLC,Droguerie Fattal S.A.L.,USA,921176511.4092187,besponsa for injection,true
MED#12001,12001,27623/1,BETA-CAL,,,30g,Gel,Jerash Pharmaceuticals Ltd. Co,Medway Healthcare SARL Single Partner,Jordan,1251117.3675000002,beta cal,true
MED#12002,12002,27523/1,BETA-CAL,,,30g,Ointment,Jerash Pharmaceuticals Ltd. Co,Medway Healthcare SARL Single Partner,Jordan,1574983.4100000004,beta cal,true
MED#5504,5504,222378/08,BETA-MICOTER,,,40g,Cream,Mediphar Laboratories,Pharmamedic S.A.R.L.,Lebanon,415951.25,beta micoter,true
MED#7532,7532,97884/12,BETAFUCIN,,,15g,Skin cream,Amman Pharmaceutical Industries Co Ltd,Germanos Health Care Supplies SARL,Jordan,210983.27250000002,betafucin,true
MED#11124,11124,81220/1,BETAHISTINE ARROW,,16mg,45,Comprimés Sécables,APL Swift Services (Malta) Limited,Darapharma S.A.L.,Malta,362837.4750000001,betahistine arrow,true
MED#11937,11937,102723/1,BETAHISTINE ARROW GENERIQUES,,24mg,60,Tablet,APL Swift Services (Malta) Limited,Darapharma S.A.L.,Malta,749864.115,betahistine arrow generiques,true
MED#6516,6516,167169/10,BETALOC ZOK,,50mg,30,"Tablet, controlled release",AstraZeneca AB,Omnipharma,Sweden,491846.3550000001,betaloc zok,true
MED#7573,7573,185823/13,BETALOC ZOK,,25mg,14,"Tablet, controlled release",AstraZeneca AB,Omnipharma,Sweden,219046.3275,betaloc zok,true
MED#10860,10860,28820/1,BETAMOX ES,,,100ml,Powder for oral suspension,Laboratorios Atral SA,Pharmamedic S.A.R.L.,Portugal,592634.5425000002,betamox es,true
MED#12336,12336,105825/1,BETAMOX PLUS,,875mg+125mg,16,"Tablet, coated","Chaoul Pharmaceuticals (Cha-pha) SAL Lebanon (Packing) under license from Laboratorios Atral SA, Portugal",Pharmamedic S.A.R.L.,Lebanon,717660.7838399999,betamox plus,true
MED#10531,10531,167820/1,BETASERC,,16mg,60,Tablet,"Pharmaline SAL Licensed by Abbott Healthcare Products BV, The Netherlands",Mersaco,Lebanon,1623707.5234380004,betaserc,true
MED#4684,4684,26556/88,BETASONE,,1mg/g,15g,Cream,Pharmaline SAL,Pharmaline S.A.L.,Lebanon,120305.90000000001,betasone,true
MED#4688,4688,26589/89,BETASONE-N,,,15g,Cream,Pharmaline SAL,Pharmaline S.A.L.,Lebanon,398033.35000000003,betasone n,true
MED#1726,1726,208015/03,BETIXIM 100,,,60ml,Dry suspension,Middle East Pharmaceutical Co Midpharma,Macromed S.A.R.L.,Jordan,700141.9425,betixim 100,true
MED#5245,5245,194491/05,BETIXIM 100,,,30ml,Dry suspension,Middle East Pharmaceutical Co Midpharma,Macromed S.A.R.L.,Jordan,348055.2075,betixim 100,true
MED#1727,1727,208034/03,BETIXIM 400,,400mg,5,Capsule,Middle East Pharmaceutical Co Midpharma,Macromed S.A.R.L.,Jordan,1026695.67,betixim 400,true
MED#7733,7733,27414/1,BETMIGA,,50mg,30,"Tablet, prolonged release",Astellas Pharma Europe BV,Mersaco,The Netherlands,3758727.4725000006,betmiga,true
MED#508,508,236445/98,BETNOVATE,,0.1%,30ml,Scalp application,Aspen Bad Oldesloe GmbH,Abela Frères S.A.L.,Germany,235172.43749999997,betnovate,true
MED#611,611,27179,BETNOVATE,,0.1% w/w,30g,Cream,Glaxo Operations UK Ltd,Abela Frères S.A.L.,UK,279519.24,betnovate,true
MED#612,612,27180,BETNOVATE,,0.1% w/w,30g,Ointment,Glaxo Operations UK Ltd,Abela Frères S.A.L.,UK,279519.24,betnovate,true
MED#11596,11596,106923/1,BEVACIREL,,400mg/16ml,1Vial,injection for intravenous infusion,Reliance Life Sciences pvt Ltd,Levant Pulse SARL,India,49744594.93500001,bevacirel,true
MED#11597,11597,107023/1,BEVACIREL,,100mg/4ml,1Vial,injection for intravenous infusion,Reliance Life Sciences pvt Ltd,Levant Pulse SARL,India,14719570.387200002,bevacirel,true
MED#1862,1862,208672/03,BEVACOL 135,,135mg,48,"Tablet, film coated",The Jordanian Pharmaceutical Manufacturing Company (JPM),C. Catafago & Co,Jordan,532161.63,bevacol 135,true
MED#10089,10089,129018/1,BGLAU,,,5ml,Eye drops solution,Laboratorio Edol Produtos Farmaceuticos SA,Abela Frères S.A.L.,Portugal,638325.1875,bglau,true
MED#5615,5615,221706/08,BI-PRETERAX ARGININE,,5mg/1.25mg,30,"Tablet, film coated",Servier (Ireland) Industrie Ltd,Khalil Fattal & Fils S.A.L.,Ireland,452874.9225000001,bi preterax arginine,true
MED#6262,6262,166647/11,BI-PRETERAX ARGININE,,10mg/2.5mg,30,"Tablet, film coated",Servier (Ireland) Industrie Ltd,Khalil Fattal & Fils S.A.L.,Ireland,765990.2250000002,bi preterax arginine,true
MED#6248,6248,167844/11,BI-PROFENID LP,,100mg,20,Comprimés sécables à libération prolongée,Opella Healthcare International SAS,Mersaco,France,392402.01,bi profenid lp,true
MED#259,259,27703,BIAFINE,,,100ml/93g,Emulsion,JNTL Consumer Health (France) SAS,Biopharm,France,524098.575,biafine,true
MED#8881,8881,103816/1,BICALUTAMIDE ACCORD,,50mg,28,"Tablet, film coated",Accord Healthcare Limited,Mediterranean Pharmaceutical Company,UK,1382813.9324999999,bicalutamide accord,true
MED#11016,11016,51722/1,BICALUTAMIDE BIOGARAN,,50mg,30,Comprimés pelliculés,Synthon Hispania SL,Commercial and Trading Ressources SAL (CTR),Spain,4315078.267500001,bicalutamide biogaran,true
MED#11630,11630,111122/1,BICALUTAMIDE GP PHARM,,50mg,28,"Tablet, film coated","GP-Pharm, SA",Mediterranean Pharmaceutical Company,Argentine,1306214.9100000004,bicalutamide gp pharm,true
MED#5889,5889,222451/08,BICAMIDE,,50mg,28,"Tablet, film coated",Genepharm SARL,Nobel Pharm Plus SARL,Greece,1451753.05275,bicamide,true
MED#9900,9900,173218/1,BIKTARVY,,50mg/200mg/25mg,30,"Tablet, film coated",Gilead Sciences Ireland UC,Khalil Fattal & Fils S.A.L.,Ireland,76569137.98048156,biktarvy,true
MED#6368,6368,166905/11,BINOCRIT,,"10,000IU/ml",6 Prefilled syringes,Injectable solution,IDT Biologika GmbH,Khalil Fattal & Fils S.A.L.,Germany,16325433.230400003,binocrit,true
MED#6370,6370,166903/11,BINOCRIT,,"4,000IU/0.4ml",6 Prefilled syringes,Injectable solution,IDT Biologika GmbH,Khalil Fattal & Fils S.A.L.,Germany,5582794.8621375,binocrit,true
MED#6372,6372,166901/11,BINOCRIT,,"2,000IU/ml",6 Prefilled syringes,Injectable solution,IDT Biologika GmbH,Khalil Fattal & Fils S.A.L.,Germany,6803872.7687931005,binocrit,true
MED#6791,6791,97990/12,BINOCRIT,,"40,000IU/ml",1 Prefilled syringe,Injectable solution,IDT Biologika GmbH,Khalil Fattal & Fils S.A.L.,Germany,11726825.997599998,binocrit,true
MED#10079,10079,103119/1,BINOSTO,,70mg,4,"Tablet, effervescent",Swiss Co Services AG,Levant Alie Houses S.A.L.,Switzerland,1709367.6600000004,binosto,true
MED#9522,9522,79318/1,BIO-D3 25000IU,,25.000IU,15,Capsule,"Manufactured by Lambo Laboratoria NV, Belgium For Benta SAL, Lebanon On Behalf of Laboratoire Surveal, Belgium",Benta Trading Co s.a.l.,Lebanon,1130107.55,bio d3 25000iu,true
MED#9760,9760,14519/1,BIO-D3 25000IU,,25.000IU,30,Capsule,"Manufactured by Lambo Laboratoria NV, Belgium For Benta SAL, Lebanon On Behalf of Laboratoire Surveal, Belgium",Benta Trading Co s.a.l.,Lebanon,2147588.3000000003,bio d3 25000iu,true
MED#10512,10512,113717/1,BIOCARBON,,250mg,50,Tablet,Pharmazeutische Fabrik Montavit GesmbH,Mersaco,Austria,1158392.2349999996,biocarbon,true
MED#8712,8712,59216/1,BIODAL,,"50,000IU",12,"Tablet, film coated",Hayat Pharmaceuticals Industries Co PLC,Macromed S.A.R.L.,Jordan,1110013.905,biodal,true
MED#8620,8620,1216/1,BIODROXIL,,500mg,12,Capsule,"Pharmaline under license from Sandoz GmbH, Austria",Khalil Fattal & Fils S.A.L.,Lebanon,496382.042156,biodroxil,true
MED#8621,8621,1316/1,BIODROXIL,,1000mg,12,"Tablet, film coated","Pharmaline under license from Sandoz GmbH, Austria",Khalil Fattal & Fils S.A.L.,Lebanon,1091442.44209,biodroxil,true
MED#12191,12191,118424/1,BIOGEST,,400mg,15,Vaginal pessaries,Marcyrl Pharmaceuticals Industries (MPI),Premium Serve Drugstore Co. P.S.D. SAL,Egypt,1083137.0550000004,biogest,true
MED#7069,7069,219474/10,BIOGEST,,100mg,10Ampoules x 2ml,Injection,Marcyrl Pharmaceuticals Industries (MPI),Premium Serve Drugstore Co. P.S.D. SAL,Egypt,2328879.0524999998,biogest,true
MED#7319,7319,166972/11,BIOGEST,,200mg,30,Vaginal pessaries,Marcyrl Pharmaceuticals Industries (MPI),Premium Serve Drugstore Co. P.S.D. SAL,Egypt,1804780.4774999998,biogest,true
MED#11501,11501,113621/1,BIOLASOMIDE,,40mg,50,Tablet,Biofarma Ilac San. ve Tic. AS,BroadMed SAL,Turkey,181418.73750000005,biolasomide,true
MED#4378,4378,194794/05,BIPAX,,,30,"Tablet, sugar coated",Mediphar Laboratories,Medapharm Healthcare SAL,Lebanon,363477.4,bipax,true
MED#5506,5506,24945/07,BISCORDEX,,5mg,30,Tablet,Pharmadex licensed by Orbucell pharma Canada,Medi drug International SAL (MDI),Lebanon,406992.3000000001,biscordex,true
MED#5507,5507,24944/07,BISCORDEX,,10mg,30,Tablet,Pharmadex licensed by Orbucell pharma Canada,Medi drug International SAL (MDI),Lebanon,789667.4500000002,biscordex,true
MED#6715,6715,166532/11,BISCORDEX PLUS,,,30,Tablet,Pharmadex (Packing) licensed by Orbucell pharma Canada,Medi drug International SAL (MDI),Lebanon,723115.2500000001,biscordex plus,true
MED#5181,5181,24718/07,BISOCOR 10,,10mg,30,"Tablet, film coated",Benta SAL,Benta Trading Co s.a.l.,Lebanon,460746.0000000001,bisocor 10,true
MED#11445,11445,35223/1,BISOCOR 2.5,,2.5mg,30,"Tablet, film coated","Manufactured by Benta Lyon, France for Benta SAL",Benta Trading Co s.a.l.,Lebanon,207335.70000000007,bisocor 2 5,true
MED#11444,11444,35123/1,BISOCOR 5,,5mg,30,"Tablet, film coated","Manufactured by Benta Lyon, France for Benta SAL",Benta Trading Co s.a.l.,Lebanon,345559.5,bisocor 5,true
MED#5192,5192,24714/07,BISOCOR 5,,5mg,30,"Tablet, film coated",Benta SAL,Benta Trading Co s.a.l.,Lebanon,345559.5,bisocor 5,true
MED#5397,5397,222455/08,BISOCOR 5 PLUS,,5mg/12.5mg,30,"Tablet, film coated",Benta SAL,Benta Trading Co s.a.l.,Lebanon,678320.5,bisocor 5 plus,true
MED#4078,4078,23881/07,BISOPROLOL NORMON,,5mg,30,"Tablet, film coated",Normon SA,Droguerie Phenicia,Spain,321178.35750000004,bisoprolol normon,true
MED#4079,4079,23882/07,BISOPROLOL NORMON,,10mg,30,"Tablet, film coated",Normon SA,Droguerie Phenicia,Spain,372244.3725000001,bisoprolol normon,true
MED#7838,7838,66314/1,BISOPROLOL NORMON,,2.5mg,28,"Tablet, film coated",Normon SA,Droguerie Phenicia,Spain,235172.43750000006,bisoprolol normon,true
MED#11251,11251,121720/1,BISOPROLOL QUIVER LAB,,2.5mg,30,Comprimés pelliculés sécables,APL Swift Services (Malta) Limited,Darapharma S.A.L.,Malta,292957.66500000004,bisoprolol quiver lab,true
MED#11252,11252,121820/1,BISOPROLOL QUIVER LAB,,3.75mg,30,Comprimés pelliculés sécables,APL Swift Services (Malta) Limited,Darapharma S.A.L.,Malta,544256.2125000001,bisoprolol quiver lab,true
MED#11253,11253,121920/1,BISOPROLOL QUIVER LAB,,7.5mg,30,Comprimés pelliculés sécables,APL Swift Services (Malta) Limited,Darapharma S.A.L.,Malta,544256.2125000001,bisoprolol quiver lab,true
MED#12079,12079,57824/1,BISOPROLOL QUIVER LAB,,5mg,30,"Tablet, film coated, scored",APL Swift Services (Malta) Limited,Darapharma S.A.L.,Malta,264736.97250000003,bisoprolol quiver lab,true
MED#12080,12080,57924/1,BISOPROLOL QUIVER LAB,,10mg,30,"Tablet, film coated, scored",APL Swift Services (Malta) Limited,Darapharma S.A.L.,Malta,526786.2599999999,bisoprolol quiver lab,true
MED#11383,11383,72222/1,BISOPROLOL REF,,2.5mg,30,Comprimés pelliculés sécables,Les Laboratoires Servier Industrie,Commercial and Trading Ressources SAL (CTR),France,272800.0275,bisoprolol ref,true
MED#11384,11384,72422/1,BISOPROLOL REF,,5mg,30,Comprimés pelliculés sécables,Les Laboratoires Servier Industrie,Commercial and Trading Ressources SAL (CTR),France,272800.0275,bisoprolol ref,true
MED#11385,11385,72322/1,BISOPROLOL REF,,10mg,30,Comprimés pelliculés sécables,Les Laboratoires Servier Industrie,Commercial and Trading Ressources SAL (CTR),France,544256.2125000001,bisoprolol ref,true
MED#10795,10795,96721/1,BIVASTINA 100,,100mg/4ml,2Vials,Concentrate for solution for infusion,"Manufactured by JSC Biocad, Russia for Benta SAL",Benta Trading Co s.a.l.,Lebanon,22840336.562400002,bivastina 100,true
MED#11666,11666,130823/1,BIVASTINA 100,,100mg/4ml,1Vial,Concentrate for solution for infusion,"Manufactured by JSC Biocad, Russia for Benta SAL",Benta Trading Co s.a.l.,Lebanon,12021318.086399999,bivastina 100,true
MED#10794,10794,96821/1,BIVASTINA 400,,400mg/16ml,2Vials,Concentrate for solution for infusion,"Manufactured by JSC Biocad, Russia for Benta SAL",Benta Trading Co s.a.l.,Lebanon,92353609.04999998,bivastina 400,true
MED#11667,11667,6524/1,BIVASTINA 400,,400mg/16ml,1Vial,Concentrate for solution for infusion,"Manufactured by JSC Biocad, Russia for Benta SAL",Benta Trading Co s.a.l.,Lebanon,53111763.04000001,bivastina 400,true
MED#10867,10867,57317/1,BLASTOFERON,,44mcg,12 disposable Prefilled syringes,Solution for injection (SC),BioSidus SAU,Droguerie Phenicia,Argentine,55847684.781,blastoferon,true
MED#10868,10868,57217/1,BLASTOFERON,,22mcg,12 disposable Prefilled syringes,Solution for injection (SC),BioSidus SAU,Droguerie Phenicia,Argentine,40725735.246,blastoferon,true
MED#7551,7551,186649/13,BLEO-CELL,,15mg,1Vial,Injectable powder for solution,Thymoorgan Pharmazie GmbH,Drugstore 3U S.A.R.L.,Germany,3817856.5425,bleo cell,true
MED#12117,12117,23825/1,BLEOCIN,,15U,1Vial,Lyophilized powder for solution for injection,Pharminicio SL,Mediterranean Pharmaceutical Company,Spain,2109832.7250000006,bleocin,true
MED#8498,8498,161415/1,BLINCYTO,,35mcg,1 Single use Vial for Intavenous infusion,Lyophilized powder + Solution Stabilizer Vial,Amgen Technology (Ireland) Unlimited Company,Mersaco,Ireland,239128126.58765623,blincyto,true
MED#481,481,27946/95,BLOKIUM 100MG,,100mg,30,Tablet,"Industrias Farmaceuticas Almirall, S.A.",Droguerie Phenicia,Spain,377619.74249999993,blokium 100mg,true
MED#480,480,27945/95,BLOKIUM 50MG,,50mg,30,Tablet,"Industrias Farmaceuticas Almirall, S.A.",Droguerie Phenicia,Spain,186794.1075,blokium 50mg,true
MED#1381,1381,405698/00,BLOPRESS,,8mg,28,Tablet,The Arab Pharmaceutical Manufacturing PSC (APM) under license from Takeda Pharmaceutical company Ltd Japan,Abela Frères S.A.L.,Jordan,806305.5,blopress,true
MED#1382,1382,974041/02,BLOPRESS,,16mg,28,Tablet,The Arab Pharmaceutical Manufacturing PSC (APM) under license from Takeda Pharmaceutical company Ltd Japan,Abela Frères S.A.L.,Jordan,1040134.0950000002,blopress,true
MED#6018,6018,23609/06,BLOPRESS PLUS 16MG,,,28,Tablet,The Arab Pharmaceutical Manufacturing PSC (APM) under license from Takeda Pharmaceutical company Ltd Japan,Abela Frères S.A.L.,Jordan,1040134.0950000002,blopress plus 16mg,true
MED#6017,6017,24537/07,BLOPRESS PLUS 8MG,,,28,Tablet,The Arab Pharmaceutical Manufacturing PSC (APM) under license from Takeda Pharmaceutical company Ltd Japan,Abela Frères S.A.L.,Jordan,806305.5,blopress plus 8mg,true
MED#11030,11030,114621/1,BLOVEK,,5mg,30,Tablet,"Algorithm S.A.L. (Packager and final batch releaser), Macleods Pharmaceuticals Limited, India (Bulk mamufacturer)",Droguerie de l'Union,Lebanon,511940.00000000006,blovek,true
MED#8341,8341,97115/1,BODERM,,250mg,15,Tablet,Benta SAL,Benta Trading Co s.a.l.,Lebanon,749992.1000000001,boderm,true
MED#10157,10157,4019/1,BONAFOR,,150mg,1,"Tablet, film coated",Pharmaline SAL,Pharmaline S.A.L.,Lebanon,383955.00000000006,bonafor,true
MED#9972,9972,28719/1,BONDRONAT,,6mg/6ml,1vial,concentrate for solution for infusion,Roche Diagnostics GmbH,Omnipharma,Germany,24963867.835200004,bondronat,true
MED#12075,12075,14223/1,BONTEO,,20mcg/80mcl per dose,1prefilled pen,,Alliance Medical Products Inc.,Food & Drug Corporation FDC,USA,17383842.8316,bonteo,true
MED#9970,9970,40219/1,BONVIVA,,150mg,1,"Tablet, film coated",Penn Pharmaceutical Services Ltd,Omnipharma,UK,1265899.635,bonviva,true
MED#6451,6451,218895/09,BOOSTRIX,,,1 Prefilled syringe 0.5ml + 2 needles,Injectable suspension,GlaxoSmithKline Biologicals SA,Abela Frères S.A.L.,Belgium,1394908.5150000001,boostrix,true
MED#10687,10687,189319/1,BORCADE,,3.5mg,1 vial,lyophilised powder for injection,"Manufactured by MSN Laboratories Private Ltd, India for Benta SAL",Benta Trading Co s.a.l.,Lebanon,11020380.588,borcade,true
MED#9386,9386,186162/13,BORCADE,,3.5mg,1 vial,Injectable lyophilised powder,"Hetero Labs Limited, India for Benta SAL",Benta Trading Co s.a.l.,Lebanon,11020380.588,borcade,true
MED#9477,9477,146117/1,BORTEZOMIB ACCORD,,3.5mg,1Vial,Powder for solution for injection,Accord Healthcare Limited,Mediterranean Pharmaceutical Company,UK,13007658.354075,bortezomib accord,true
MED#10598,10598,87420/1,BORTEZOMIB NEAPOLIS,,3.5mg,box of 1Vial of 10ml,Lyophilized powder for solution for injection,Neapolis Pharma,Medis Pharm Drugstore,Tunisia,14169600.118800003,bortezomib neapolis,true
MED#11619,11619,110122/1,BORTEZOMIB PHARMINICIO,,3.5mg,1Vial,Powder for solution for injection,Pharminicio SL,Mediterranean Pharmaceutical Company,Spain,13007658.354075,bortezomib pharminicio,true
MED#12284,12284,128824/1,BORTEZOMIB SHILPA,,3.5mg,1Vial,Lyophilised powder for injection,"Shilpa Medicare Limited, India",Levant Pulse SARL,India,9902419.781100001,bortezomib shilpa,true
MED#11269,11269,177320/1,BORTEZOMIB SPC,,3.5mg,1Vial,Powder for solution for injection,"Pharmaline SAL Licensed by Sudair Pharma Company, KSA",Advanced Healthcare Services SAL,Lebanon,15743400.84,bortezomib spc,true
MED#9468,9468,179517/1,BOSENTAN ARROW,,62.5mg,56,"Tablet, film coated",APL Swift Services (Malta) Limited,Darapharma S.A.L.,Malta,51483159.114429,bosentan arrow,true
MED#9469,9469,179417/1,BOSENTAN ARROW,,125mg,56,"Tablet, film coated",APL Swift Services (Malta) Limited,Darapharma S.A.L.,Malta,51483159.114429,bosentan arrow,true
MED#9910,9910,60519/1,BOSULIF,,100mg,28,"Tablet, film coated",Pfizer Manufacturing Deutschland GmbH,Droguerie Fattal S.A.L.,Germany,35663747.06160001,bosulif,true
MED#9911,9911,60619/1,BOSULIF,,400mg,28,"Tablet, film coated",Pfizer Manufacturing Deutschland GmbH,Droguerie Fattal S.A.L.,Germany,123564667.43906248,bosulif,true
MED#9912,9912,60719/1,BOSULIF,,500mg,28,"Tablet, film coated",Pfizer Manufacturing Deutschland GmbH,Droguerie Fattal S.A.L.,Germany,154453245.58124998,bosulif,true
MED#11440,11440,137822/1,BOTOX,,100 Allergan units,1Vial,Powder for solution for injection,Allergan Pharmaceuticals (Ireland),Mersaco,Ireland,18625995.360000003,botox,true
MED#363,363,405431/00,BOTOX,,100 Allergan units,1Vial,Powder for solution for injection,Allergan Pharmaceuticals (Ireland),Mersaco,Ireland,18625995.36,botox,true
MED#12243,12243,173618/1,BRADIREM,,5mg,56,"Tablet, film coated",Remedica Ltd,Droguerie Columbus,Cyprus,1134203.07,bradirem,true
MED#12244,12244,173518/1,BRADIREM,,7.5mg,56,"Tablet, film coated",Remedica Ltd,Droguerie Columbus,Cyprus,1134203.07,bradirem,true
MED#12251,12251,108622/1,BRAFTOVI,,50mg,28,"Capsule, hard","Catalent Pharma Solutions, LLC",Droguerie Fattal S.A.L.,USA,70084833.378,braftovi,true
MED#12252,12252,108722/1,BRAFTOVI,,75mg,42,"Capsule, hard","Catalent Pharma Solutions, LLC",Droguerie Fattal S.A.L.,USA,149227142.53453127,braftovi,true
MED#11714,11714,79620/1,BRAVIGO,,7.5mg,56,"Tablet, film coated",Genepharm SA,Nobel Pharm Plus SARL,Greece,1237678.9425000001,bravigo,true
MED#11715,11715,79520/1,BRAVIGO,,5mg,56,"Tablet, film coated",Genepharm SA,Nobel Pharm Plus SARL,Greece,1237678.9425000001,bravigo,true
MED#1177,1177,135268,BREXIN,,,20,Tablet,"Fine Foods & Pharmaceuticals N.T.M., SpA",Sadco,Italy,487814.82749999996,brexin,true
MED#11554,11554,52622/1,BREZTRI AEROSPHERE,,5mcg/7.2mcg/160mcg,1inhaler 120actuations Dessicated flow path (DFP),Pressurised inhalation suspension,AstraZeneca Dunkerque Production,Omnipharma,France,6705774.075000002,breztri aerosphere,true
MED#8155,8155,22615/1,BRIDION,,100mg/ml,10vialsx2ml,Injectable solution,N.V. Organon,Droguerie de l'Union,The Netherlands,54230829.87,bridion,true
MED#6517,6517,166754/11,BRILINTA,,90mg,56,"Tablet, film coated",AstraZeneca AB,Omnipharma,Sweden,5544694.155,brilinta,true
MED#7153,7153,166968/11,BRIMO,,0.2%,5ml,Ophtalmic solution,Jamjoum Pharmaceuticals,Droguerie Mercury S.A.L.,Saudi Arabia,658482.8250000002,brimo,true
MED#8750,8750,185839/13,BRIMOGAN,,0.2% w/v,5ml,Eye Drops Solution,Cooper SA Pharmaceuticals,Pharmamedic S.A.R.L.,Greece,483783.3000000001,brimogan,true
MED#11073,11073,115122/1,BRIMONIDINE BIOGARAN,,0.2% (2mg/ml),Flacon de 5ml,Collyre en solution,UAB Santonika,Commercial and Trading Ressources SAL (CTR),Lithuania,412559.6475,brimonidine biogaran,true
MED#10826,10826,71420/1,BRINAVESS,,20mg/ml,1Vial,Concentrate for solution for infusion,Siegfried Hameln GmbH,Droguerie de l'Union,Germany,41821581.573975004,brinavess,true
MED#7996,7996,137714/1,BRINTELLIX,,20mg,28,"Tablet, film coated",H. Lundbeck AS,Sadco,Denmark,6927508.0875,brintellix,true
MED#7997,7997,137614/1,BRINTELLIX,,10mg,28,"Tablet, film coated",H. Lundbeck AS,Sadco,Denmark,4345986.645000001,brintellix,true
MED#7998,7998,137514/1,BRINTELLIX,,5mg,28,"Tablet, film coated",H. Lundbeck AS,Sadco,Denmark,2592272.1825000006,brintellix,true
MED#9846,9846,5119/1,BRIVIACT,,25mg,56,"Tablet, film coated","UCB Pharma SA, Chemin Du Foriest",Sadco,Belgium,9627930.740925003,briviact,true
MED#9847,9847,5219/1,BRIVIACT,,50mg,56,"Tablet, film coated","UCB Pharma SA, Chemin Du Foriest",Sadco,Belgium,9627930.740925003,briviact,true
MED#9848,9848,15219/1,BRIVIACT,,10mg/ml,300ml,Solution,"UCB Pharma SA, Chemin Du Foriest",Sadco,Belgium,10314803.789325,briviact,true
MED#10947,10947,51622/1,BROMAZEPAM BIOGARAN,,6mg,30,Comprimés quadrsécables,Les Laboratoires Servier Industrie,Commercial and Trading Ressources SAL (CTR),France,180074.89500000002,bromazepam biogaran,true
MED#10138,10138,147119/1,BROMEX,,,120ml,Elixir,Mediphar Laboratories,Medapharm Healthcare SAL,Lebanon,250850.60000000003,bromex,true
MED#4380,4380,2231/94,BROMHEXINE,,4mg/5ml,90ml,Elixir,Mediphar Laboratories,Droguerie Cedarspharm S.A.R.L.,Lebanon,176619.30000000002,bromhexine,true
MED#6467,6467,96221/11,BRONCHO-VAXOM ADULTS,,7mg,30,Capsule,OM Pharma SA,UPO S.A.L.,Switzerland,2746814.0700000003,broncho vaxom adults,true
MED#6466,6466,96222/11,BRONCHO-VAXOM CHILDREN,,3.5mg,30,Capsule,OM Pharma SA,UPO S.A.L.,Switzerland,1988886.9000000001,broncho vaxom children,true
MED#1655,1655,973395/01,BRONCHOPHANE,,,125ml,Syrup,Eipico,United SAL,Egypt,115570.45500000003,bronchophane,true
MED#5948,5948,218588/10,BROT,,850mg,30,"Tablet, film coated",Medochemie Ltd,New Allpharma,Cyprus,327897.57,brot,true
MED#5734,5734,219572/09,BRUFEN,,400mg,30,"Tablet, film coated","Pharmaline Licensed by Abbott laboratories Ltd, UK",Mersaco,Lebanon,342383.9989570001,brufen,true
MED#5735,5735,219579/09,BRUFEN,,600mg,30,"Tablet, film coated","Pharmaline Licensed by Abbott laboratories Ltd, UK",Mersaco,Lebanon,423120.83713900007,brufen,true
MED#7328,7328,185998/13,BRUFEN,,100mg/5ml,100ml,Syrup,Abbvie SRL,Mersaco,Italy,364181.3175,brufen,true
MED#5135,5135,208862/03,BRUMIXOL,,100mg,6,Ovules vaginales,Bruschettini SRL,Soins et Santé,Italy,795554.76,brumixol,true
MED#6674,6674,097668/11,BRUNISTILL,,250mcg/ml,20 unidose of 0.5ml,eye drops solution,Pharma Stulln GmbH,Pharmamedic S.A.R.L.,Germany,940689.7499999999,brunistill,true
MED#8726,8726,45416/1,BRUXICAM,,0.5%,1 Bottle of 10ml,Eye Drops solution,Bruschettini SRL,Pharmamedic S.A.R.L.,Italy,530817.7875,bruxicam,true
MED#12517,12517,72924/1,BUCAINE HEAVY,,0.5% 20mg/4ml (5mg/ml),5Ampoules of 4ml,Solution for injection,Hikma Italia SpA,Interpharma S.A.L.,Italy,1423129.2075,bucaine heavy,true
MED#6217,6217,221174/08,BUDECORT,,1mg,20,Respules,Cipla Ltd,Droguerie de l'Union,India,1226928.2025000001,budecort,true
MED#6158,6158,222434/08,BUDECORT 200,,,200 Metered doses,Inhaler (CFC free),Cipla Ltd,Droguerie de l'Union,India,808993.185,budecort 200,true
MED#10162,10162,104319/1,BUDENA,,50mcg/actuation,200puffs (10ml),Pressurised inhalation suspension,Laboratorio Aldo-Union SL,Mediterranean Pharmaceutical Company,Spain,823775.4525,budena,true
MED#12215,12215,6125/1,BUDENA,,200mcg/actuation,200puffs (10ml),Pressurised inhalation suspension,Laboratorio Aldo-Union SL,Mediterranean Pharmaceutical Company,Spain,1065667.1025,budena,true
MED#7160,7160,96731/12,BUDENOFALK,,3mg,100,Capsule,Dr Falk Pharma GmbH,Meksapharma SARL,Germany,8554691.6028,budenofalk,true
MED#12563,12563,74324/1,BUDENOSIN,,0.5mg/ml,20Single dose Vials,Nebulizer solution,Neutec Inhaler Ilac San. ve Tic AS,Medis Pharm Drugstore,Turkey,1209458.2500000002,budenosin,true
MED#8782,8782,141316/1,BUDESONIDE ARROW,,0.5mg/2ml,Récipient unidose x20,Suspension pour inhalation par nébuliseur,Arrow Génériques,Darapharma S.A.L.,France,1342498.6575000002,budesonide arrow,true
MED#8800,8800,172516/1,BUDESONIDE ARROW,,1mg/2ml,Récipient unidose x20,Suspension pour inhalation par nébuliseur,Arrow Génériques,Darapharma S.A.L.,France,1342498.6575000002,budesonide arrow,true
MED#9238,9238,98317/1,BUDESONIDE ARROW,,0.5mg/2ml,Récipient unidose x20,Suspension pour inhalation par nébuliseur,Laboratoire Unither,Darapharma S.A.L.,France,1342498.6575000002,budesonide arrow,true
MED#9239,9239,98217/1,BUDESONIDE ARROW,,1mg/2ml,Récipient unidose x20,Suspension pour inhalation par nébuliseur,Laboratoire Unither,Darapharma S.A.L.,France,1342498.6575000002,budesonide arrow,true
MED#11184,11184,99620/1,BUFOMIX EASYHALER,,160mcg/4.5mcg,120doses,Inhalation powder,Orion Corporation Orion Pharma,UPO S.A.L.,Finland,2365162.8000000007,bufomix easyhaler,true
MED#11185,11185,99720/1,BUFOMIX EASYHALER,,160mcg/4.5mcg,60doses,Inhalation powder,Orion Corporation Orion Pharma,UPO S.A.L.,Finland,1182581.4000000004,bufomix easyhaler,true
MED#11186,11186,99520/1,BUFOMIX EASYHALER,,320mcg/9mcg,60doses,Inhalation powder,Orion Corporation Orion Pharma,UPO S.A.L.,Finland,2365162.8000000007,bufomix easyhaler,true
MED#11406,11406,6422/1,BUPENSAN,,8mg,7,Sublingual Tablet,GL Pharma GmbH,Bellapharma S.A.R.L.,Austria,1259180.4225,bupensan,true
MED#4021,4021,24496/06,BUPIVACAINE AGUETTANT 2.5MG/ML,,50mg/20ml,10vialsx20ml,solution for injection,Aguettant,Pharmamed,France,2736063.3299999996,bupivacaine aguettant 2 5mg ml,true
MED#4022,4022,24497/06,BUPIVACAINE AGUETTANT 5MG/ML,,100mg/20ml,10vialsx20ml,solution for injection,Aguettant,Pharmamed,France,3078743.1675000004,bupivacaine aguettant 5mg ml,true
MED#10755,10755,50021/1,BUPIVACAINE AGUETTANT for spinal anaesthesia,,20mg/4ml,5ampoules x4ml,solution for injection,Cenexi-Fontenay Sous Bois,Pharmamed,France,1554825.7725,bupivacaine aguettant for spinal anaesthesia,true
MED#11120,11120,181920/1,BUPIVACAINE HEAVY PANPHARMA,,5mg/ml (20mg/4ml),10Ampoules,Solution for injection,Panpharma GmbH,Minapharm Halabi,Germany,2586896.8125000005,bupivacaine heavy panpharma,true
MED#5688,5688,218890/09,BUPRENORPHINE ARROW,,8mg,7,"Tablet, sublingual",Ethypharm,Minapharm Halabi,France,1115389.2750000004,buprenorphine arrow,true
MED#5689,5689,218892/09,BUPRENORPHINE ARROW,,2mg,7,"Tablet, sublingual",Ethypharm,Minapharm Halabi,France,563070.0075000002,buprenorphine arrow,true
MED#10186,10186,132719/1,BURINEX,,1mg,20,Tablet,Allphamed Pharbil Arzneimittel GmbH,UPO S.A.L.,Germany,335960.625,burinex,true
MED#10204,10204,182019/1,BURINEX,,5mg,20,Tablet,Allphamed Pharbil Arzneimittel GmbH,UPO S.A.L.,Germany,1054916.3625000003,burinex,true
MED#9501,9501,43118/1,BUSCOPAN,,,50,"Tablet, sugar coated",Delpharm Reims,Mersaco,France,692078.8875,buscopan,true
MED#9502,9502,43018/1,BUSCOPAN,,,20,"Tablet, sugar coated",Delpharm Reims,Mersaco,France,291613.82249999995,buscopan,true
MED#1383,1383,208332/02,BUTALIN,,2mg/5ml,120ml,"Syrup, sugar free",Julphar,Pharmanet Drugstore S.A.R.L.,United Arab Emirates,122289.66750000001,butalin,true
MED#1384,1384,208296/03,BUTALIN,,100mcg/dose,200 metered doses,Inhaler (CFC free),Julphar,Pharmanet Drugstore S.A.R.L.,United Arab Emirates,145134.99000000005,butalin,true
MED#9019,9019,108816/1,BUTO-ASMA,,,200 doses,Inhaler,Laboratorio Aldo-Union SL,Mediterranean Pharmaceutical Company,Spain,237860.1225,buto asma,true
MED#6474,6474,168224/10,BUTOSOL,,,10ml,Aerosol,Laboratorio Aldo-Union SL,Mediterranean Pharmaceutical Company,Spain,548287.7400000001,butosol,true
MED#10716,10716,58921/1,BUVIDAL,,8mg,1Prefilled syringe,Prolonged release solution for injection,Rechon Life Science AB,Mersaco,Sweden,8524770.996525,buvidal,true
MED#10717,10717,59021/1,BUVIDAL,,16mg,1Prefilled syringe,Prolonged release solution for injection,Rechon Life Science AB,Mersaco,Sweden,8524770.996525,buvidal,true
MED#10718,10718,59121/1,BUVIDAL,,24mg,1Prefilled syringe,Prolonged release solution for injection,Rechon Life Science AB,Mersaco,Sweden,8524770.996525,buvidal,true
MED#10719,10719,59221/1,BUVIDAL,,32mg,1Prefilled syringe,Prolonged release solution for injection,Rechon Life Science AB,Mersaco,Sweden,8524770.996525,buvidal,true
MED#10720,10720,59321/1,BUVIDAL,,64mg,1Prefilled syringe,Prolonged release solution for injection,Rechon Life Science AB,Mersaco,Sweden,34835645.37600001,buvidal,true
MED#10721,10721,59421/1,BUVIDAL,,96mg,1Prefilled syringe,Prolonged release solution for injection,Rechon Life Science AB,Mersaco,Sweden,34835645.37600001,buvidal,true
MED#10722,10722,59521/1,BUVIDAL,,128mg,1Prefilled syringe,Prolonged release solution for injection,Rechon Life Science AB,Mersaco,Sweden,34835645.37600001,buvidal,true
MED#11899,11899,67824/1,BYANNLI,,1000mg,1prefilled syringe + 1needle,Prolonged release suspension for IM injection,Janssen Pharmaceutica NV,Mersaco,Belgium,141223863.26999998,byannli,true
MED#11900,11900,67724/1,BYANNLI,,700mg,1prefilled syringe + 1needle,Prolonged release suspension for IM injection,Janssen Pharmaceutica NV,Mersaco,Belgium,96913302.22874999,byannli,true
MED#12632,12632,199925/1,CABAZITAXEL AQVIDA,,60mg/3ml,1Vial,Concentrate for solution for infusion,AqVida GmbH,Mediterranean Pharmaceutical Company,Germany,52933046.397,cabazitaxel aqvida,true
MED#10672,10672,60621/1,CABAZITAXEL EVER PHARMA,,10mg/ml,Box of 1Vial of 6ml,Concentrate for solution for infusion,Ever Pharma Jena GmbH,Droguerie R. Pharaon & Fils S.A.L.,Germany,56690954.927287795,cabazitaxel ever pharma,true
MED#12457,12457,81023/1,CABERGOL,,0.5mg,8,"Tablet, scored",Neapolis Pharma,Medis Pharm Drugstore,Tunisia,976973.4975,cabergol,true
MED#9629,9629,70718/1,CABOMETYX,,20mg,30,"Tablet, film coated",Tjoapack Netherlands BV,Droguerie de l'Union,The Netherlands,440893500.5768265,cabometyx,true
MED#9630,9630,70818/1,CABOMETYX,,40mg,30,"Tablet, film coated",Tjoapack Netherlands BV,Droguerie de l'Union,The Netherlands,440893500.5768265,cabometyx,true
MED#9631,9631,70918/1,CABOMETYX,,60mg,30,"Tablet, film coated",Tjoapack Netherlands BV,Droguerie de l'Union,The Netherlands,440893500.5768265,cabometyx,true
MED#12448,12448,10621/1,CABOTAX,,60mg/1.5ml,Single dose vial + 1vial of diluent,Concentrate for solution for infusion,Nano Fanavaran Darouei Alvand Co,Lebiran SARL,Iran,45371505.9,cabotax,true
MED#11020,11020,40122/1,CAELYX,,2mg/ml,1Vial x 10ml,concentrate for infusion,"Baxter Oncology GmbH, Halle",Abela Frères S.A.L.,Germany,34821487.44283994,caelyx,true
MED#1385,1385,14247,CAL-C-VITA EFFERVESCENT,,,15,Tablet,Delpharm Gaillard,Nouvelle Pharm Drugstore,France,494534.0400000001,cal c vita effervescent,true
MED#11329,11329,130922/1,CAL-VIT,,,1000,Tablet,Pharmadex,Pharmadex,Lebanon,4025128.25,cal vit,true
MED#4576,4576,19273,CAL-VIT,,,100ml,Syrup,Pharmadex,Pharmadex,Lebanon,163820.80000000002,cal vit,true
MED#4577,4577,19264,CAL-VIT,,,30,Tablet,Pharmadex,Pharmadex,Lebanon,142063.35000000003,cal vit,true
MED#4481,4481,22448,CALAMINE PLUS,,,120ml,Lotion,Mephico SAL,Mephico S.A.L.,Lebanon,177899.15000000005,calamine plus,true
MED#4103,4103,2803/94,CALCIUM CHLORIDE,,10g/100ml,100 x 10ml,Injectable solution,Alfa Laboratoires S.A.L.,Alfa Laboratoires S.A.L.,Lebanon,5436770.580000001,calcium chloride,true
MED#11983,11983,83824/1,CALCIUM GLUCONATE,,10g/100ml,100 x 10ml,Injectable solution,Alfa Laboratoires S.A.L.,Alfa Laboratoires S.A.L.,Lebanon,6867499.680000001,calcium gluconate,true
MED#4104,4104,2836/94,CALCIUM GLUCONATE,,10g/100ml,10 x 10ml,Injectable solution,Alfa Laboratoires S.A.L.,Alfa Laboratoires S.A.L.,Lebanon,763055.52,calcium gluconate,true
MED#7735,7735,45814/1,CALCIUM GLUCONATE S.A.L.F,,10%,5Ampoules x 10ml,IV Solution for injection,SALFSpA Laboratorio Farmacologico,New Europharm,Italy,389714.325,calcium gluconate s a l f,true
MED#1161,1161,135391,CALCIUM RESONIUM,,15g,300g,Powder,Sanofi Winthrop Industrie,Mersaco,France,2053391.3400000003,calcium resonium,true
MED#8503,8503,172515/1,CALCIUMFOLINAT EBEWE,,100mg/10ml,1Vial,Solution for injection,Salutas Pharma GmbH,Khalil Fattal & Fils S.A.L.,Germany,1289872.073639403,calciumfolinat ebewe,true
MED#7221,7221,185810/13,CALIVIDA,,0.5mg/ml,200ml bottle,Oral solution,"Medana Pharma SA, Sieradz- Poland for Arwan Pharmaceutical Industries Lebanon",Raymond Georges Abou Adal & Co,Lebanon,1158264.2500000002,calivida,true
MED#7222,7222,185811/13,CALIVIDA,,5mg,28,"Tablet, film coated","Adamed Pharma S.A. Ksawerow, Poland for Arwan Pharmaceutical Industries Lebanon SAL",Raymond Georges Abou Adal & Co,Lebanon,447947.50000000006,calivida,true
MED#2248,2248,78728/97,CALPEROS,,500mg,60,Tablet,Bouchara Recordati,Droguerie de l'Union,France,705517.3125,calperos,true
MED#2249,2249,78727/97,CALPEROS D3 A SUCER,,,60,Tablet,Bouchara Recordati,Droguerie de l'Union,France,705517.3125,calperos d3 a sucer,true
MED#10917,10917,110620/1,CALQUENCE,,100mg,60,"Tablet, film coated",AstraZeneca AB,Omnipharma,Sweden,650653453.5210938,calquence,true
MED#10895,10895,65421/1,CALTRATE 600,,,60,Tablet,Pf Consumer Healthcare Canada ULC,Sadco,Canada,618167.55,caltrate 600,true
MED#11357,11357,19423/1,CAMPHO-PNEUMINE AMINOPHYLLINE ADULTES,,,12,Suppository,Chaoul Pharmaceuticals (Cha-Pha) SAL,Pharmamedic S.A.R.L.,Lebanon,490182.55000000005,campho pneumine aminophylline adultes,true
MED#4351,4351,20606,CAMPHO-PNEUMINE AMINOPHYLLINE ADULTES,,,8,Suppository,Chaoul Pharmaceuticals (Cha-Pha) SAL,Pharmamedic S.A.R.L.,Lebanon,326361.75000000006,campho pneumine aminophylline adultes,true
MED#11359,11359,19523/1,CAMPHO-PNEUMINE AMINOPHYLLINE ENFANTS,,,12,Suppository,Chaoul Pharmaceuticals (Cha-Pha) SAL,Pharmamedic S.A.R.L.,Lebanon,426190.05000000005,campho pneumine aminophylline enfants,true
MED#4350,4350,20607,CAMPHO-PNEUMINE AMINOPHYLLINE ENFANTS,,,8,Suppository,Chaoul Pharmaceuticals (Cha-Pha) SAL,Pharmamedic S.A.R.L.,Lebanon,284126.70000000007,campho pneumine aminophylline enfants,true
MED#10852,10852,185518/1,CANAGYN,,500mg,1,Vaginal tablet,Jordan River Pharmaceutical Industries LLC,Atrissi SARL,Jordan,302364.5625,canagyn,true
MED#7235,7235,221853/08,CANAGYN,,100mg,6,Vaginal Tablets,Jordan River Pharmaceutical Industries LLC,Atrissi SARL,Jordan,229797.0675,canagyn,true
MED#10245,10245,135119/1,CANDAM,,16mg/10mg,30,"Capsule, hard",Adamed Pharma S.A.,Algenericon Med,Poland,923219.7975000002,candam,true
MED#10246,10246,135019/1,CANDAM,,8mg/5mg,30,"Capsule, hard",Adamed Pharma S.A.,Algenericon Med,Poland,923219.7975000002,candam,true
MED#10247,10247,134919/1,CANDAM,,16mg/5mg,30,"Capsule, hard",Adamed Pharma S.A.,Algenericon Med,Poland,923219.7975000002,candam,true
MED#10112,10112,83418/1,CANDESARTAN / HYDROCHLOROTHIAZIDE BIOGARAN,,16mg/12.5mg,30,Comprimés,Bluepharma Industria Farmaceutica SA,Commercial and Trading Ressources SAL (CTR),Portugal,327897.57,candesartan hydrochlorothiazide biogaran,true
MED#10113,10113,83318/1,CANDESARTAN / HYDROCHLOROTHIAZIDE BIOGARAN,,8mg/12.5mg,30,Comprimés,Bluepharma Industria Farmaceutica SA,Commercial and Trading Ressources SAL (CTR),Portugal,327897.57,candesartan hydrochlorothiazide biogaran,true
MED#10109,10109,83218/1,CANDESARTAN BIOGARAN,,32mg,30,Comprimés sécables,Bluepharma Industria Farmaceutica SA,Commercial and Trading Ressources SAL (CTR),Portugal,434061.1275000001,candesartan biogaran,true
MED#10110,10110,83118/1,CANDESARTAN BIOGARAN,,16mg,30,Comprimés sécables,Bluepharma Industria Farmaceutica SA,Commercial and Trading Ressources SAL (CTR),Portugal,434061.1275000001,candesartan biogaran,true
MED#10111,10111,83018/1,CANDESARTAN BIOGARAN,,8mg,30,Comprimés sécables,Bluepharma Industria Farmaceutica SA,Commercial and Trading Ressources SAL (CTR),Portugal,434061.1275000001,candesartan biogaran,true
MED#11313,11313,67222/1,CANDIGARD,,70mg,1Vial,Powder for concentrate for solution for infusion,Hikma Italia SpA,Droguerie de l'Union,Italy,22127179.0824,candigard,true
MED#11314,11314,67322/1,CANDIGARD,,50mg,1Vial,Powder for concentrate for solution for infusion,Hikma Italia SpA,Droguerie de l'Union,Italy,22127179.0824,candigard,true
MED#8613,8613,185815/13,CANDIZOL,,150mg,2,Capsule,Mediphar Laboratories,Pharmamedic S.A.R.L.,Lebanon,385234.85000000003,candizol,true
MED#7729,7729,78214/1,CANESTEN,,,20ml,Solution,Kvp Pharma+ Veterinar Produkte GmbH,Nouvelle Pharm Drugstore,Germany,368212.84500000003,canesten,true
MED#7869,7869,108014/1,CANESTEN,,,20g,Cream,GP Grenzach Produktions GmbH,Nouvelle Pharm Drugstore,Germany,344023.68,canesten,true
MED#8098,8098,154814/1,CANESTEN,,0.1g,6,Vaginal Tablets,GP Grenzach Produktions GmbH,Nouvelle Pharm Drugstore,Germany,408528.12,canesten,true
MED#5187,5187,24726/07,CAPD/DPCA 17Solution for peritoneal dialysis sleep safe,,,5000ml,,Fresenius medical Care Deutschland,Droguerie de l'Union,Germany,744140.2240737466,capd dpca 17solution for peritoneal dialysis sleep safe,true
MED#5186,5186,24725/07,CAPD/DPCA 17Solution for peritoneal dialysis stay safe,,,2000ml,,Fresenius medical Care Deutschland,Droguerie de l'Union,Germany,629915.5395658127,capd dpca 17solution for peritoneal dialysis stay safe,true
MED#5189,5189,24693/07,CAPD/DPCA 19Solution for peritoneal dialysis sleep safe,,,5000ml,,Fresenius medical Care Deutschland,Droguerie de l'Union,Germany,744140.2240737466,capd dpca 19solution for peritoneal dialysis sleep safe,true
MED#5188,5188,24724/07,CAPD/DPCA 19Solution for peritoneal dialysis stay safe,,,2000ml,,Fresenius medical Care Deutschland,Droguerie de l'Union,Germany,769336.8456563792,capd dpca 19solution for peritoneal dialysis stay safe,true
MED#5190,5190,24691/07,CAPD/DPCA 2Solution for peritoneal dialysis stay safe,,,2000ml,,Fresenius medical Care Deutschland,Droguerie de l'Union,Germany,735741.3502128691,capd dpca 2solution for peritoneal dialysis stay safe,true
MED#5191,5191,24692/07,CAPD/DPCA 3Solution for peritoneal dialysis,,,2000ml,,Fresenius medical Care Deutschland,Droguerie de l'Union,Germany,769336.8456563792,capd dpca 3solution for peritoneal dialysis,true
MED#8479,8479,133715/1,CAPECITABINE ACCORD,,500mg,120,"Tablet, film coated",Accord Healthcare Limited,Mediterranean Pharmaceutical Company,UK,10908012.331124999,capecitabine accord,true
MED#9326,9326,112917/1,CAPECITABINE BIOGARAN,,500mg,120,Comprimés pelliculés,Remedica Ltd,Commercial and Trading Ressources SAL (CTR),Cyprus,12123049.125075003,capecitabine biogaran,true
MED#11152,11152,124521/1,CAPECITABINE NEAPOLIS,,500mg,120,"Tablet, film coated",Neapolis Pharma,Medis Pharm Drugstore,Tunisia,11222829.144975001,capecitabine neapolis,true
MED#11620,11620,112722/1,CAPECITABINE PHARMINICIO,,500mg,120,"Tablet, film coated",Pharminicio SL,Mediterranean Pharmaceutical Company,Spain,8869508.416650001,capecitabine pharminicio,true
MED#12281,12281,128724/1,CAPECITABINE SHILPA,,500mg,120,"Tablet, film coated","Shilpa Medicare Limited, India",Levant Pulse SARL,India,7396894.229550001,capecitabine shilpa,true
MED#11266,11266,8121/1,CAPECITABINE SPC,,500mg,120,"Tablet, film coated","Pharmaline SAL Licensed by Sudair Pharma Company, KSA",Advanced Healthcare Services SAL,Lebanon,12665770.515500002,capecitabine spc,true
MED#11267,11267,6321/1,CAPECITABINE SPC,,150mg,60,"Tablet, film coated","Pharmaline SAL Licensed by Sudair Pharma Company, KSA",Advanced Healthcare Services SAL,Lebanon,4094240.15,capecitabine spc,true
MED#5766,5766,218753/09,CAPEDA,,500mg,60,"Tablet, film coated",Benta SAL,Benta Trading Co s.a.l.,Lebanon,4927422.5,capeda,true
MED#4275,4275,78968/98,CAPTACE,,25mg,30,"Tablet, scored",Algorithm S.A.L.,Droguerie de l'Union,Lebanon,486343,captace,true
MED#4276,4276,78969/98,CAPTACE,,50mg,30,"Tablet, scored",Algorithm S.A.L.,Droguerie de l'Union,Lebanon,652723.5000000001,captace,true
MED#4278,4278,78966/98,CAPTACE PLUS,,50/25mg,30,"Tablet, scored",Algorithm S.A.L.,Droguerie de l'Union,Lebanon,1028487.4600000001,captace plus,true
MED#10294,10294,36320/1,CAPTAIN,,200mg,30,"Capsule, soft gelatin","Phil Interpharma Co. Ltd., Vietnam for Arwan Pharmaceutical Industries Lebanon",Raymond Georges Abou Adal & Co,Lebanon,383955.00000000006,captain,true
MED#10295,10295,42420/1,CAPTAIN,,100mg/5ml,1glass bottle of 110ml,Oral suspension,"Lifepharma Fze, United Arab Emirates for Arwan Pharmaceutical Industries Lebanon",Raymond Georges Abou Adal & Co,Lebanon,335320.70000000007,captain,true
MED#11450,11450,133721/1,CAPTAIN FORTE,,400mg,20,Lqui soft gel capsules,"Phil Interpharma Co. Ltd., Vietnam for Arwan Pharmaceutical Industries Lebanon",Raymond Georges Abou Adal & Co,Lebanon,508740.37500000006,captain forte,true
MED#4578,4578,46,CAPTOPRIL,,25mg,1000,"Tablet, scored",Pharmadex,Pharmadex,Lebanon,4453878,captopril,true
MED#6714,6714,167735/11,CAPTOPRIL,,25mg,30,"Tablet, scored",Pharmadex,Pharmadex,Lebanon,355798.3000000001,captopril,true
MED#12494,12494,150223/1,CARBETOCINA GP-PHARM,,100mcg,5Prefilled syringes,Injectable solution,"GP-Pharm, SA",Mediterranean Pharmaceutical Company,Spain,9041226.67875,carbetocina gp pharm,true
MED#6405,6405,218692/10,CARBOPLATIN VIANEX,,150mg/15ml,1 vial,Injectable solution for infusion,Vianex SA- Plant C,Droguerie Solupharm SAL,Greece,1277994.2174999998,carboplatin vianex,true
MED#12614,12614,33425/1,CARBOPLATINE ARROW LAB,,10mg/ml 600mg/60ml,1Vial 60ml,Solution à diluer pour perfusion (IV),APL Swift Services (Malta) Limited,Darapharma S.A.L.,Malta,10115206.925800705,carboplatine arrow lab,true
MED#12615,12615,33325/1,CARBOPLATINE ARROW LAB,,10mg/ml 450mg/45ml,1Vial 60ml,Solution à diluer pour perfusion (IV),APL Swift Services (Malta) Limited,Darapharma S.A.L.,Malta,7586405.194350528,carboplatine arrow lab,true
MED#2250,2250,78977,CARBOPLATINE EBEWE,,150mg,1 x 15ml,Vial,Fareva Unterach GmbH,Khalil Fattal & Fils S.A.L.,Austria,2691716.5275,carboplatine ebewe,true
MED#6469,6469,219212/09,CARBOPLATINE VIATRIS 10MG/ML,,150mg/15ml,1 Vial x 15ml,Injectable solution for IV infusion,"Benta SAL under license from Viatris Santé, France",Benta Trading Co s.a.l.,Lebanon,2981282.5062020007,carboplatine viatris 10mg ml,true
MED#6903,6903,97958/12,CARBOPLATINE VIATRIS 10MG/ML,,50mg/5ml,1Vial x 5ml,Injectable solution for IV infusion,"Benta SAL under license from Viatris Santé, France",Benta Trading Co s.a.l.,Lebanon,941929.7787900001,carboplatine viatris 10mg ml,true
MED#2251,2251,236347,CARBOSYLANE,,,60,Gélule,Grimberg,Pharmamedic S.A.R.L.,France,585915.3300000001,carbosylane,true
MED#2252,2252,973403/01,CARBOSYMAG,,24doses,48,Gélule,Grimberg,Pharmamedic S.A.R.L.,France,384338.9550000001,carbosymag,true
MED#9836,9836,165116/1,CARDESINE,,6mg/2ml,1Vial,Solution for IV injection,MS Pharma,Bellapharma S.A.R.L.,Jordan,563070.0075000001,cardesine,true
MED#12419,12419,157225/1,CARDEZACURE,,10mg,30,"Tablet, film coated","UBSA Pharma Industries SARL (Secondary Packaging), manufacturer: Livealth Biopharma Pvt. Ltd, India",Tamipharm,Lebanon,499141.5,cardezacure,true
MED#12420,12420,157625/1,CARDEZACURE,,20mg,30,"Tablet, film coated","UBSA Pharma Industries SARL (Secondary Packaging), manufacturer: Livealth Biopharma Pvt. Ltd, India",Tamipharm,Lebanon,499141.5,cardezacure,true
MED#12538,12538,16826/1,CARDIBEE,,5mg,30,Tablet,UBSA Pharma Industries SARL,Bee Pharm SARL,Lebanon,362197.55000000005,cardibee,true
MED#6309,6309,24676/07,CARDIOSAFE 10,,10mg,30,"Tablet, coated",The Jordanian Pharmaceutical Manufacturing Co. (JPM),C. Catafago & Co,Jordan,610104.495,cardiosafe 10,true
MED#6308,6308,23639/06,CARDIOSAFE 5,,5mg,30,"Tablet, coated",The Jordanian Pharmaceutical Manufacturing Co. (JPM),C. Catafago & Co,Jordan,330585.25500000006,cardiosafe 5,true
MED#8924,8924,129615/1,CARDIOVITEX,,,30,Tablet,Vitex Pharmaceuticals PTY Ltd,PMD (Pharmacist's medical drugstore),Australia,2822069.25,cardiovitex,true
MED#12602,12602,104923/1,CARDULAR,,4mg,20,Tablet,Pfizer Manufacturing Deutschland GmbH,Mectapharm S.A.L.,Germany,755239.4850000002,cardular,true
MED#7258,7258,185912/13,CARDULAR,,4mg,20,Tablet,Pfizer Manufacturing Deutschland GmbH,Mectapharm S.A.L.,Germany,755239.485,cardular,true
MED#12596,12596,55626/1,CARFILU,,60mg,1Vial,Powder for injection,"Manufactured by Qilu Pharmaceutical (Hainan) Co Ltd, China Packed by Alfa Laboratoires S.A.L.",Levant Pulse SARL,Lebanon,58470568.38,carfilu,true
MED#12135,12135,142523/1,CARIBAN,,10mg/10mg,24,"Capsule, hard, modified release",Italfarmaco SpA,Droguerie Phenicia,Italy,1701304.6050000004,cariban,true
MED#10788,10788,144720/1,CARLEVO,,25mg/100mg,100,Tablet,Pharmaline SAL,Pharmaline S.A.L.,Lebanon,2431715.0000000005,carlevo,true
MED#10789,10789,144820/1,CARLEVO,,25mg/250mg,20,Tablet,Pharmaline SAL,Pharmaline S.A.L.,Lebanon,796066.7000000001,carlevo,true
MED#11226,11226,92420/1,CARMETADIN,,35mg,60,modified release film coated tablet,World Medicine Ilac San. ve Tic. AS,Multipharm,Turkey,631605.9750000001,carmetadin,true
MED#12513,12513,42123/1,CARMUSTINE WAYMADE,,100mg,(1+1),Powder and solvent for concentrate for solution for infusion,Pramal Pharma Solutions,Pharmamed,USA,60411990.387,carmustine waymade,true
MED#11921,11921,98422/1,CARPLATU,,150mg/15ml,,Solution for IV infusion,Onko Ilac Sanayi Ve Tic AS,Germanos Health Care Supplies SARL,Turkey,1277994.2175000003,carplatu,true
MED#9465,9465,162117/1,CARVEDILOL ARROW,,12.5mg,28,"Tablet, film coated, scored",APL Swift Services (Malta) Limited,Darapharma S.A.L.,Malta,364181.3175,carvedilol arrow,true
MED#9466,9466,162217/1,CARVEDILOL ARROW,,25mg,28,"Tablet, film coated, scored",APL Swift Services (Malta) Limited,Darapharma S.A.L.,Malta,425998.0725,carvedilol arrow,true
MED#9467,9467,162017/1,CARVEDILOL ARROW,,6.25mg,28,"Tablet, film coated, scored",APL Swift Services (Malta) Limited,Darapharma S.A.L.,Malta,364181.3175,carvedilol arrow,true
MED#11511,11511,92121/1,CASODEX,,50mg,28,"Tablet, film coated",Corden Pharma GmbH,Omnipharma,Germany,3777541.2675,casodex,true
MED#11512,11512,92321/1,CASODEX,,150mg,28,Tablet,Corden Pharma GmbH,Omnipharma,Germany,10863781.869675001,casodex,true
MED#11296,11296,157222/1,CASPOFUNGINE STRAGEN,,50mg,1Flacon,Poudre pour solution à diluer pour perfusion,Pharmathen SA,Karout pharmacy,Greece,18712832.770800002,caspofungine stragen,true
MED#11297,11297,11718/1,CASPOFUNGINE STRAGEN,,70mg,1Flacon,Poudre pour solution à diluer pour perfusion,Pharmathen SA,Karout pharmacy,Greece,22928851.9908,caspofungine stragen,true
MED#12665,12665,9225/1,CASPOFUNGINE STRAGEN,,70mg,1Flacon,Poudre pour solution à diluer pour perfusion,Elpen Pharmaceutical Co. Inc,Karout pharmacy,Greece,22928851.9908,caspofungine stragen,true
MED#12666,12666,9325/1,CASPOFUNGINE STRAGEN,,50mg,1Flacon,Poudre pour solution à diluer pour perfusion,Elpen Pharmaceutical Co. Inc,Karout pharmacy,Greece,18712832.770800002,caspofungine stragen,true
MED#11647,11647,138623,CATAFLAM,,50mg,20,"Tablet, sugar coated","Novartis Urunleri, Istanbul",Khalil Fattal & Fils S.A.L.,Turkey,262049.2875000001,cataflam,true
MED#10855,10855,16318/1,CEBROTONIN,,800mg,30,"Tablet, film coated",Artesan Pharma GmbH & Co. KG,Levant Alie Houses S.A.L.,Germany,577852.275,cebrotonin,true
MED#6529,6529,166827/11,CECLOR,,250mg/5ml,60ml,Powder for suspension,"Pharmaline Licensed by Phadisco Ltd, Cyprus",Droguerie de l'Union,Lebanon,851100.2500000002,ceclor,true
MED#6530,6530,166826/11,CECLOR,,125mg/5ml,60ml,Powder for suspension,"Pharmaline Licensed by Phadisco Ltd, Cyprus",Droguerie de l'Union,Lebanon,487622.85000000015,ceclor,true
MED#6604,6604,166829/11,CECLOR MR,,750mg,10,"Tablet, film coated, modified release","Pharmaline Licensed by Phadisco Ltd, Cyprus",Droguerie de l'Union,Lebanon,1555017.7500000005,ceclor mr,true
MED#6605,6605,166828/11,CECLOR MR,,500mg,10,"Tablet, film coated, modified release","Pharmaline Licensed by Phadisco Ltd, Cyprus",Droguerie de l'Union,Lebanon,1226096.3,ceclor mr,true
MED#1658,1658,405929/00,CEFADRIL,,500mg,12,Capsule,RAM Pharmaceutical Industries Co Ltd,Premium Serve Drugstore Co. P.S.D. SAL,Jordan,450187.23749999993,cefadril,true
MED#1659,1659,405927/00,CEFADRIL,,250mg/5ml,60ml,Suspension,RAM Pharmaceutical Industries Co Ltd,Premium Serve Drugstore Co. P.S.D. SAL,Jordan,268768.5,cefadril,true
MED#11583,11583,66822/1,CEFAXONE,,1g,4ml,Powder for IM injection +amp of solvent,Unimed Laboratories,PMD (Pharmacist's medical drugstore),Tunisia,403152.7500000001,cefaxone,true
MED#11835,11835,69724/1,CEFAXONE IM/IV,,1g,10Vials (without solvent),Powder for injectable preparation,Unimed Laboratories,PMD (Pharmacist's medical drugstore),Tunisia,3628374.750000001,cefaxone im iv,true
MED#11836,11836,69524/1,CEFAXONE IV,,1g,1Vial (with solvent dist. water),Powder for injectable preparation,Unimed Laboratories,PMD (Pharmacist's medical drugstore),Tunisia,403152.7500000001,cefaxone iv,true
MED#11843,11843,32124/1,CEFAZOL IM/IV,,1g,25Vials,Powder for injection,Unimed Laboratories,PMD (Pharmacist's medical drugstore),Tunisia,5375370,cefazol im iv,true
MED#2263,2263,B0341/91,CEFAZOLIN PANPHARMA,,1g,25,Vial,Panpharma,Minapharm Halabi,France,5521848.8325000005,cefazolin panpharma,true
MED#3943,3943,195255/04,CEFAZOLINA,,1g,Box of 100Vials,IV,Laboratorio Reig Jofre SA,Medi drug International SAL (MDI),Spain,18574396.318800002,cefazolina,true
MED#12452,12452,119224/1,CEFAZOLINE LDP-LABORATORIOS TORLAN,,1g,Boite de 10Vials,Powder for solution injection and infusion,"LDP Laboratorios Torlan, SA",Minapharm Halabi,Spain,1631424.7950000004,cefazoline ldp laboratorios torlan,true
MED#11860,11860,77122/1,CEFDIA,,400mg,5,"Tablet, film coated",Nobel Ilac San. Ve Tic AS,BroadMed SAL,Turkey,806305.5000000002,cefdia,true
MED#11318,11318,147422/2,CEFEPIME LDP LABORATORIOS TORLAN,,1g,10Vials,Injectable powder for solution IM/IV,"LDP Laboratorios Torlan, SA",Minapharm Halabi,Spain,5933064.637500001,cefepime ldp laboratorios torlan,true
MED#8090,8090,9415/1,CEFEPIME PANPHARMA,,1g,10Vials,Injectable powder for solution IM/IV,"LDP Laboratorios Torlan, SA",Minapharm Halabi,Spain,5933064.6375,cefepime panpharma,true
MED#5277,5277,222419/08,CEFIPEX 1000 BENTA,,1000mg,1vial+ 10ml water for injection,IM/IV,Benta SAL,Benta Trading Co s.a.l.,Lebanon,703917.5000000001,cefipex 1000 benta,true
MED#5659,5659,219730/09,CEFIPEX 1000 BENTA,,1000mg,1vial,"IM,IV",Benta SAL,Benta Trading Co s.a.l.,Lebanon,703917.5000000001,cefipex 1000 benta,true
MED#5658,5658,219729/09,CEFIPEX 500 BENTA,,500mg,1vial,"IM,IV",Benta SAL,Benta Trading Co s.a.l.,Lebanon,545216.1,cefipex 500 benta,true
MED#6853,6853,219210/09,CEFIX,,400mg,5,Capsule,Pharma International Co,Picomed SARL,Jordan,791523.2325,cefix,true
MED#753,753,148316/03,CEFIX,,100mg/5ml,30ml,Suspension,Pharma International Co,Picomed SARL,Jordan,349399.05,cefix,true
MED#754,754,148317/03,CEFIX,,100mg/5ml,60ml,Suspension,Pharma International Co,Picomed SARL,Jordan,700141.9425,cefix,true
MED#12431,12431,105925/1,CEFIXIME NEOCEF,,400mg,8,"Tablet, coated","Chaoul Pharmaceuticals (Cha-pha) SAL Lebanon (Packing) under license from Laboratorios Atral SA, Portugal",Pharmamedic S.A.R.L.,Lebanon,1200586.686299,cefixime neocef,true
MED#6512,6512,221349/08,CEFIXIME NEOCEF,,100mg/5ml,120ml,Oral suspension,Laboratorios Atral SA,Pharmamedic S.A.R.L.,Portugal,692078.8875000001,cefixime neocef,true
MED#8876,8876,67616/1,CEFIZOX,,1g/IV,1Vial,Injectable,Hikma Farmaceutica under license of Astellas Pharma Inc. Japan,Abela Frères S.A.L.,Portugal,786147.8625,cefizox,true
MED#9916,9916,104916/1,CEFLOXINE,,400mg/200ml,1Bag,Solution for IV intravenous infusion,MS Pharma,Bellapharma S.A.R.L.,Jordan,1134203.07,cefloxine,true
MED#3777,3777,208361/02,CEFODOX,,50mg/5ml,50ml,Suspension,Pharma International Co,Picomed SARL,Jordan,604729.125,cefodox,true
MED#3987,3987,208360/02,CEFODOX,,100mg,10,Tablet,Pharma International Co,Picomed SARL,Jordan,434061.1275,cefodox,true
MED#760,760,208806/03,CEFODOX,,200mg,10,Tablet,Pharma International Co,Picomed SARL,Jordan,851996.145,cefodox,true
MED#761,761,208807/03,CEFODOX,,100mg/5ml,50ml,Suspension,Pharma International Co,Picomed SARL,Jordan,735081.8475,cefodox,true
MED#5774,5774,221695/08,CEFORA,,500mg,10,Tablet,Pharmadex licensed by Orbucell pharma Canada,Medi drug International SAL (MDI),Lebanon,703917.5000000001,cefora,true
MED#1660,1660,973910/02,CEFOTAX,,1g,1Vial + 1Amp solvent,Injection,Eipico,C. Catafago & Co,Egypt,217702.48500000002,cefotax,true
MED#2266,2266,973405/01,CEFOTAXIME PANPHARMA,,1g,25fl,Injectable powder for solution IM/IV,Panpharma,Minapharm Halabi,France,6127921.8,cefotaxime panpharma,true
MED#8617,8617,49816/1,CEFPODOXIME ARROW LAB,,100mg,10,"Tablet, film coated",APL Swift Services (Malta) Limited,Darapharma S.A.L.,Malta,499909.4099999999,cefpodoxime arrow lab,true
MED#12195,12195,135219/1,CEFPROZ,,500mg,10,"Tablet, film coated",Medpharma Pharma and Chem Ind's LLC,C. Catafago & Co,United Arab Emirates,1737588.3525000003,cefproz,true
MED#6422,6422,219554/09,CEFPROZ 250,,250mg/5ml,50ml,Powder for Oral Suspension,Medpharma Pharma and Chem Ind's LLC,C. Catafago & Co,United Arab Emirates,712236.5249999999,cefproz 250,true
MED#7242,7242,186375/13,CEFPROZ 250,,250mg/5ml,100ml,Powder for Oral Suspension,Medpharma Pharma and Chem Ind's LLC,C. Catafago & Co,United Arab Emirates,1343842.5,cefproz 250,true
MED#6505,6505,218905/10,CEFTAZIDIME PANPHARMA,,1g,10 vials,Injectable powder for solution,Panpharma,Minapharm Halabi,France,3300477.18,ceftazidime panpharma,true
MED#12454,12454,105124/1,CEFTRIAXONE LDP-LABORATORIOS TORLAN,,1g,Boite de 10Vials,Powder for solution injection and infusion,"LDP Laboratorios Torlan, SA",Minapharm Halabi,Spain,3801730.4325000006,ceftriaxone ldp laboratorios torlan,true
MED#2271,2271,973948/02,CEFTRIAXONE PANPHARMA,,1g,25Flacons,Injectable powder for solution,Panpharma,Minapharm Halabi,France,5933064.6375,ceftriaxone panpharma,true
MED#12681,12681,62222/1,CEFUMAX,,750mg,1Vial,Injection,Pharco B International,C. Catafago & Co,Egypt,415247.3325,cefumax,true
MED#1842,1842,208669/03,CEFUMAX,,750mg,1Vial,Injection,Pharco Pharmaceuticals,C. Catafago & Co,Egypt,159917.25749999998,cefumax,true
MED#6719,6719,222203/07,CEFUREX,,500mg,10,Tablet,Middle East Pharmaceutical Co Midpharma,Macromed S.A.R.L.,Jordan,490502.5125,cefurex,true
MED#2272,2272,0236861/99,CEFUROXIME – PANPHARMA POUDRE POUR SOLUTION INJ. IM/IV,,750mg,25 vials,Injectable powder for solution IM/IV,Panpharma,Minapharm Halabi,France,3922676.2575000008,cefuroxime panpharma poudre pour solution inj im iv,true
MED#5966,5966,168034/10,CEFUROXIME – PANPHARMA POUDRE POUR SOLUTION INJ. IM/IV,,750mg,10Vials,Injectable powder for solution IM/IV,Panpharma,Minapharm Halabi,France,1651582.4324999999,cefuroxime panpharma poudre pour solution inj im iv,true
MED#1394,1394,208593/03,CEFUZIME,,750mg,1Vial,IM/IV Sterile powder for injection,Julphar,Pharmanet Drugstore S.A.R.L.,United Arab Emirates,147822.67500000002,cefuzime,true
MED#1395,1395,973915/02,CEFUZIME,,500mg,10,Tablet,Julphar,Pharmanet Drugstore S.A.R.L.,United Arab Emirates,490502.5125,cefuzime,true
MED#11706,11706,140122/1,CELEBREX,,200mg,30,Capsule,Pfizer Pharmaceutical LLC Puerto Rico,Mectapharm S.A.L.,USA,1126140.0150000004,celebrex,true
MED#10427,10427,97020/1,CELECOXIB ARROW LAB,,200mg,30,Capsule,APL Swift Services (Malta) Limited,Darapharma S.A.L.,Malta,561726.1649999999,celecoxib arrow lab,true
MED#11201,11201,150121/1,CELECOXIB BIOGARAN,,200mg,30,Gélule,Synthon Hispania SL,Commercial and Trading Ressources SAL (CTR),Spain,638325.1875,celecoxib biogaran,true
MED#11202,11202,150221/1,CELECOXIB BIOGARAN,,100mg,30,Gélule,Synthon Hispania SL,Commercial and Trading Ressources SAL (CTR),Spain,318490.6725,celecoxib biogaran,true
MED#11479,11479,152320/1,CELEZON,,5mg,56,Tablet,The Arab Pharmaceutical Manufacturing PSC,Droguerie de l'Union,Jordan,95532998.01609373,celezon,true
MED#11480,11480,152420/1,CELEZON,,15mg,56,Tablet,The Arab Pharmaceutical Manufacturing PSC,Droguerie de l'Union,Jordan,188515591.47421873,celezon,true
MED#11481,11481,152520/1,CELEZON,,20mg,56,Tablet,The Arab Pharmaceutical Manufacturing PSC,Droguerie de l'Union,Jordan,188515591.47421873,celezon,true
MED#11358,11358,43622/1,CELLABAXIN,,500+500mg,Box of 10Vials,Powder for solution fo injection,Packed by Pharmadex Lebanon under license from Orbucell pharma Canada,Pharmadex,Lebanon,10699559.246000001,cellabaxin,true
MED#3906,3906,194122/05,CELLCEPT,,250mg,100,Capsule,Delpharm Milano SRL,Omnipharma,Italy,6083574.997500001,cellcept,true
MED#3907,3907,194123/05,CELLCEPT,,500mg,50,Tablet,Delpharm Milano SRL,Omnipharma,Italy,6083574.9975,cellcept,true
MED#7452,7452,186077/13,CELLCRISTIN,,1mg/ml,1Vial x 1ml,Injectable solution,Thymoorgan Pharmazie GmbH,Drugstore 3U S.A.R.L.,Germany,1443286.8450000004,cellcristin,true
MED#7396,7396,166542/11,CEMIVIL,,100mg,30,"Tablet, film coated",The Arab Pharmaceutical Manufacturing PSC,Abela Frères S.A.L.,Jordan,12763089.920175,cemivil,true
MED#7397,7397,166541/11,CEMIVIL,,400mg,30,"Tablet, film coated",The Arab Pharmaceutical Manufacturing PSC,Abela Frères S.A.L.,Jordan,39916302.535732664,cemivil,true
MED#12376,12376,23922/1,CEPROTIN,,500IU,1Vial powder and 1Vial solvent,Powder and solvent for solution for injection,Baxter AG,Abela Frères S.A.L.,Austria,86314056.97687499,ceprotin,true
MED#12377,12377,23822/1,CEPROTIN,,1000IU,1Vial powder and 1Vial solvent,Powder and solvent for solution for injection,Baxter AG,Abela Frères S.A.L.,Austria,172581517.03734374,ceprotin,true
MED#3920,3920,195349/04,CERAZETTE,,75mcg,28,"Tablet, film coated",N.V. Organon,Droguerie de l'Union,The Netherlands,407184.2775,cerazette,true
MED#4095,4095,194343/05,CEREBROLYSIN,,,5ampx5ml,solution for injection,Ever Neuro Pharma GmbH,Droguerie R. Pharaon & Fils S.A.L.,Austria,2303346.045,cerebrolysin,true
MED#4097,4097,194345/05,CEREBROLYSIN,,,5ampx10ml,solution for injection,Ever Neuro Pharma GmbH,Droguerie R. Pharaon & Fils S.A.L.,Austria,3886392.5100000007,cerebrolysin,true
MED#9730,9730,47219/1,CEREZYME,,400Units/Vial,1Vial,Injection,Genzyme Ireland Ltd,Mersaco,Ireland,128412817.71937498,cerezyme,true
MED#11852,11852,177520/1,CEROLINE,,100mg/ml,60ml,Oral Solution,Mediphar Laboratories,Pharmapro,Lebanon,894615.1500000001,ceroline,true
MED#5116,5116,23727/06,CERTICAN,,0.5mg,60,Tablet,Novartis Pharma Stein AG,Khalil Fattal & Fils S.A.L.,Switzerland,13078816.413480721,certican,true
MED#5117,5117,23728/06,CERTICAN,,0.75mg,60,Tablet,Novartis Pharma Stein AG,Khalil Fattal & Fils S.A.L.,Switzerland,19546173.54420192,certican,true
MED#10996,10996,26721/1,CERUBIDINE,,20mg,box of 10Vials,Powder for solution for infusion,Cenexi - Laboratoire Thissen,Mersaco,Belgium,10943136.521100001,cerubidine,true
MED#2277,2277,136,CERULYSE,,,10ml,Gouttes,Chauvin,Spephal S.A.L.,France,339992.15249999997,cerulyse,true
MED#6218,6218,222287/08,CERUVIN,,75mg,10,Tablet,Sun Pharmaceuticals Industries Ltd,Mediterranean Pharmaceutical Company,India,240547.8075,ceruvin,true
MED#6013,6013,24702/07,CETALLERG,,10mg,10,"Tablet, film coated",Tabuk Pharmaceutical Manufacturing Company,Mersaco,Saudi Arabia,180074.89500000002,cetallerg,true
MED#4387,4387,208844/03,CETIMED,,10mg,20,"Tablet, scored",Mediphar Laboratories,Droguerie Cedarspharm S.A.R.L.,Lebanon,360917.7,cetimed,true
MED#4388,4388,208843/03,CETIMED,,5mg/5ml,125ml,Syrup,Mediphar Laboratories,Droguerie Cedarspharm S.A.R.L.,Lebanon,415951.25,cetimed,true
MED#12680,12680,123025/1,CETRAK,,10mg,30,Tablet,Pharco Pharmaceuticals,C. Catafago & Co,Egypt,806305.5000000002,cetrak,true
MED#1852,1852,148347/04,CETRAK,,10mg,10,Tablet,Pharco Pharmaceuticals,C. Catafago & Co,Egypt,147822.67500000002,cetrak,true
MED#3780,3780,208987/03,CETRAXAL OTICO,,,10ml,Solution goutte,"SALVAT, SA",Spephal S.A.L.,Spain,821087.7675000001,cetraxal otico,true
MED#5045,5045,24129/06,CETRAXAL PLUS,,,10ml,ear drops solution,"SALVAT, SA",Spephal S.A.L.,Spain,795554.76,cetraxal plus,true
MED#11311,11311,41122,CETROTIDE,,0.25mg,7+7,Vial pouder /Prefilled syringe solvent,Fareva Pau 2,Food & Drug Corporation FDC,France,21354451.977600005,cetrotide,true
MED#11312,11312,107821,CETROTIDE,,0.25mg,1Vial,Vial pouder /Prefilled syringe solvent,Fareva Pau 2,Food & Drug Corporation FDC,France,3420079.1625000006,cetrotide,true
MED#521,521,405528,CETROTIDE,,0.25mg,1Vial,Vial pouder /Prefilled syringe solvent,Baxter Oncology GmbH,Food & Drug Corporation FDC,Germany,3420079.1625,cetrotide,true
MED#522,522,405527,CETROTIDE,,0.25mg,7+7,Vial pouder /Prefilled syringe solvent,Baxter Oncology GmbH,Food & Drug Corporation FDC,Germany,21354451.9776,cetrotide,true
MED#12228,12228,69424/1,CHEMACIN,,500mg/2ml,5Ampoules,Injectable solution IM/IV,Laboratorio Farmaceutico C.T S.r.l.,Drugstore 3U S.A.R.L.,Italy,1679803.1250000005,chemacin,true
MED#10889,10889,77121/1,CHILDREN'S ADVIL,,100mg/5ml,100ml,Suspension,Pf Consumer Healthcare Canada ULC,Sadco,Canada,370900.53,children s advil,true
MED#8651,8651,13716/1,CHILDREN'S PANADOL 5-12 YEARS,,,100ml,Elixir,Aspen Pharma Pty Ltd,Sadco,Australia,356118.26249999995,children s panadol 5 12 years,true
MED#4579,4579,2770,CHLORAMPHENICOL,,250mg,12,Capsule,Pharmadex,Pharmadex,Lebanon,166380.50000000003,chloramphenicol,true
MED#4580,4580,2775,CHLORAMPHENICOL PALMITATE,,125mg/5ml,60ml,Suspension,Pharmadex,Pharmadex,Lebanon,159981.25,chloramphenicol palmitate,true
MED#8920,8920,121816/1,CHLORASEPTIC TOTAL SORE THROAT + COUGH LOZENGES WILD CHERRY,,,15,,Bestco Inc,Medis Pharm Drugstore,USA,537537,chloraseptic total sore throat cough lozenges wild cherry,true
MED#2736,2736,767285/00,CHLORHYDRATE DE LIDOCAINE RENAUDIN,,10mg/ml,10Ampoules x5ml,Injectable solution,Renaudin,Minapharm Halabi,France,591290.7000000001,chlorhydrate de lidocaine renaudin,true
MED#2793,2793,E0344/91,CHLORHYDRATE DE METOCLOPRAMIDE RENAUDIN,,10mg/2ml,10x2ml,Injectable solution,Renaudin,Minapharm Halabi,France,530817.7875,chlorhydrate de metoclopramide renaudin,true
MED#9389,9389,146917/1,CHLORHYDRATE DE MORPHINE RENAUDIN,,20mg/ml,10 ampoules x 1ml,Solution for injection,Renaudin,Minapharm Halabi,France,1100607.0074999998,chlorhydrate de morphine renaudin,true
MED#11330,11330,155722/1,CHLORPROMAZINE,,100mg,1000,Tablet,Pharmadex,Pharmadex,Lebanon,8719719.543000001,chlorpromazine,true
MED#11961,11961,96023/1,CHLORPROMAZINE,,50mg,30,Tablet,Pharmadex,Pharmadex,Lebanon,332761.00000000006,chlorpromazine,true
MED#4581,4581,405501,CHLORPROMAZINE,,100mg,50,Tablet,Pharmadex,Pharmadex,Lebanon,529857.9,chlorpromazine,true
MED#285,285,MPA 2272/94,CHLORURE DE POTASSIUM PROAMP,,0.0746g/ml,50ampoules x 10ml,Solution a diluer pour perfusion,Aguettant,Droguerie Solupharm SAL,France,1444630.6875,chlorure de potassium proamp,true
MED#2282,2282,78753/97,CHLORURE DE POTASSIUM RENAUDIN,,7.46% (0.0746g/ml),Bt 10Ampoules x 10ml,Sol à diluer p perf,Renaudin,Minapharm Halabi,France,385682.7975,chlorure de potassium renaudin,true
MED#2283,2283,236215/98,CHLORURE DE POTASSIUM RENAUDIN,,10% (0.10g/ml),Bt 10Ampoules x 10ml,Sol à diluer p perf,Renaudin,Minapharm Halabi,France,360149.79000000004,chlorure de potassium renaudin,true
MED#2285,2285,78752/97,CHLORURE DE SODIUM 0.9 pour cent Renaudin,,0.09g/ml,10Ampoules x 10ml,Sol inj,Renaudin,Minapharm Halabi,France,385682.7975,chlorure de sodium 0 9 pour cent renaudin,true
MED#291,291,MPB 2893/94,CHLORURE DE SODIUM PROAMP,,0.9%,50 ampoules x 10ml,Solution injectable,Aguettant,Droguerie Solupharm SAL,France,1104638.535,chlorure de sodium proamp,true
MED#292,292,MPC 2893/94,CHLORURE DE SODIUM PROAMP,,0.9%,20 ampoules x 20ml,Solution injectable,Aguettant,Droguerie Solupharm SAL,France,705517.3125,chlorure de sodium proamp,true
MED#9141,9141,31717/1,CHOLECALCIFEROL BIOGARAN,,"100,000UI",1Ampoule 2ml,Solution buvable,Pharmatis,Commercial and Trading Ressources SAL (CTR),France,115570.455,cholecalciferol biogaran,true
MED#9160,9160,30817/1,CHOLIB,,145mg/20mg,30,"Tablet, film coated",Fournier Laboratories Ireland Ltd,Mersaco,Ireland,1251117.3675000002,cholib,true
MED#9161,9161,30917/1,CHOLIB,,145mg/40mg,30,"Tablet, film coated",Fournier Laboratories Ireland Ltd,Mersaco,Ireland,1358624.7675,cholib,true
MED#8048,8048,127914/1,CHORIOMON,,"5,000IU",3Vials x 3Ampoules of solvent,Injection,IBSA Institut Biochimique SA,Alisar Pharma Corp,Switzerland,6306652.8525,choriomon,true
MED#7493,7493,187200/14,CI-CAL,,250mg,60,Tablet,Pharmalab 1982 Inc,Venus Drugstore,Canada,694766.5724999999,ci cal,true
MED#5667,5667,221862/08,CI-CAL+D,,250mg,60,Tablet,Pharmalab 1982 Inc,Venus Drugstore,Canada,796898.6025,ci cal d,true
MED#7421,7421,187099/13,CI-CAL+D,,1000IU,60,Tablet,Pharmalab 1982 Inc,Venus Drugstore,Canada,1118076.96,ci cal d,true
MED#7423,7423,187100/13,CI-CAL+D,,800IU,60,"Tablet, chewable",Pharmalab 1982 Inc,Venus Drugstore,Canada,804961.6575000001,ci cal d,true
MED#5976,5976,24688/07,CIALIS,,20mg,4,"Tablet, film coated",Lilly SA,Droguerie de l'Union,Spain,3101588.49,cialis,true
MED#6163,6163,219707/09,CIALIS,,5mg,28,"Tablet, film coated",Lilly SA,Droguerie de l'Union,Spain,6512260.754999999,cialis,true
MED#7933,7933,186156/13,CICLOPLEGICEDOL,,,5ml,Eye drops solution,Laboratorio Edol Produtos Farmaceuticos SA,Abela Frères S.A.L.,Portugal,459594.135,cicloplegicedol,true
MED#12621,12621,53023/1,CIDAKOG 125,,125mg,21,Capsule,Cipla Ltd,Droguerie de l'Union,India,36772417.50000001,cidakog 125,true
MED#12518,12518,144623/01,CIFLOSIN,,500mg,10,"Tablet, film coated",Deva Holding AS,New Europharm,Turkey,327897.57,ciflosin,true
MED#5626,5626,24330/06,CILANEM,,500mg,1 vial,Injection IV,Sun Pharmaceuticals Industries Ltd,Mediterranean Pharmaceutical Company,India,850652.3024999999,cilanem,true
MED#9660,9660,94618/1,CILOXAN,,,5ml,Eye drops solution,SA Alcon Couvreur NV,Khalil Fattal & Fils S.A.L.,Belgium,348055.2075000001,ciloxan,true
MED#11366,11366,20322/1,CINACALCET ARROW,,30mg,28,Comprimés pelliculés,APL Swift Services (Malta) Limited,Darapharma S.A.L.,Malta,8768038.534500003,cinacalcet arrow,true
MED#11367,11367,20422/1,CINACALCET ARROW,,60mg,28,Comprimés pelliculés sécables,APL Swift Services (Malta) Limited,Darapharma S.A.L.,Malta,16494073.999199998,cinacalcet arrow,true
MED#11368,11368,20522/1,CINACALCET ARROW,,90mg,28,Comprimés pelliculés sécables,APL Swift Services (Malta) Limited,Darapharma S.A.L.,Malta,22062994.9092,cinacalcet arrow,true
MED#4389,4389,78771/98,CINARIN,,75mg,30,Capsule,Mediphar Laboratories,Pharmapro,Lebanon,490182.55000000005,cinarin,true
MED#9149,9149,1017/1,CINITREX,,1mg,50,Tablet,Normon SA,Droguerie Phenicia,Spain,636981.345,cinitrex,true
MED#10086,10086,139219/1,CINNAL-f,,900IU/1.5ml,1prefilled pen,Solution for injection,Cinnagen Co,Lebiran SARL,Iran,14826544.009200001,cinnal f,true
MED#10087,10087,139119/1,CINNAL-f,,450IU/0.75ml,1prefilled pen,Solution for injection,Cinnagen Co,Lebiran SARL,Iran,7372177.206975,cinnal f,true
MED#4582,4582,405502,CINNARIZINE,,75mg,20,Capsule,Pharmadex,Pharmadex,Lebanon,386514.70000000007,cinnarizine,true
MED#11244,11244,59020/1,CINNATROPIN,,5mg/1.5ml,1pre-filled pen,Solution for SC injection,Cinnagen Co,Lebiran SARL,Iran,4699417.222500001,cinnatropin,true
MED#11245,11245,59120/1,CINNATROPIN,,10mg/1.5ml,1pre-filled pen,Solution for SC injection,Cinnagen Co,Lebiran SARL,Iran,9012606.968400002,cinnatropin,true
MED#10323,10323,175119/1,CINNOPAR,,250mcg/ml,1pre-filled pen of 28 subcutaneous doses x 2.4ml,,Cinnagen Co,Lebiran SARL,Iran,15275833.2216,cinnopar,true
MED#10085,10085,125519/1,CINNORA,,40mg/0.8ml,2Prefilled syringes for SC injection,Injection,Cinnagen Co,Lebiran SARL,Iran,14817734.416800003,cinnora,true
MED#10084,10084,139319/1,CINNOVEX,,30mcg,4prefilled syringe,Solution for injection,Cinnagen Co,Lebiran SARL,Iran,39804727.620000005,cinnovex,true
MED#12046,12046,98022/1,CIPINTU,,50mg/50ml,1Vial,Concentrated solution for infusion,Onko Ilac Sanayi Ve Tic AS,Germanos Health Care Supplies SARL,Turkey,1206770.5650000002,cipintu,true
MED#1248,1248,974065/02,CIPRALEX,,10mg,28,"Tablet, film coated",H. Lundbeck AS,Sadco,Denmark,1548106.5600000003,cipralex,true
MED#5155,5155,0023735/06,CIPRALEX,,15mg,28,"Tablet, film coated",H. Lundbeck AS,Sadco,Denmark,2378601.2250000006,cipralex,true
MED#1256,1256,28600,CIPRAM,,20mg,28,"Tablet, film coated",H. Lundbeck AS,Sadco,Denmark,2280500.7225,cipram,true
MED#11929,11929,88322/1,CIPRO,,500mg,14,"Tablet, film coated",Biofarma Ilac San. ve Tic. AS,BroadMed SAL,Turkey,436748.8125000001,cipro,true
MED#12461,12461,105923/1,CIPRO MEDIS 500,,500mg,14,"Tablet, coated",Les Laboratoires Medis,Medis Pharm Drugstore,Tunisia,479751.7725000002,cipro medis 500,true
MED#2295,2295,208475,CIPROBAY,,500mg,Box of 10,Tablet,Bayer HealthCare Manufacturing SRL,Droguerie R. Pharaon & Fils S.A.L.,Italy,654451.2975,ciprobay,true
MED#1662,1662,78815/98,CIPROCIN,,500mg,10,Tablet,Eipico,C. Catafago & Co,Egypt,240547.8075,ciprocin,true
MED#1819,1819,261314,CIPRODAR,,500mg,10,"Tablet, film coated",Dar Al Dawa Development & Investment Co Ltd,Sadco,Jordan,392402.01,ciprodar,true
MED#1840,1840,974042/02,CIPROFAR,,500mg,12,Tablet,Pharco Pharmaceuticals,C. Catafago & Co,Egypt,241891.65000000005,ciprofar,true
MED#11162,11162,33520/1,CIPROFLOXACINE PANPHARMA,,200mg/100ml,10Poches,Solution pour perfusion,Laboratoire Infomed Fluids SRL,Minapharm Halabi,Romania,4914432.022500001,ciprofloxacine panpharma,true
MED#5310,5310,221198/08,CIPROFLOXACINE PANPHARMA,,200mg/100ml,10 poches,Solution pour perfusion,Biomendi SA,Minapharm Halabi,Spain,5120039.925000001,ciprofloxacine panpharma,true
MED#5938,5938,218560/10,CIPROFLOXACINE PANPHARMA,,400mg/200ml (2mg/ml),10 poches,Solution pour perfusion,Biomendi SA,Minapharm Halabi,Spain,9908924.260724999,ciprofloxacine panpharma,true
MED#7092,7092,187499/13,CIPROFLOXACINE PANPHARMA,,400mg/200ml,10 poches,Solution pour perfusion,Panpharma,Minapharm Halabi,France,9908924.260724999,ciprofloxacine panpharma,true
MED#7093,7093,187500/13,CIPROFLOXACINE PANPHARMA,,200mg/100ml,10 poches,Solution pour perfusion,Panpharma,Minapharm Halabi,France,5120039.925000001,ciprofloxacine panpharma,true
MED#5931,5931,218870/09,CIPROLON 200,,,Vial 100ml,Infusion,Hikma Farmaceutica,Droguerie de l'Union,Portugal,686703.5175000001,ciprolon 200,true
MED#1139,1139,208268/96,CIPROLON 500,,500mg,10,"Tablet, film coated",Al-Hikma Pharmaceuticals,Droguerie de l'Union,Jordan,295645.35000000003,ciprolon 500,true
MED#786,786,973407/01,CIPROMAX,,500mg,10,"Tablet, film coated",Spimaco,Khalil Fattal & Fils S.A.L.,Saudi Arabia,392402.01,cipromax,true
MED#3956,3956,195457/04,CIPROMID,,500mg,10,"Tablet, film coated",Middle East Pharmaceutical Co Midpharma,Macromed S.A.R.L.,Jordan,331929.09750000003,cipromid,true
MED#3464,3464,973899/02,CIPROPHARM,,500mg,10,Tablet,Pharma International Co,Picomed SARL,Jordan,354774.42000000004,cipropharm,true
MED#3939,3939,195321/04,CIPROX,,0.2%w/v,100ml,Injection,Otsuka Pharmaceutical India Private Limited,Macromed S.A.R.L.,India,520067.04750000004,ciprox,true
MED#6655,6655,219213/09,CISPLATINE VIATRIS 1MG/ML,,10mg/10ml,1Vial x 10ml,Injectable concentrated solution for intravenous infusion,"Benta SAL under license from Viatris Santé, France",Benta Trading Co s.a.l.,Lebanon,412654.950708,cisplatine viatris 1mg ml,true
MED#6656,6656,219214/09,CISPLATINE VIATRIS 1MG/ML,,50mg/50ml,1Vial x 50ml,Injectable concentrated solution for intravenous infusion,"Benta SAL under license from Viatris Santé, France",Benta Trading Co s.a.l.,Lebanon,1179654.9134370002,cisplatine viatris 1mg ml,true
MED#5823,5823,219716/09,CITOLES,,10mg,28,"Tablet, film coated",Pharmaline SAL,Pharmaline S.A.L.,Lebanon,511940.00000000006,citoles,true
MED#11784,11784,26723/1,CITOXAL,,5mg,30,"Tablet, film coated",Pharmaline SAL,Pharmaline S.A.L.,Lebanon,895895.0000000001,citoxal,true
MED#11785,11785,26823/1,CITOXAL,,10mg,30,"Tablet, film coated",Pharmaline SAL,Pharmaline S.A.L.,Lebanon,1410394.7000000002,citoxal,true
MED#11786,11786,26623/1,CITOXAL,,15mg,30,"Tablet, film coated",Pharmaline SAL,Pharmaline S.A.L.,Lebanon,2166786.0500000003,citoxal,true
MED#11787,11787,26523/1,CITOXAL,,20mg,30,"Tablet, film coated",Pharmaline SAL,Pharmaline S.A.L.,Lebanon,2559700,citoxal,true
MED#10320,10320,117519/1,CITRAFLEET,,,2 Sachets,Powder for oral solution,Casen Recordati,Bellapharma S.A.R.L.,Spain,1191988.2974999999,citrafleet,true
MED#5298,5298,24541/07,CIVAR,,5%,10g,Cream,Pharma International Co,Picomed SARL,Jordan,507972.465,civar,true
MED#12592,12592,55726/1,CLADRIXA,,10mg,1,Tablet,"Manufactured by Haupt Pharma Amareg GmbH, Germany (Donaustaufer Straβe 378, 93055 Regensbur) Packed by Alfa Laboratoires S.A.L.",Levant Pulse SARL,Lebanon,103548703.125,cladrixa,true
MED#9132,9132,187457/13,CLAFOCARE,,1g,50 vials,Injection,Swiss Parenterals Ltd,Drugstore 3U S.A.R.L.,India,8031731.440949999,clafocare,true
MED#7074,7074,96408/11,CLAIRYG,,50mg/ml (10g/200ml),1Vial x 200ml,Injectable solution for perfusion,LFB Biomedicaments,Codipha,France,77418284.3826,clairyg,true
MED#7075,7075,96407/11,CLAIRYG,,50mg/ml (5g/100ml),1Vial x 100ml,Injectable solution for perfusion,LFB Biomedicaments,Droguerie R. Pharaon & Fils S.A.L.,France,42296818.78464001,clairyg,true
MED#4390,4390,974245/01,CLAMYCIN,,250mg,14,"Tablet, film coated",Mediphar Laboratories,Pharmapro,Lebanon,641204.8500000001,clamycin,true
MED#3959,3959,194930/05,CLARA,,10mg,10,Tablet,Jamjoum Pharmaceuticals,Droguerie Mercury S.A.L.,Saudi Arabia,131696.56499999997,clara,true
MED#3960,3960,194929/05,CLARA,,5mg/5ml,,Syrup,Jamjoum Pharmaceuticals,Droguerie Mercury S.A.L.,Saudi Arabia,215014.79999999996,clara,true
MED#7168,7168,97242/12,CLAREM 250,,250mg,14,"Tablet, film coated",Remedica Ltd,Droguerie Columbus,Cyprus,467657.19,clarem 250,true
MED#6410,6410,24657/07,CLAREM 500,,,14,"Tablet, film coated",Remedica Ltd,Droguerie Columbus,Cyprus,686703.5175000001,clarem 500,true
MED#8404,8404,117015/1,CLARINASE,,,14,Repetabs,SAG Manufacturing SLU,Nouvelle Pharm Drugstore,Spain,446155.71,clarinase,true
MED#8405,8405,116915/1,CLARITINE,,,120ml,Syrup,Delpharm Montreal Inc,Nouvelle Pharm Drugstore,Canada,430029.5999999999,claritine,true
MED#8406,8406,116815/1,CLARITINE,,10mg,10,Tablet,Bayer Bitterfeld GmbH,Nouvelle Pharm Drugstore,Germany,219046.3275,claritine,true
MED#9657,9657,115318/1,CLARITINE,,10mg,30,Tablet,Bayer Bitterfeld GmbH,Nouvelle Pharm Drugstore,Germany,618167.5499999999,claritine,true
MED#12589,12589,198025/1,CLAVANCE,,10mg,1,Tablet,"Algorithm S.A.L., Zekrit, Lebanon (Packager) Manufacturer: Haupt Pharma Amareg GmbH, Germany (Bulk Manufacturer)",Droguerie de l'Union,Lebanon,140170427.79687497,clavance,true
MED#12668,12668,148125/1,CLAVODIS,,1g,14,"Tablet, film coated","Medicef Pharma, India packed by Chaoul Pharmaceuticals (Cha-pha) SAL",Medis Pharm Drugstore,Lebanon,627126.5,clavodis,true
MED#12669,12669,80325/1,CLAVODIS,,457mg/5ml,70ml,Powder for oral suspension,"Medicef Pharma, India packed by Chaoul Pharmaceuticals (Cha-pha) SAL",Medis Pharm Drugstore,Lebanon,472264.6500000001,clavodis,true
MED#12670,12670,80325/1,CLAVODIS,,642.9mg/5ml,100ml,Powder for oral suspension,"Medicef Pharma, India packed by Chaoul Pharmaceuticals (Cha-pha) SAL",Medis Pharm Drugstore,Lebanon,719275.7,clavodis,true
MED#1179,1179,27204,CLENIL 250 MCG SPRAY,,,200doses,Spray,Chiesi Farmaceutici SpA,Sadco,Italy,873497.6250000002,clenil 250 mcg spray,true
MED#10290,10290,110616/1,CLINDAMYCIN,,100mg,3,Vaginal ovules,Pharmadex,Pharmadex,Lebanon,712876.4500000001,clindamycin,true
MED#6404,6404,218693/10,CLINDAMYCIN VIANEX BA FREE,,600mg/4ml,1 Ampoule,Solution for injection or infusion,Vianex SA- Plant A,Droguerie Solupharm SAL,Greece,201576.375,clindamycin vianex ba free,true
MED#5235,5235,24916/07,CLINIDERM,,,30g,Gel,Mediphar Laboratories,Medapharm Healthcare SAL,Lebanon,712876.4500000001,cliniderm,true
MED#7660,7660,96900/12,CLINIDERM T,,1%/0.05%,30g,Gel,Mediphar Laboratories,Medapharm Healthcare SAL,Lebanon,890775.6000000001,cliniderm t,true
MED#7661,7661,186451/12,CLINIDERM T,,1%/0.025%,30g,Gel,Mediphar Laboratories,Medapharm Healthcare SAL,Lebanon,801186.1000000001,cliniderm t,true
MED#10015,10015,34417/1,CLINTON,,120mg,7,"Tablet, film coated",RAM Pharmaceutical Industries Co Ltd,Premium Serve Drugstore Co. P.S.D. SAL,Jordan,288926.1375,clinton,true
MED#11550,11550,116723/1,CLINTON,,90mg,10,"Tablet, film coated",RAM Pharmaceutical Industries Co Ltd,Premium Serve Drugstore Co. P.S.D. SAL,Jordan,353430.5775000001,clinton,true
MED#11551,11551,116723/1,CLINTON,,90mg,30,"Tablet, film coated",RAM Pharmaceutical Industries Co Ltd,Premium Serve Drugstore Co. P.S.D. SAL,Jordan,1062979.4175000002,clinton,true
MED#10490,10490,163020/1,CLOBEVAT,,0.05%,40g,Ointment,Mediphar Laboratories,Pharmapro,Lebanon,302044.6,clobevat,true
MED#10491,10491,162220/1,CLOBEVAT,,0.05%,40g,Cream,Mediphar Laboratories,Pharmapro,Lebanon,302044.6,clobevat,true
MED#5775,5775,221696/08,CLODOR,,75mg,30,Tablet,Pharmadex licensed by Orbucell pharma Canada,Medi drug International SAL (MDI),Lebanon,1148025.4500000002,clodor,true
MED#1402,1402,405684/00,CLOFEN,,75mg/3ml,5Ampoules,Injection,Julphar,Pharmanet Drugstore S.A.R.L.,United Arab Emirates,299676.8775,clofen,true
MED#1403,1403,208723/03,CLOFEN,,1%,50g,Creamagel,Julphar,Pharmanet Drugstore S.A.R.L.,United Arab Emirates,206951.745,clofen,true
MED#8292,8292,101015/1,CLOMID,,50mg,5,Tablet,Patheon France SA,C. Catafago & Co,France,274143.87,clomid,true
MED#11225,11225,153521/1,CLOMIFERT,,50mg,10,Tablet,Kwality Pharmaceuticals Limited,Multipharm,India,395089.6950000001,clomifert,true
MED#11316,11316,153521/1,CLOMIFERT,,50mg,10,Tablet,Kwality Pharmaceuticals Limited,Multipharm,India,395089.6950000001,clomifert,true
MED#6544,6544,167191/10,CLOPI TAD,,75mg,28,"Tablet, film coated","Kr Ka, d.d, Novo Mesto",Pharmamedic S.A.R.L.,Slovenia,911125.2150000001,clopi tad,true
MED#9975,9975,23719/1,CLOPIDOGREL ARROW,,75mg,30,"Tablet, film coated",APL Swift Services (Malta) Limited,Darapharma S.A.L.,Malta,658482.8250000002,clopidogrel arrow,true
MED#11886,11886,21622/1,CLOPIKEY,,75mg,50,Tablet,Emcure Pharmaceuticals Ltd,Mediterranean Pharmaceutical Company,India,748520.2725000002,clopikey,true
MED#12363,12363,28925/1,CLOPISTOP,,75mg,30,"Tablet, film coated","Manufactured by Uniza Lifecare Pvt Ltd, Packed by UBSA Pharma Industries SARL",L. Pharm SAL,Lebanon,1081473.25,clopistop,true
MED#1255,1255,28599,CLOPIXOL ACUPHASE,,100mg/2ml,1x2ml,Injection,H. Lundbeck AS,Sadco,Denmark,857371.515,clopixol acuphase,true
MED#1253,1253,23910/78,CLOPIXOL DEPOT,,200mg/ml,1x1ml,Ampoule,H. Lundbeck AS,Sadco,Denmark,512003.9925,clopixol depot,true
MED#1820,1820,135361,CLORACEF FORTE,,250mg/5ml,75ml,Suspension,Dar Al Dawa Development & Investment Co Ltd,Sadco,Jordan,432717.28500000003,cloracef forte,true
MED#10423,10423,63620/1,CLOREN,,12.5mg,12,Suppositories,"Fulton Medicinali SpA, Italy packed by Chaoul Pharmaceuticals (Cha-pha) SAL",Pharmamedic S.A.R.L.,Lebanon,353238.60000000003,cloren,true
MED#10846,10846,100321/1,CLOREN ADULTS,,100mg,12,Suppositories,"Chaoul Pharmaceuticals (Cha-pha) SAL, Lebanon (Packing) Manufactured by Fulton Medicinali SpA, Italy",Pharmamedic S.A.R.L.,Lebanon,598969.8,cloren adults,true
MED#12387,12387,142423/1,CLOTRIMAX,,,3Vaginal suppositories,Ovules,"Chaoul Pharmaceuticals (Cha-pha) SAL, Lebanon (Packing) Manufactured by Bliss GVS Pharma Limited, India",Pharmamedic S.A.R.L.,Lebanon,799906.2500000001,clotrimax,true
MED#10751,10751,167602/10,CLOTRIX 75,,75mg,30,"Tablet, film coated",Benta SAL,Benta Trading Co s.a.l.,Lebanon,958607.6500000001,clotrix 75,true
MED#10982,10982,29822/1,CLOTRIX 75,,75mg,28,"Tablet, film coated",Benta SAL,Benta Trading Co s.a.l.,Lebanon,895895.0000000001,clotrix 75,true
MED#5306,5306,24452/06,CLOZAPINE PANPHARMA,,100mg,30,"Tablet, scored",Synthon Hispania,Minapharm Halabi,Spain,808993.185,clozapine panpharma,true
MED#10873,10873,27322/1,CO APROVEL,,300mg/12.5mg,28,"Tablet, film coated",Sanofi Winthrop Industrie,Mersaco,France,658482.8250000002,co aprovel,true
MED#10874,10874,27222/1,CO APROVEL,,150mg/12.5mg,28,"Tablet, film coated",Sanofi Winthrop Industrie,Mersaco,France,658482.8250000002,co aprovel,true
MED#11903,11903,128423/1,CO APROVEL,,150mg/12.5mg,28,"Tablet, film coated",Sanofi Winthrop Industrie,Mersaco,France,658482.8250000002,co aprovel,true
MED#11904,11904,128523/1,CO APROVEL,,300mg/12.5mg,28,"Tablet, film coated",Sanofi Winthrop Industrie,Mersaco,France,658482.8250000002,co aprovel,true
MED#6574,6574,218776/09,CO-ANGINET,,160/12.5mg,30,"Tablet, film coated",The United Pharmaceutical Manufacturing Co Ltd,Premium Serve Drugstore Co. P.S.D. SAL,Jordan,544256.2124999999,co anginet,true
MED#11353,11353,79118/1,CO-AVAZIR,,,5ml,Sterile ophthalmic suspension,Orchidia Pharmaceutical Industries,Macromed S.A.R.L.,Egypt,193513.32000000004,co avazir,true
MED#11774,11774,137323/1,CO-DIOVAN,,80/12.5 mg,28,"Tablet, film coated",Novartis Farma SpA,Khalil Fattal & Fils S.A.L.,Italy,602041.4400000002,co diovan,true
MED#11775,11775,137423/1,CO-DIOVAN,,160/12.5 mg,28,"Tablet, film coated",Novartis Farma SpA,Khalil Fattal & Fils S.A.L.,Italy,846620.775,co diovan,true
MED#11776,11776,137523/1,CO-DIOVAN,,160/25 mg,28,"Tablet, film coated",Novartis Farma SpA,Khalil Fattal & Fils S.A.L.,Italy,901718.3175000002,co diovan,true
MED#8354,8354,096851/12,CO-TABUVAN,,160mg/12.5mg,30,"Tablet, film coated",Tabuk Pharmaceutical Manufacturing Company,Mersaco,Saudi Arabia,544256.2124999999,co tabuvan,true
MED#4584,4584,34,CO-TRIMOXAZOLE,,,1000,Tablet,Pharmadex,Pharmadex,Lebanon,7529090.034500002,co trimoxazole,true
MED#4585,4585,34,CO-TRIMOXAZOLE,,,20,Tablet,Pharmadex,Pharmadex,Lebanon,183018.55000000005,co trimoxazole,true
MED#1864,1864,973346/01,COBAL,,,30,"Tablet, coated",The Jordanian Pharmaceutical Manufacturing Company (JPM),C. Catafago & Co,Jordan,486470.98500000004,cobal,true
MED#6824,6824,166942/11,COBAL,,500mcg/ml,8 Ampoules,Injection,Steripharm,C. Catafago & Co,Tunisia,1128827.7000000002,cobal,true
MED#4586,4586,19269,CODOPALM,,,100ml,Syrup,Pharmadex,Pharmadex,Lebanon,149742.45,codopalm,true
MED#4587,4587,20039,CODOPALM EXPECTORANT,,,100ml,Syrup,Pharmadex,Pharmadex,Lebanon,153582.00000000003,codopalm expectorant,true
MED#5021,5021,22269,CODOPALM EXPECTORANT,,,200ml,Syrup,Pharmadex,Pharmadex,Lebanon,291805.80000000005,codopalm expectorant,true
MED#3592,3592,973408/01,COFEX,,,150ml,Syrup,RAM Pharmaceutical Industries Co Ltd,Premium Serve Drugstore Co. P.S.D. SAL,Jordan,154541.88749999998,cofex,true
MED#10793,10793,90321/1,COLCHICINE BENTA,,1mg,30,"Tablet, film coated",Benta SAL,Benta Trading Co s.a.l.,Lebanon,332761.00000000006,colchicine benta,true
MED#8692,8692,116/1,COLCHICINE OPOCALCIUM,,1mg,20,"Tablet, scored",S.C. Zentiva S.A.,Droguerie de l'Union,Romania,284894.61000000004,colchicine opocalcium,true
MED#8366,8366,67715/1,COLCHICINE SEID,,1mg,40,Tablet,Seid SA,New Europharm,Spain,382995.1125000001,colchicine seid,true
MED#8708,8708,32316/1,COLD-MED,,,90ml,Syrup,Mediphar Laboratories,Pharmapro,Lebanon,386514.70000000007,cold med,true
MED#8709,8709,32416/1,COLD-MED,,,16,Capsule,Mediphar Laboratories,Pharmapro,Lebanon,386514.70000000007,cold med,true
MED#4395,4395,973438/01,COLDIN,,,16,Capsule,Mediphar Laboratories,Droguerie Cedarspharm S.A.R.L.,Lebanon,386514.70000000007,coldin,true
MED#4396,4396,973439/01,COLDIN,,,90ml,Syrup,Mediphar Laboratories,Droguerie Cedarspharm S.A.R.L.,Lebanon,386514.70000000007,coldin,true
MED#10753,10753,155620/1,COLDIN-H,,,16,Capsule,Mediphar Laboratories,Droguerie Cedarspharm S.A.R.L.,Lebanon,386514.70000000007,coldin h,true
MED#11113,11113,149420/1,COLISTIMETHATE,,150mg,12Vials,Powder for solution for injection,Xellia Pharmaceuticals ApS,Medi drug International SAL (MDI),Denmark,38239923.58200001,colistimethate,true
MED#9644,9644,95718/1,COLISTIMETHATE SODIQUE PANPHARMA,,1.000.000IU,10 vials,Poudre pour solution injectable et inhalation,Xellia Pharmaceuticals ApS,Minapharm Halabi,Denmark,6392658.7725,colistimethate sodique panpharma,true
MED#9399,9399,120217/1,COLISTIN HIKMA,,1 Million I.U.,Pack of 1 vials,Injectable powder for solution for injection or inhalation,Hikma Italia SpA,Abela Frères S.A.L.,Italy,903062.16,colistin hikma,true
MED#9228,9228,112217/1,COLISTIN/NORMA,,1.000.000IU,1vial,Injectable solution,Xellia Pharmaceuticals ApS,Pharmamed,Denmark,872153.7825000001,colistin norma,true
MED#10850,10850,200119/1,COLIXIN,,"1,000,000IU",30Vial,Powder for solution for injection or for nebulizer solution,Alfasigma SpA,Drugstore 3U S.A.R.L.,Italy,20296042.3764,colixin,true
MED#8603,8603,106915/1,COLON-X,,,30,"Tablet, film coated",Vitex Pharmaceuticals PTY Ltd,PMD (Pharmacist's medical drugstore),Australia,833182.35,colon x,true
MED#1025,1025,27528,COLPERMIN,,,30,Capsule,Tilotts Pharma AG,Taba Chemipharm,Switzerland,632949.8175,colpermin,true
MED#12185,12185,61024/1,COLUMVI,,10mg/10ml,1Vial,Concentrate for solution for infusion,Genentech Inc,Omnipharma,USA,349443659.80034757,columvi,true
MED#12186,12186,60924/1,COLUMVI,,2.5mg/2.5ml,1Vial,Concentrate for solution for infusion,Genentech Inc,Omnipharma,USA,87389306.71012498,columvi,true
MED#9599,9599,33918/1,COMBEDOX,,,5Ampoules,Solution for injection,Packed by Pharmadex SAL Lebanon under license from Orbucell Pharma Canada,Medi drug International SAL (MDI),Lebanon,374996.05000000005,combedox,true
MED#11438,11438,138222/1,COMBIGAN 2mg/ml 5mg/ml,,,5ml,Eye drops solution,Allergan Pharmaceuticals Ireland,Mersaco,Ireland,1181237.5575,combigan 2mg ml 5mg ml,true
MED#4100,4100,23872/07,COMBIGAN 2mg/ml 5mg/ml,,,5ml,Eye drops solution,Allergan Pharmaceuticals (Ireland),Mersaco,Ireland,1181237.5575,combigan 2mg ml 5mg ml,true
MED#9122,9122,101816/1,COMBIPAR,,150/37.5/200mg,50,"Tablet, film coated","Pharmaline Licensed by Tripharma, Turkey",Pharmaline S.A.L.,Lebanon,1324682.196838,combipar,true
MED#9123,9123,101716/1,COMBIPAR,,100/25/200mg,50,"Tablet, film coated","Pharmaline Licensed by Tripharma, Turkey",Pharmaline S.A.L.,Lebanon,1249925.865188,combipar,true
MED#9124,9124,101616/1,COMBIPAR,,50/12.5/200mg,50,"Tablet, film coated","Pharmaline Licensed by Tripharma, Turkey",Pharmaline S.A.L.,Lebanon,1103403.455154,combipar,true
MED#9820,9820,103717/1,COMBISOPT,,(20mg+5mg)/ml,5ml,Sterile ophthalmic solution (preservative free),"Manufactured by Rafarm SA, Greece Packed by Benta SAL",Benta Trading Co s.a.l.,Lebanon,935570.3500000001,combisopt,true
MED#8435,8435,114715/1,COMBIVENT,,,20x2.5ml,Unit Dose Vial,Laboratoire Unither,Mersaco,France,745832.5875,combivent,true
MED#4588,4588,22573,COMPLEVIT,,,120ml,Syrup,Pharmadex,Pharmadex,Lebanon,218854.35,complevit,true
MED#4800,4800,279/95,CONCENTRATE SOLUTION FOR HEMODIALYSIS L,,,10l,Solution,Serum Products,Serum Products,Lebanon,,concentrate solution for hemodialysis l,true
MED#4802,4802,279/95,CONCENTRATE SOLUTION FOR HEMODIALYSIS LM,,,10l,Solution,Serum Products,Serum Products,Lebanon,,concentrate solution for hemodialysis lm,true
MED#4803,4803,279/95,CONCENTRATE SOLUTION FOR HEMODIALYSIS LS,,,10l,Solution,Serum Products,Serum Products,Lebanon,,concentrate solution for hemodialysis ls,true
MED#4804,4804,279/95,CONCENTRATE SOLUTION FOR HEMODIALYSIS LS2,,,10l,Solution,Serum Products,Serum Products,Lebanon,,concentrate solution for hemodialysis ls2,true
MED#4805,4805,279/95,CONCENTRATE SOLUTION FOR HEMODIALYSIS LS3,,,10l,Solution,Serum Products,Serum Products,Lebanon,,concentrate solution for hemodialysis ls3,true
MED#4806,4806,279/95,CONCENTRATE SOLUTION FOR HEMODIALYSIS R,,,10l,Solution,Serum Products,Serum Products,Lebanon,,concentrate solution for hemodialysis r,true
MED#4858,4858,35/95,CONCENTRATE SOLUTION FOR HEMODIALYSIS TYPE A,,,7.5l,Solution,Alfa Laboratoires S.A.L.,Alfa Laboratoires S.A.L.,Lebanon,,concentrate solution for hemodialysis type a,true
MED#4859,4859,35/95,CONCENTRATE SOLUTION FOR HEMODIALYSIS TYPE B+,,,7.5l,Solution,Alfa Laboratoires S.A.L.,Alfa Laboratoires S.A.L.,Lebanon,,concentrate solution for hemodialysis type b,true
MED#4105,4105,35/95,CONCENTRATE SOLUTION FOR HEMODIALYSIS TYPE C,,,7.5l,Solution,Alfa Laboratoires S.A.L.,Alfa Laboratoires S.A.L.,Lebanon,,concentrate solution for hemodialysis type c,true
MED#4106,4106,35/95,CONCENTRATE SOLUTION FOR HEMODIALYSIS TYPE D,,,7.5l,Solution,Alfa Laboratoires S.A.L.,Alfa Laboratoires S.A.L.,Lebanon,,concentrate solution for hemodialysis type d,true
MED#4107,4107,35/95,CONCENTRATE SOLUTION FOR HEMODIALYSIS TYPE E,,,7.5l,Solution,Alfa Laboratoires S.A.L.,Alfa Laboratoires S.A.L.,Lebanon,,concentrate solution for hemodialysis type e,true
MED#4108,4108,35/95,CONCENTRATE SOLUTION FOR HEMODIALYSIS TYPE F,,,5l,Solution,Alfa Laboratoires S.A.L.,Alfa Laboratoires S.A.L.,Lebanon,,concentrate solution for hemodialysis type f,true
MED#4860,4860,35/95,CONCENTRATE SOLUTION FOR HEMODIALYSIS TYPE J,,,7.5l,Solution,Alfa Laboratoires S.A.L.,Alfa Laboratoires S.A.L.,Lebanon,,concentrate solution for hemodialysis type j,true
MED#4109,4109,35/95,CONCENTRATE SOLUTION FOR HEMODIALYSIS TYPE SG,,,7.5l,Solution,Alfa Laboratoires S.A.L.,Alfa Laboratoires S.A.L.,Lebanon,,concentrate solution for hemodialysis type sg,true
MED#10465,10465,171219/1,CONCERTA,,27mg,30,"Tablet, extended release",Janssen Cilag Manufacturing LLC,Mersaco,USA,1583046.465,concerta,true
MED#10466,10466,170819/1,CONCERTA,,36mg,30,"Tablet, extended release",Janssen Cilag Manufacturing LLC,Mersaco,USA,2112520.41,concerta,true
MED#10467,10467,171119/1,CONCERTA,,54mg,30,"Tablet, extended release",Janssen Cilag Manufacturing LLC,Mersaco,USA,3168780.615,concerta,true
MED#10468,10468,171319/1,CONCERTA,,18mg,30,"Tablet, extended release",Janssen Cilag Manufacturing LLC,Mersaco,USA,1076417.8425000003,concerta,true
MED#4694,4694,23650/06,CONCOR,,5mg,30,"Tablet, film coated","Pharmaline Lebanon Licensed by Merck HealthCare KGaA, Germany",Food & Drug Corporation FDC,Lebanon,870163.7004060001,concor,true
MED#4695,4695,23701/06,CONCOR,,10mg,30,"Tablet, film coated","Pharmaline Lebanon Licensed by Merck HealthCare KGaA, Germany",Food & Drug Corporation FDC,Lebanon,1176664.6601709998,concor,true
MED#5516,5516,221711/08,CONCOR AM 2.5,,2.5mg,30,"Tablet, film coated","Pharmaline Lebanon Licensed by Merck HealthCare KGaA, Germany",Food & Drug Corporation FDC,Lebanon,1377011.6289930001,concor am 2 5,true
MED#5518,5518,221712/08,CONCOR AM 5,,5mg,30,"Tablet, film coated","Pharmaline Lebanon Licensed by Merck HealthCare KGaA, Germany",Food & Drug Corporation FDC,Lebanon,1377011.6289930001,concor am 5,true
MED#4693,4693,23649/06,CONCOR COR,,2.5mg,30,"Tablet, film coated","Pharmaline Lebanon Licensed by Merck HealthCare KGaA, Germany",Food & Drug Corporation FDC,Lebanon,488906.4089909999,concor cor,true
MED#4696,4696,23702/06,CONCOR PLUS,,,30,"Tablet, film coated","Pharmaline Lebanon Licensed by Merck HealthCare KGaA, Germany",Food & Drug Corporation FDC,Lebanon,888105.2200020001,concor plus,true
MED#4697,4697,23703/06,CONCOR PLUS,,,30,"Tablet, film coated","Pharmaline Lebanon Licensed by Merck HealthCare KGaA, Germany",Food & Drug Corporation FDC,Lebanon,1249925.865188,concor plus,true
MED#11718,11718,100023/1,CONCOR T 2.5,,,30,Tablet,"Pharmaline Lebanon Licensed by Merck HealthCare KGaA, Germany",Food & Drug Corporation FDC,Lebanon,1163208.5204740001,concor t 2 5,true
MED#11981,11981,122024/1,CONCOR T 2.5,,,60,Tablet,"Pharmaline Lebanon Licensed by Merck HealthCare KGaA, Germany",Food & Drug Corporation FDC,Lebanon,2209797.1635740004,concor t 2 5,true
MED#11719,11719,100123/1,CONCOR T 5,,,30,Tablet,"Pharmaline Lebanon Licensed by Merck HealthCare KGaA, Germany",Food & Drug Corporation FDC,Lebanon,1457748.467175,concor t 5,true
MED#7341,7341,97480/12,CONDINE,,150mg/300mg,60,"Tablet, film coated","Benta SAL (Packing) manufactured by Hetero Labs Ltd, India",Benta Trading Co s.a.l.,Lebanon,5818473.840549999,condine,true
MED#11417,11417,2319/1,CONJYCLEAR,,0.1%,5ml,Ophtalmic solution,Orchidia Pharmaceutical Industries,Macromed S.A.R.L.,Egypt,344023.68000000005,conjyclear,true
MED#11896,11896,21422/1,CONSIVAS-10,,10mg,30,Tablet,Emcure Pharmaceuticals Ltd,Mediterranean Pharmaceutical Company,India,450187.2375000001,consivas 10,true
MED#11897,11897,21522/1,CONSIVAS-20,,20mg,30,Tablet,Emcure Pharmaceuticals Ltd,Mediterranean Pharmaceutical Company,India,450187.2375000001,consivas 20,true
MED#9097,9097,134514/1,CONSORT,,120mg,7,"Tablet, film coated",The United Pharmaceutical Manufacturing Co Ltd,Premium Serve Drugstore Co. P.S.D. SAL,Jordan,288926.1375,consort,true
MED#9098,9098,134414/1,CONSORT,,90mg,10,"Tablet, film coated",The United Pharmaceutical Manufacturing Co Ltd,Premium Serve Drugstore Co. P.S.D. SAL,Jordan,338648.31,consort,true
MED#9099,9099,134314/1,CONSORT,,60mg,10,"Tablet, film coated",The United Pharmaceutical Manufacturing Co Ltd,Premium Serve Drugstore Co. P.S.D. SAL,Jordan,212327.11500000002,consort,true
MED#11891,11891,115223/1,CONSTIPRIDE,,1mg,28,"Tablet, film coated",A1 Andalous for Pharmaceutical Industries,Mazen Pharm Pharmaceutical Company SARL,Egypt,2015763.7500000005,constipride,true
MED#11892,11892,115323/1,CONSTIPRIDE,,2mg,28,"Tablet, film coated",A1 Andalous for Pharmaceutical Industries,Mazen Pharm Pharmaceutical Company SARL,Egypt,2956453.500000001,constipride,true
MED#8724,8724,74916/1,CONTRACNE ISOTRETINOINE,,20mg,30,Capsule molle,Gap SA,Pharmamedic S.A.R.L.,Greece,1521229.71,contracne isotretinoine,true
MED#8725,8725,75016/1,CONTRACNE ISOTRETINOINE,,40mg,30,Capsules molles,Gap SA,Pharmamedic S.A.R.L.,Greece,3043803.2625,contracne isotretinoine,true
MED#1169,1169,22857/74,CONTRACTUBEX,,,20g,Gel,Merz Pharma GmbH & Co KGaA,Sadco,Germany,498565.5675,contractubex,true
MED#5569,5569,218155/09,CONTRACTUBEX,,,50g,Gel,Merz Pharma GmbH & Co KGaA,Sadco,Germany,1183925.2425000002,contractubex,true
MED#10095,10095,59619/1,CONTRAVE,,8mg/90mg,112,"Tablet, prolonged release","Algorithm S.A.L. under license from Orexigen Therapeutics Ireland limited, Dublin 2, Ireland",Droguerie de l'Union,Lebanon,11653549.591,contrave,true
MED#9294,9294,102716/1,CONVERIUM,,300mg,30,Tablet,Medochemie Ltd,New Allpharma,Cyprus,585915.3300000001,converium,true
MED#9295,9295,102816/1,CONVERIUM,,150mg,30,Tablet,Medochemie Ltd,New Allpharma,Cyprus,585915.3300000001,converium,true
MED#10528,10528,130517/1,CONVERIUM PLUS,,150mg/12.5mg,30,"Tablet, film coated",Medochemie Ltd,New Allpharma,Cyprus,395089.695,converium plus,true
MED#10529,10529,130417/1,CONVERIUM PLUS,,300mg/12.5mg,30,"Tablet, film coated",Medochemie Ltd,New Allpharma,Cyprus,395089.695,converium plus,true
MED#529,529,208316/02,CONVULEX,,300mg/ml,100ml,Oral solution,GL Pharma GmbH,Bellapharma S.A.R.L.,Austria,1018632.6150000002,convulex,true
MED#53,53,38700,CONVULEX,,50mg/ml,100ml,Syrup,GL Pharma GmbH,Bellapharma S.A.R.L.,Austria,213670.95750000005,convulex,true
MED#8138,8138,187414/13,CONVULEX,,100mg/ml,5 Ampoules x 5ml,Injectable solution,GL Pharma GmbH,Bellapharma S.A.R.L.,Austria,4441399.4625,convulex,true
MED#528,528,208315/02,CONVULEX RETARD,,500mg,50,"Tablet, prolonged release",GL Pharma GmbH,Bellapharma S.A.R.L.,Austria,423310.3875,convulex retard,true
MED#10768,10768,101621/1,COQUELUSEDAL ENFANT,,20mg/10mg,10,Suppositories,"Chaoul Pharmaceuticals (Cha-pha) SAL Lebanon (Packing) under license by Elerte, France Manufactured by Laboratoires Elerte, France",Pharmamedic S.A.R.L.,Lebanon,598050.6532000001,coquelusedal enfant,true
MED#10424,10424,92220/1,COQUELUSEDAL NOURRISSON,,10mg/5mg,10,Suppositories,"Chaoul Pharmaceuticals (Cha-pha) SAL Lebanon (Packing) under license by Elerte, France Manufactured by Laboratoires Elerte, France",Pharmamedic S.A.R.L.,Lebanon,515818.68838500004,coquelusedal nourrisson,true
MED#11086,11086,99922/1,COQUELUSEDAL PARACETAMOL,,100mg,10,Suppository,"Chaoul Pharmaceuticals (Cha-pha) SAL Lebanon (Packing) under license by Elerte, France Manufactured by Laboratoires Elerte, France",Pharmamedic S.A.R.L.,Lebanon,598050.6532000001,coquelusedal paracetamol,true
MED#11087,11087,100022/1,COQUELUSEDAL PARACETAMOL,,250mg,10,Suppository,"Chaoul Pharmaceuticals (Cha-pha) SAL Lebanon (Packing) under license by Elerte, France Manufactured by Laboratoires Elerte, France",Pharmamedic S.A.R.L.,Lebanon,635428.8190250001,coquelusedal paracetamol,true
MED#2975,2975,17908,CORDARONE,,200mg,30,"Tablet, scored",Sanofi Winthrop Industrie,Mersaco,France,349399.05,cordarone,true
MED#2976,2976,23537,CORDARONE,,,6,Ampoule Injectable,Sanofi SRL,Mersaco,France,499909.4099999999,cordarone,true
MED#11962,11962,11722/1,CORONOPINE,,8mg/5mg,28,"Capsule, hard",Lek Pharmaceuticals dd,Khalil Fattal & Fils S.A.L.,Slovenia,1368031.6650000003,coronopine,true
MED#11963,11963,11922/1,CORONOPINE,,8mg/10mg,28,"Capsule, hard",Lek Pharmaceuticals dd,Khalil Fattal & Fils S.A.L.,Slovenia,1368031.6650000003,coronopine,true
MED#11964,11964,11822/1,CORONOPINE,,16mg/5mg,28,"Capsule, hard",Lek Pharmaceuticals dd,Khalil Fattal & Fils S.A.L.,Slovenia,1638144.0075000003,coronopine,true
MED#11965,11965,12022/1,CORONOPINE,,16mg/10mg,28,"Capsule, hard",Lek Pharmaceuticals dd,Khalil Fattal & Fils S.A.L.,Slovenia,1540043.5050000004,coronopine,true
MED#11717,11717,90418/1,CORTAIR,,0.5mg/ml,Box 20Single Dose Vials x 2ml,Single dose inhalation suspension for nebulization,Vem Ilac San. Ve Tic AS,New Europharm,Turkey,1209458.2500000002,cortair,true
MED#8965,8965,176716/1,CORTIMENT MMX,,9mg,30,"Tablet, prolonged release",Cosmo SpA,Sadco,Italy,8996996.217300002,cortiment mmx,true
MED#10897,10897,9714/1,CORTIS,,250mcg,pressurized canister 200doses,Suspension for inhalation,Berg Life Sciences SA,Macromed S.A.R.L.,Tunisia,674608.935,cortis,true
MED#10375,10375,73620/1,CORVAQUINE,,200mg,30,"Tablet, film coated",Benta SAL,Benta Trading Co s.a.l.,Lebanon,1087872.5000000002,corvaquine,true
MED#5420,5420,221922/09,CORVASAL 2MG,,2mg,30,"Tablet, scored",Benta SAL under license from Cheplapharm Arzneimittel GmbH Germany,Benta Trading Co s.a.l.,Lebanon,398033.35000000003,corvasal 2mg,true
MED#5421,5421,221923/09,CORVASAL 2MG,,2mg,90,"Tablet, scored",Benta SAL under license from Cheplapharm Arzneimittel GmbH Germany,Benta Trading Co s.a.l.,Lebanon,1092991.9000000001,corvasal 2mg,true
MED#5422,5422,221924/09,CORVASAL 4MG,,4mg,30,Tablet,Benta SAL under license from Cheplapharm Arzneimittel GmbH Germany,Benta Trading Co s.a.l.,Lebanon,492742.25000000006,corvasal 4mg,true
MED#8441,8441,133815/1,COSENTYX,,150mg/ml,2Prefilled pen,Solution for injection,Novartis Pharma Stein AG,Khalil Fattal & Fils S.A.L.,Switzerland,91769002.65749998,cosentyx,true
MED#9678,9678,99818/1,COSYREL,,5mg/5mg,30,"Tablet, film coated, scored",Les Laboratoires Servier Industrie,Khalil Fattal & Fils S.A.L.,France,749864.115,cosyrel,true
MED#9679,9679,99918/1,COSYREL,,5mg/10mg,30,"Tablet, film coated, scored",Les Laboratoires Servier Industrie,Khalil Fattal & Fils S.A.L.,France,749864.115,cosyrel,true
MED#5880,5880,218001/09,COVERAM,,5mg/5mg,30,Tablet,Servier (Ireland) Industrie Ltd,Khalil Fattal & Fils S.A.L.,Ireland,821087.7675000002,coveram,true
MED#5881,5881,218002/09,COVERAM,,10mg/5mg,30,Tablet,Servier (Ireland) Industrie Ltd,Khalil Fattal & Fils S.A.L.,Ireland,1116733.1175,coveram,true
MED#5883,5883,218011/09,COVERAM,,10mg/10mg,30,Tablet,Servier (Ireland) Industrie Ltd,Khalil Fattal & Fils S.A.L.,Ireland,1116733.1175,coveram,true
MED#5229,5229,24979/07,COVERSYL ARGININE,,10mg,30,"Tablet, film coated",Servier (Ireland) Industrie Ltd,Khalil Fattal & Fils S.A.L.,Ireland,452874.9225000001,coversyl arginine,true
MED#5236,5236,24978/07,COVERSYL ARGININE,,5mg,30,"Tablet, film coated",Servier (Ireland) Industrie Ltd,Khalil Fattal & Fils S.A.L.,Ireland,452874.9225000001,coversyl arginine,true
MED#10666,10666,84721/1,COXIFLAM,,120mg,7,"Tablet, film coated",Pharmaline SAL,Pharmaline S.A.L.,Lebanon,398033.35000000003,coxiflam,true
MED#10667,10667,84521/1,COXIFLAM,,90mg,30,"Tablet, film coated",Pharmaline SAL,Pharmaline S.A.L.,Lebanon,1293928.35,coxiflam,true
MED#10668,10668,84621/1,COXIFLAM,,60mg,30,"Tablet, film coated",Pharmaline SAL,Pharmaline S.A.L.,Lebanon,904853.9500000001,coxiflam,true
MED#6845,6845,97841/11,COZAAR,,50mg,28,Tablet,"Algorithm S.A.L. under license from Organon LLC 30 Hudson Street, Jersey City, NJ, USA",Droguerie de l'Union,Lebanon,1420633.5,cozaar,true
MED#6846,6846,97842/11,COZAAR,,100mg,28,Tablet,"Algorithm S.A.L. under license from Organon LLC 30 Hudson Street, Jersey City, NJ, USA",Droguerie de l'Union,Lebanon,1740596,cozaar,true
MED#4397,4397,24751,CREM-O-SULFA,,5%,20g,Cream,Mediphar Laboratories,Droguerie Cedarspharm S.A.R.L.,Lebanon,202216.30000000002,crem o sulfa,true
MED#3206,3206,405690/00,"CREON 10,000",,,100,Capsule,Abbott Laboratories GmbH,Mersaco,Germany,1835688.8550000004,creon 10 000,true
MED#5258,5258,24472/06,"CREON 25,000",,,100,Capsule,Abbott Laboratories GmbH,Mersaco,Germany,4598629.035,creon 25 000,true
MED#10516,10516,126119/1,CRESEMBA,,100mg,14,"Capsule, hard","Swissco Services AG, under license from Basilea Pharmaceutica International Ltd",Abela Frères S.A.L.,Switzerland,69290804.21750161,cresemba,true
MED#10517,10517,84619/1,CRESEMBA,,200mg,1Vial,Powder for concentrate for solution for infusion,"Baxter Pharmaceutical Solutions LLC, USA, under license from Basilea Pharmaceutica International Ltd, Switzerland",Abela Frères S.A.L.,USA,38436952.28409098,cresemba,true
MED#7861,7861,186191/13,CRESOTAB,,10mg,30,"Tablet, film coated",Tabuk Pharmaceutical Manufacturing Company,Mersaco,Saudi Arabia,517379.3625000001,cresotab,true
MED#7862,7862,186192/13,CRESOTAB,,20mg,30,"Tablet, film coated",Tabuk Pharmaceutical Manufacturing Company,Mersaco,Saudi Arabia,517379.3625000001,cresotab,true
MED#1711,1711,195490/04,CRESTOR,,10mg,28,Tablet,IPR Pharmaceuticals,Omnipharma,USA,804961.6575000001,crestor,true
MED#1712,1712,195491/04,CRESTOR,,20mg,28,Tablet,IPR Pharmaceuticals,Omnipharma,USA,804961.6575000001,crestor,true
MED#1713,1713,195492/04,CRESTOR,,40mg,28,Tablet,IPR Pharmaceuticals,Omnipharma,USA,804961.6575000001,crestor,true
MED#5565,5565,23863/07,CRESTOR,,5mg,28,Tablet,IPR Pharmaceuticals,Omnipharma,USA,589946.8574999998,crestor,true
MED#6342,6342,168138/10,CRESULIP 10,,10mg,30,"Tablet, film coated",Benta SAL,Benta Trading Co s.a.l.,Lebanon,575932.5,cresulip 10,true
MED#6343,6343,168139/10,CRESULIP 20,,20mg,30,"Tablet, film coated",Benta SAL,Benta Trading Co s.a.l.,Lebanon,575932.5,cresulip 20,true
MED#5332,5332,24491/06,CRINONE,,8%,15 pre-filled applicators,Vaginal gel,Dendron Brands Limited,Food & Drug Corporation FDC,UK,4734357.1274999995,crinone,true
MED#10451,10451,1320/1,CURACNE,,5mg,30,"Capsule, soft",Catalent Germany Eberbach GmbH,Mersaco,Germany,856027.6725,curacne,true
MED#10452,10452,68620/1,CURACNE,,10mg,30,"Capsule, soft",Catalent Germany Eberbach GmbH,Mersaco,Germany,970254.285,curacne,true
MED#10453,10453,68720/1,CURACNE,,20mg,30,"Capsule, soft",Catalent Germany Eberbach GmbH,Mersaco,Germany,1603204.1025000003,curacne,true
MED#10454,10454,68820/1,CURACNE,,40mg,30,"Capsule, soft",Catalent Germany Eberbach GmbH,Mersaco,Germany,3553119.5700000003,curacne,true
MED#12172,12172,126823/1,CURACNE,,5mg,30,"Capsule, soft",Catalent France Beinheim SA,Mersaco,France,856027.6725000002,curacne,true
MED#12173,12173,21924/1,CURACNE,,40mg,30,"Capsule, soft",Catalent France Beinheim SA,Mersaco,France,3553119.5700000008,curacne,true
MED#12174,12174,21524/1,CURACNE,,10mg,30,"Capsule, soft",Catalent Germany Eberbach GmbH,Mersaco,Germany,970254.2850000001,curacne,true
MED#12175,12175,21724/1,CURACNE,,20mg,30,"Capsule, soft",Catalent Germany Eberbach GmbH,Mersaco,Germany,1603204.1025000003,curacne,true
MED#12218,12218,21624/1,CURACNE,,5mg,30,"Capsule, soft",Catalent Germany Eberbach GmbH,Mersaco,Germany,856027.6725000002,curacne,true
MED#12219,12219,21424/1,CURACNE,,10mg,30,"Capsule, soft",Catalent France Beinheim SA,Mersaco,France,970254.2850000001,curacne,true
MED#12220,12220,21824/1,CURACNE,,20mg,30,"Capsule, soft",Catalent France Beinheim SA,Mersaco,France,1603204.1025000003,curacne,true
MED#12221,12221,22024/1,CURACNE,,40mg,30,"Capsule, soft",Catalent Germany Eberbach GmbH,Mersaco,Germany,3553119.5700000008,curacne,true
MED#3976,3976,195469/04,CURACNE,,5mg,30,"Capsule, soft",Catalent France Beinheim SA,Mersaco,France,856027.6725,curacne,true
MED#3977,3977,195471/04,CURACNE,,10mg,30,"Capsule, soft",Catalent France Beinheim SA,Mersaco,France,970254.285,curacne,true
MED#3978,3978,195470/04,CURACNE,,20mg,30,"Capsule, soft",Catalent France Beinheim SA,Mersaco,France,1603204.1025000003,curacne,true
MED#5114,5114,24301,CURACNE,,40mg,30,"Capsule, soft",Catalent France Beinheim SA,Mersaco,France,3553119.5700000003,curacne,true
MED#8322,8322,84015/1,CURAM,,625mg,20,"Tablet, film coated","Pharmaline under license from Sandoz GmbH, Austria",Khalil Fattal & Fils S.A.L.,Lebanon,402189.064277,curam,true
MED#8820,8820,118316/1,CURAM,,1g,14,"Tablet, film coated","Pharmaline Licensed by Sandoz GmbH, KUNDL, Austria",Khalil Fattal & Fils S.A.L.,Lebanon,541235.8411460001,curam,true
MED#7049,7049,218863/09,CURCARD,,4mg,20,Tablet,The United Pharmaceutical Manufacturing Co Ltd,Premium Serve Drugstore Co. P.S.D. SAL,Jordan,452874.92250000004,curcard,true
MED#7495,7495,96715/12,CUREAML,,500mg,30,Capsule,The Arab Pharmaceutical Manufacturing PSC,Abela Frères S.A.L.,Jordan,1228272.0450000004,cureaml,true
MED#7560,7560,186379/13,CUTIDERMINE,,,30g,Topical Gel,Mediphar Laboratories,Pharmapro,Lebanon,593850.4,cutidermine,true
MED#10478,10478,63320/1,CUVITRU,,200mg/ml (4g/20ml),1Vial x 20ml,Solution for subcutaneous injection,Baxalta Belgium Manufacturing SA,Abela Frères S.A.L.,Belgium,29806626.628800005,cuvitru,true
MED#10479,10479,63420/1,CUVITRU,,200mg/ml (8g/40ml),1Vial x 40ml,Solution for subcutaneous injection,Baxalta Belgium Manufacturing SA,Abela Frères S.A.L.,Belgium,53593818.453,cuvitru,true
MED#12449,12449,129822/1,CYBRIN,,125mg,21,"Capsule, hard gelatin",Nano Fanavaran Darouei Alvand Co,Lebiran SARL,Iran,103298115.26343748,cybrin,true
MED#11539,11539,164820/1,CYCLOGEST,,400mg,15,Pessary,Accord UK Ltd,Mersaco,UK,1546762.7175000003,cyclogest,true
MED#4285,4285,236959/99,CYCLOVEX,,200mg,30,Tablet,Algorithm S.A.L.,Droguerie de l'Union,Lebanon,1164663.4999999998,cyclovex,true
MED#4286,4286,236958/99,CYCLOVEX,,400mg,40,Tablet,Algorithm S.A.L.,Droguerie de l'Union,Lebanon,2687684.9999999995,cyclovex,true
MED#4287,4287,236962/99,CYCLOVEX,,50mg/g,2g,Cream,Algorithm S.A.L.,Droguerie de l'Union,Lebanon,345559.5000000001,cyclovex,true
MED#10253,10253,153519/1,CYMEVENE,,500mg,1,Vial,Valdepharm Val De Reuil Cedex,Omnipharma,France,1726837.6124999998,cymevene,true
MED#10941,10941,95818/1,CYNOVIT-JULPHAR,,1mg/ml,5Ampoules,Injection IM,Julphar,Pharmanet Drugstore S.A.R.L.,United Arab Emirates,167980.3125,cynovit julphar,true
MED#10763,10763,122121/1,CYNT,,0.2mg,30,"Tablet, film coated","Pharmaline Licensed by Abbott Laboratories GmbH, Germany",Mersaco,Lebanon,937444.3988910001,cynt,true
MED#10764,10764,122221/1,CYNT,,0.3mg,30,"Tablet, film coated","Pharmaline Licensed by Abbott Laboratories GmbH, Germany",Mersaco,Lebanon,1266372.2581510004,cynt,true
MED#10765,10765,122321/1,CYNT,,0.4mg,30,"Tablet, film coated","Pharmaline Licensed by Abbott Laboratories GmbH, Germany",Mersaco,Lebanon,1266372.2581510004,cynt,true
MED#4288,4288,20949,CYPRO-BC,,,114ml,Syrup,Algorithm S.A.L.,Droguerie de l'Union,Lebanon,449227.35000000003,cypro bc,true
MED#4289,4289,19330,CYPRO-VITA,,,30,"Tablet, film coated",Algorithm S.A.L.,Droguerie de l'Union,Lebanon,409552.00000000006,cypro vita,true
MED#12486,12486,107825/1,CYPTERONE,,200mg/ml,1Vial 1ml,Solution for injection,Hikma Farmaceutica SA,UPO S.A.L.,Portugal,618167.55,cypterone,true
MED#8492,8492,131415/1,CYRAMZA,,100mg/10ml,1Vial,Injection IV infusion,Lilly France,Droguerie de l'Union,France,47779250.65200001,cyramza,true
MED#8493,8493,131515/1,CYRAMZA,,500mg/50ml,1Vial,Injection IV infusion,Lilly France,Droguerie de l'Union,France,218656547.97984374,cyramza,true
MED#12564,12564,46121/1,CYSTADANE,,1g,1bottle + 3measuring spoons,Oral powder,Recordati Rare Diseases,Mecapharma SAL,France,54870104.205000006,cystadane,true
MED#6193,6193,167632/10,CYSTINE B6 BAILLEUL,,,60,Comprimé pelliculé,Galenique Vernin,Pharmamedic S.A.R.L.,France,862746.885,cystine b6 bailleul,true
MED#4903,4903,38909/96,CYTEAL Solution Antiseptique,,,250ml,Solution,"Pharmaline Licensed by Pierre Fabre Medicament, France",Mersaco,Lebanon,376771.911516,cyteal solution antiseptique,true
MED#4904,4904,38918/96,CYTEAL Solution Antiseptique,,,500ml,Solution,"Pharmaline Licensed by Pierre Fabre Medicament, France",Mersaco,Lebanon,641409.325557,cyteal solution antiseptique,true
MED#2465,2465,208973/03,CYTODROX,,500mg,100,Capsule,Cipla Ltd,Droguerie de l'Union,India,3301821.0225000004,cytodrox,true
MED#8825,8825,125615/1,CYTOTEC,,200mcg,28,Tablet,Piramal Healthcare UK Ltd,Droguerie Fattal S.A.L.,UK,737769.5325,cytotec,true
MED#12047,12047,98722/1,CYTU,,1000mg/10ml,1Vial for single use,Solution for injection,Onko Ilac Sanayi Ve Tic AS,Germanos Health Care Supplies SARL,Turkey,2230778.5500000007,cytu,true
MED#10898,10898,20314/1,CYVAX,,250mcg/25mcg,,Suspension for inhalation,Berg Life Sciences SA,Macromed S.A.R.L.,Tunisia,1710711.5025000002,cyvax,true
MED#7511,7511,186529/13,D-CURE,,"25,000IU",4 Ampoules,Solution buvable,SMB Technology SA,Pharmamedic S.A.R.L.,Belgium,467657.19,d cure,true
MED#12556,12556,111725/1,D-CURE CHAPHA,,"25,000IU",4 Ampoules,Solution buvable,"Chaoul Pharmaceuticals (Cha-pha) SAL, Lebanon (Packing) Manufactured by SMB Technology SA, Belgium",Pharmamedic S.A.R.L.,Lebanon,466479.50949600013,d cure chapha,true
MED#9572,9572,19018/1,D-ESTER,,50000IU,10/box,Capsule,Packed by Pharmadex SAL under license from Orbucell Canada,Medi drug International SAL (MDI),Lebanon,1187700.8,d ester,true
MED#9573,9573,22318/1,D-ESTER,,10000IU,30/box,Softgel,Packed by Pharmadex SAL under license from Orbucell Canada,Medi drug International SAL (MDI),Lebanon,999562.8500000002,d ester,true
MED#6881,6881,97235/12,D-VITAL,,"10,000IU",30,Capsule,Pharmaline SAL,Pharmaline S.A.L.,Lebanon,561342.2100000001,d vital,true
MED#9125,9125,28017/1,D-VITAL,,"50,000IU",10,"Capsule, hard",Pharmaline SAL,Pharmaline S.A.L.,Lebanon,712620.48,d vital,true
MED#7865,7865,86814/1,DACARBAZINE MEDAC,,200mg,Pack of 10Vials,Powder for solution for injection or infusion,Medac Gesellschaft Fur Klinische Spezialpraparate mbH,Mersaco,Germany,15866075.912399998,dacarbazine medac,true
MED#7867,7867,86614/1,DACARBAZINE MEDAC,,1000mg,1Vial,Powder for solution for infusion,Medac Gesellschaft Fur Klinische Spezialpraparate mbH,Mersaco,Germany,5411653.7475000005,dacarbazine medac,true
MED#10978,10978,4921/1,DACEPTON,,5mg/ml,5Vials of 20ml,Solution for injection,Ever Pharma Jena GmbH,Droguerie R. Pharaon & Fils S.A.L.,Germany,12678531.68505,dacepton,true
MED#9242,9242,73817/1,DACEPTON,,10mg/ml,Box of 5Cartridges of 3ml,Solution for injection,Ever Pharma Jena GmbH,Droguerie R. Pharaon & Fils S.A.L.,Germany,13404431.611200001,dacepton,true
MED#11542,11542,33923/1,DACOGEN,,50mg,1 vial,Injection,BSP Pharmaceuticals SpA,Mersaco,Italy,90495926.13979201,dacogen,true
MED#6497,6497,167159/10,DACOGEN,,50mg,1 vial,Injection,BSP Pharmaceuticals SpA,Mersaco,Italy,90496389.09609374,dacogen,true
MED#2361,2361,27883,DAFLON,,500mg,30,Comprimés pelliculés,Les Laboratoires Servier Industrie,Khalil Fattal & Fils S.A.L.,France,627574.4475,daflon,true
MED#8290,8290,11815/1,DAFLON,,500mg,60,"Tablet, film coated",Les Laboratoires Servier Industrie,Khalil Fattal & Fils S.A.L.,France,1191988.2974999999,daflon,true
MED#9438,9438,40918/1,DAFLON,,1000mg,30,"Tablet, film coated",Les Laboratoires Servier Industrie,Khalil Fattal & Fils S.A.L.,France,1256492.7374999998,daflon,true
MED#6872,6872,97363/12,DAIVOBET,,50mcg/g +0.5mg/g,30g,Gel,Leo Laboratories Ltd (Leo Pharma),UPO S.A.L.,Ireland,2100425.8275000006,daivobet,true
MED#11846,11846,99723/1,DAKTACORT,,,15g,Cream,Janssen Pharmaceutica NV,Droguerie Columbus,Belgium,208295.58750000005,daktacort,true
MED#11797,11797,99523/1,DAKTARIN,,,30g,Cream,Janssen Pharmaceutica NV,Droguerie Columbus,Belgium,231140.91000000006,daktarin,true
MED#12330,12330,38724/1,DAKTARIN ORAL,,,40g,Gel,Janssen Pharmaceutica NV,Droguerie Columbus,Belgium,318490.6725,daktarin oral,true
MED#411,411,19486,DALACIN-C,,150mg,16,Capsule,Fareva Amboise,Droguerie Fattal S.A.L.,France,287582.295,dalacin c,true
MED#412,412,24542/79,DALACIN-C,,300mg,16,Capsule,Fareva Amboise,Droguerie Fattal S.A.L.,France,478407.92999999993,dalacin c,true
MED#11131,11131,147255/1,DALEUBIN,,20mg,60,"Tablet, film coated",Lek Pharmaceuticals dd,Khalil Fattal & Fils S.A.L.,Slovenia,82387570.51140814,daleubin,true
MED#11132,11132,114120/1,DALEUBIN,,50mg,60,"Tablet, film coated",Lek Pharmaceuticals dd,Khalil Fattal & Fils S.A.L.,Slovenia,101548595.89610164,daleubin,true
MED#11133,11133,147722/1,DALEUBIN,,70mg,60,"Tablet, film coated",Lek Pharmaceuticals dd,Khalil Fattal & Fils S.A.L.,Slovenia,102415922.61332545,daleubin,true
MED#8379,8379,186962/14,DANALLI,,300mg,16,Capsule,The United Pharmaceutical Manufacturing Co Ltd,Premium Serve Drugstore Co. P.S.D. SAL,Jordan,267424.65750000003,danalli,true
MED#9690,9690,71116/1,DANLOX QUICK,,,15Pouches (monodose),Powder for oral suspension,Laboratorios Casasco S.A.I.C.,Droguerie Phenicia,Argentine,1323684.8624999998,danlox quick,true
MED#12297,12297,88924/1,DAPALOZIN,,10mg,30,Tablet,"Vivozon Pharmaceutical Co, Ltd",Wellpharm,Korea,1330404.0750000002,dapalozin,true
MED#8060,8060,39914/1,DAREQ,,5mg,30,"Tablet, film coated",Iberfar Industria Farmaceutica SA,Droguerie R. Pharaon & Fils S.A.L.,Portugal,258017.76,dareq,true
MED#9118,9118,8617/1,DARSTIN,,10mg/g,80g,Gel,Seid SA,New Europharm,Spain,380307.4275,darstin,true
MED#10905,10905,113921/1,DARZALEX,,1800mg,1Vial,Solution for injection for SC inj only,Cilag AG,Mersaco,Switzerland,513081753.0103124,darzalex,true
MED#8899,8899,167016/1,DARZALEX,,400mg/20ml,1 vial,Injectable concentrate for solution for infusion,Cilag AG,Mersaco,Switzerland,143582702.72718748,darzalex,true
MED#10961,10961,522/1,DASATINIB NEAPOLIS,,140mg,60,"Tablet, film coated",Neapolis Pharma,Medis Pharm Drugstore,Tunisia,254729809.68749997,dasatinib neapolis,true
MED#10962,10962,322/1,DASATINIB NEAPOLIS,,140mg,30,"Tablet, film coated",Neapolis Pharma,Medis Pharm Drugstore,Tunisia,127364904.84374999,dasatinib neapolis,true
MED#10963,10963,622/1,DASATINIB NEAPOLIS,,70mg,60,"Tablet, film coated",Neapolis Pharma,Medis Pharm Drugstore,Tunisia,127364904.84374999,dasatinib neapolis,true
MED#10964,10964,422/1,DASATINIB NEAPOLIS,,20mg,60,"Tablet, film coated",Neapolis Pharma,Medis Pharm Drugstore,Tunisia,103165572.92343749,dasatinib neapolis,true
MED#10965,10965,722/1,DASATINIB NEAPOLIS,,50mg,60,"Tablet, film coated",Neapolis Pharma,Medis Pharm Drugstore,Tunisia,127364904.84374999,dasatinib neapolis,true
MED#11820,11820,31124/1,DAXATRAN,,150mg,60,"Capsule, hard","Algorithm S.A.L. (Packager and final batch releaser), Laboratorios Liconsa, Spain (Bulk manufacturer)",Droguerie de l'Union,Lebanon,2576338.0500000003,daxatran,true
MED#11821,11821,31024/1,DAXATRAN,,110mg,60,"Capsule, hard","Algorithm S.A.L. (Packager and final batch releaser), Laboratorios Liconsa, Spain (Bulk manufacturer)",Droguerie de l'Union,Lebanon,2576338.0500000003,daxatran,true
MED#11822,11822,30924/1,DAXATRAN,,75mg,60,"Capsule, hard","Algorithm S.A.L. (Packager and final batch releaser), Laboratorios Liconsa, Spain (Bulk manufacturer)",Droguerie de l'Union,Lebanon,2576338.0500000003,daxatran,true
MED#7878,7878,133914/1,DEANXIT,,,100,"Tablet, film coated",H. Lundbeck AS,Sadco,Denmark,1372063.1925000001,deanxit,true
MED#4291,4291,13929,DECADRON,,0.5mg/5ml,100ml,Elixir,Algorithm S.A.L.,Droguerie de l'Union,Lebanon,449227.35000000003,decadron,true
MED#4292,4292,6930,DECADRON,,0.5mg,30,"Tablet, scored",Algorithm S.A.L.,Droguerie de l'Union,Lebanon,393218.30447900004,decadron,true
MED#12264,12264,40224/1,DECALCIT,,,60,Tablet,Klocke Pharma Service GmbH,Mediterranean Pharmaceutical Company,Germany,435404.9700000001,decalcit,true
MED#1800,1800,3443/72,DECALCIT,,,100,Tablet,Klocke Pharma Service GmbH,Mediterranean Pharmaceutical Company,Germany,912469.0575,decalcit,true
MED#1801,1801,3398/72,DECALCIT,,,100g,Powder,Klocke Pharma Service GmbH,Mediterranean Pharmaceutical Company,Germany,1075074,decalcit,true
MED#2806,2806,27530,DECAPEPTYL,,0.1mg,7+7,Flacon + Solvant,Ipsen Pharma Biotech,Droguerie de l'Union,France,2366506.6425,decapeptyl,true
MED#2810,2810,78978/98,DECAPEPTYL SR,,3mg,,Microsphères et solution pour préparation injectable (IM),Ipsen Pharma Biotech,Droguerie de l'Union,France,11778311.704950001,decapeptyl sr,true
MED#2811,2811,236418/98,DECAPEPTYL SR,,11.25mg,,Microsphères et solution pour préparation injectable (IM),Ipsen Pharma Biotech,Droguerie de l'Union,France,31761097.6284,decapeptyl sr,true
MED#6696,6696,096202/11,DECLOBAN,,0.05%,40g,Ointment,Mediphar Laboratories,Pharmamedic S.A.R.L.,Lebanon,302044.6,decloban,true
MED#6697,6697,096203/11,DECLOBAN,,0.05%,40g,Cream,Mediphar Laboratories,Pharmamedic S.A.R.L.,Lebanon,302044.6,decloban,true
MED#10291,10291,125416/1,DECOZAL,,0.1%,10ml,Metered dose nasal spray,Amman Pharmaceutical Industries,Germanos Health Care Supplies SARL,Jordan,147822.67500000002,decozal,true
MED#11527,11527,131322/1,DECOZAL,,0.05%,10ml,Metered dose nasal spray,Amman Pharmaceutical Industries,Germanos Health Care Supplies SARL,Jordan,155885.73000000004,decozal,true
MED#11528,11528,131422/1,DECOZAL,,0.1%,10ml,Nasal drops,Amman Pharmaceutical Industries,Germanos Health Care Supplies SARL,Jordan,145134.99000000005,decozal,true
MED#11656,11656,131522/1,DECOZAL,,0.05%,10ml,Nasal drops,Amman Pharmaceutical Industries,Germanos Health Care Supplies SARL,Jordan,108851.24250000002,decozal,true
MED#9276,9276,69217/1,DEDROGYL,,15mg/100ml,10ml,Oral drops solution,Laboratorio Farmaceutico (SIT) Specialita Igienico Terapeutiche S.r.l.,Pharmamedic S.A.R.L.,Italy,827806.98,dedrogyl,true
MED#8120,8120,122514/1,DEFAL,,6mg,20,Tablet,Faes Farma SA,Pharmamedic S.A.R.L.,Spain,415247.3325,defal,true
MED#8121,8121,122414/1,DEFAL,,30mg,10,Tablet,Faes Farma SA,Pharmamedic S.A.R.L.,Spain,635637.5025000001,defal,true
MED#5877,5877,221406/08,DEFAXINE,,75mg,14,"Capsule, extended release",Mediphar Laboratories,Pharmapro,Lebanon,724395.1000000001,defaxine,true
MED#11868,11868,55224/1,DEFERASIROX ARROW,,180mg,30,Comprimés pelliculés,APL Swift Services (Malta) Limited,Darapharma S.A.L.,Malta,13280846.498325001,deferasirox arrow,true
MED#11869,11869,55324/1,DEFERASIROX ARROW,,360mg,30,Comprimés pelliculés,APL Swift Services (Malta) Limited,Darapharma S.A.L.,Malta,18379326.7728,deferasirox arrow,true
MED#11870,11870,55124/1,DEFERASIROX ARROW,,90mg,30,Comprimés pelliculés,APL Swift Services (Malta) Limited,Darapharma S.A.L.,Malta,8846092.290000001,deferasirox arrow,true
MED#11763,11763,28123/1,DEFEROXAL 180,,180mg,30,"Tablet, film coated","Manufactured by Alembic Pharmaceutical Limited, India for Benta SAL",Benta Trading Co s.a.l.,Lebanon,13424140.799999999,deferoxal 180,true
MED#11764,11764,28023/1,DEFEROXAL 360,,360mg,30,"Tablet, film coated","Manufactured by Alembic Pharmaceutical Limited, India for Benta SAL",Benta Trading Co s.a.l.,Lebanon,18834069.5424,deferoxal 360,true
MED#11762,11762,28223/1,DEFEROXAL 90,,90mg,30,"Tablet, film coated","Manufactured by Alembic Pharmaceutical Limited, India for Benta SAL",Benta Trading Co s.a.l.,Lebanon,9279724.264999999,deferoxal 90,true
MED#11411,11411,24123/1,DEFIROX,,500mg,28,"Tablet, dispersible",Jazeera Pharmaceutical Industries,Abela Frères S.A.L.,Saudi Arabia,38502952.8408,defirox,true
MED#12126,12126,26024/1,DEGRA,,50mg,4,"Tablet, film coated",Deva Holding AS,New Europharm,Turkey,330585.25500000006,degra,true
MED#5159,5159,24369/06,DELINE,,5mg,30,Tablet,Mediphar Laboratories,Pharmapro,Lebanon,430029.60000000003,deline,true
MED#5519,5519,24728/07,DELINE,,,120ml,Syrup,Mediphar Laboratories,Pharmapro,Lebanon,197096.90000000002,deline,true
MED#6388,6388,167976/11,DELINE,,5mg,10,Tablet,Mediphar Laboratories,Pharmapro,Lebanon,149742.45,deline,true
MED#10742,10742,151617/1,DELINE CORT,,,60ml,Syrup,Mediphar Laboratories,Pharmapro,Lebanon,693678.7000000001,deline cort,true
MED#10743,10743,107521/1,DELINE-MED,,5mg,30,Tablet,Mediphar Laboratories,Pharmapro,Lebanon,566973.55,deline med,true
MED#10744,10744,107421/1,DELINE-MED,,,120ml,Syrup,Mediphar Laboratories,Pharmapro,Lebanon,259809.55000000002,deline med,true
MED#10161,10161,108919/1,DELSTRIGO,,,30,"Tablet, film coated",MSD International GmbH,Droguerie de l'Union,Ireland,48879792.534825005,delstrigo,true
MED#12569,12569,144523/1,DEMEPRAZOL,,20mg,14,Capsule,Deva Holding AS,New Europharm,Turkey,302364.56250000006,demeprazol,true
MED#2977,2977,25734,DEPAKINE,,200mg,40,Comprimé Enrobé,Sanofi Aventis SA,Mersaco,Spain,240547.8075,depakine,true
MED#2979,2979,24095,DEPAKINE,,500mg,40,Comprimé Enrobé,Sanofi Aventis SA,Mersaco,Spain,479751.7725,depakine,true
MED#2980,2980,25733,DEPAKINE,,,40ml,Soluté buvable,Sanofi Winthrop Industrie,Mersaco,France,360149.79000000004,depakine,true
MED#2986,2986,973478/02,DEPAKINE,,400mg/4ml,1Flacon lyo + 1Ampoule solvent,Injectable solution for IV injection,Sanofi SRL,Mersaco,Italy,450187.2375,depakine,true
MED#2987,2987,26876,DEPAKINE CHRONO,,500mg,30,"Tablet, film coated, scored",Sanofi Winthrop Industrie,Mersaco,France,362837.47500000003,depakine chrono,true
MED#4398,4398,236678/98,DEPIA,,2mg,20,"Tablet, scored",Mediphar Laboratories,Pharmapro,Lebanon,307164.00000000006,depia,true
MED#4399,4399,973306/01,DEPIA,,4mg,20,"Tablet, scored",Mediphar Laboratories,Pharmapro,Lebanon,499141.5,depia,true
MED#5520,5520,24727/07,DEPIA ORAL SOLUTION,,1mg/ml,100ml,Oral Solution,Mediphar Laboratories,Pharmapro,Lebanon,1510223.0000000002,depia oral solution,true
MED#416,416,8291,DEPO MEDROL,,40mg/ml,1 x 1ml,Injectable,Pfizer Manufacturing Belgium NV,Droguerie Fattal S.A.L.,Belgium,182762.58000000002,depo medrol,true
MED#417,417,20285,DEPO MEDROL,,80mg (40mg/ml),1x2ml,Injectable,Pfizer Manufacturing Belgium NV,Droguerie Fattal S.A.L.,Belgium,365525.16000000003,depo medrol,true
MED#12147,12147,86618/1,DEPOJOY,,30mg,6,"Tablet, film coated",Saudi Arabian Japanese Pharmaceutical (SAJA Pharmaceuticals),Food & Drug Corporation FDC,Saudi Arabia,1565576.5125000007,depojoy,true
MED#12148,12148,86718/1,DEPOJOY,,60mg,6,"Tablet, film coated",Saudi Arabian Japanese Pharmaceutical (SAJA Pharmaceuticals),Food & Drug Corporation FDC,Saudi Arabia,1565576.5125000007,depojoy,true
MED#9536,9536,125716/1,DEPOVEX,,1mg/ml,2Ampx1ml,Oily suspension for IM injection,Minapharm Company for Pharmaceutical & Chemical Industries,Mediterranean Pharmaceutical Company,Egypt,423310.3875,depovex,true
MED#11673,11673,12822/1,DEPREVIX HELLAS,,150mg,30,"Capsule, prolonged release",Pharmathen SA,Bellapharma S.A.R.L.,Greece,968910.4425,deprevix hellas,true
MED#11674,11674,12922/1,DEPREVIX HELLAS,,75mg,30,"Capsule, prolonged release",Pharmathen SA,Bellapharma S.A.R.L.,Greece,564413.8500000001,deprevix hellas,true
MED#8299,8299,186181/13,DEPREVIX HELLAS,,150mg,30,"Capsule, prolonged release",Pharmathen SA,Bellapharma S.A.R.L.,Greece,968910.4425,deprevix hellas,true
MED#8300,8300,186182/13,DEPREVIX HELLAS,,75mg,30,"Capsule, prolonged release",Pharmathen SA,Bellapharma S.A.R.L.,Greece,564413.8500000001,deprevix hellas,true
MED#5464,5464,222372/08,DEPRINE,,50mg,30,Tablet,Pharmadex licensed by Orbucell pharma Canada,Medi drug International SAL (MDI),Lebanon,894615.1500000001,deprine,true
MED#6884,6884,219453/09,DEPROX,,20mg,30,Tablet,Mediphar Laboratories,Pharmapro,Lebanon,972686,deprox,true
MED#6885,6885,219454/09,DEPROX,,40mg,30,Tablet,Mediphar Laboratories,Pharmapro,Lebanon,2909099.0500000007,deprox,true
MED#11943,11943,65023/1,DERIL,,1mcg,30,"Capsule, soft",Laboratorios Alcala Farma SL,New Europharm,Spain,783460.1775000002,deril,true
MED#9045,9045,121916/1,DERMAMINE ITCH STOPPING,,,35g,Cream,Natureplex LLC,Medis Pharm Drugstore,USA,560382.3225,dermamine itch stopping,true
MED#4898,4898,26693/89,DERMASONE,,0.05%,15g,Cream,Pharmaline SAL,Pharmaline S.A.L.,Lebanon,119026.05000000003,dermasone,true
MED#4400,4400,208685/03,DERMICIN,,20mg/g,15g,Cream,Mediphar Laboratories,Medapharm Healthcare SAL,Lebanon,175339.45000000004,dermicin,true
MED#2886,2886,405976/00,DERMOFIX,,2%,30g,Cream,Ferrer Internacional SA,Spephal S.A.L.,Spain,713580.3675,dermofix,true
MED#11840,11840,89624/1,DERMOFIX GYNO OVULE,,300mg,1,Vaginal suppository,"Chaoul Pharmaceuticals (Cha-pha) SAL Lebanon (Packing) under license from Ferrer International SA, Spain",Spephal S.A.L.,Lebanon,822319.6481499999,dermofix gyno ovule,true
MED#7531,7531,97885/12,DERMOFUCIN,,2%,30g,Skin cream,Amman Pharmaceutical Industries Co Ltd,Germanos Health Care Supplies SARL,Jordan,290269.98000000004,dermofucin,true
MED#7321,7321,166908/11,DERMOTRACIN,,,150ml,Aerosol powder,Medical Union Pharmaceuticals (MUP),Macromed S.A.R.L.,Egypt,737769.5325,dermotracin,true
MED#12372,12372,108124/1,DERMOVATE,,0.05% w/w,30g,Cream,Delpharm Poznan Spolka Akcyjna,Abela Frères S.A.L.,Poland,245923.17750000005,dermovate,true
MED#12373,12373,103824/1,DERMOVATE,,0.05% w/w,30g,Ointment,Delpharm Poznan Spolka Akcyjna,Abela Frères S.A.L.,Poland,245923.17750000005,dermovate,true
MED#9351,9351,156517/1,DERMOVATE,,0.05% w/w,30g,Cream,Glaxo Operations UK Ltd,Abela Frères S.A.L.,UK,245923.17749999996,dermovate,true
MED#9352,9352,156617/1,DERMOVATE,,0.05% w/w,30g,Ointment,Glaxo Operations UK Ltd,Abela Frères S.A.L.,UK,245923.17749999996,dermovate,true
MED#11918,11918,83321/1,DESARROL,,,200ml,Oral solution,Faes Farma SA,Power Pharm S.A.R.L.,Spain,1007881.8750000002,desarrol,true
MED#4401,4401,2440/94,DESIPRAMINE,,50mg,40,"Tablet, scored",Mediphar Laboratories,Medapharm Healthcare SAL,Lebanon,656563.0500000002,desipramine,true
MED#11037,11037,97822/1,DESLAMED,,,150ml,Oral solution,Chaoul Pharmaceuticals (Cha-Pha) SAL,Medis Pharm Drugstore,Lebanon,323802.05000000005,deslamed,true
MED#10055,10055,132619/1,DESLAMED FORTE,,,90ml,Syrup,Chaoul Pharmaceuticals (Cha-Pha) SAL,Medis Pharm Drugstore,Lebanon,1009801.65,deslamed forte,true
MED#11036,11036,97922/1,DESLAMED FORTE,,,60ml,Syrup,Chaoul Pharmaceuticals (Cha-Pha) SAL,Medis Pharm Drugstore,Lebanon,673201.1000000001,deslamed forte,true
MED#11038,11038,99022/1,DESLOCORT,,,60ml,Syrup,Chaoul Pharmaceuticals (Cha-Pha) SAL,Pharmamedic S.A.R.L.,Lebanon,673201.1000000001,deslocort,true
MED#9535,9535,34117/1,DESLOCORT,,,90ml,Syrup,Chaoul Pharmaceuticals (Cha-Pha) SAL,Pharmamedic S.A.R.L.,Lebanon,1009801.65,deslocort,true
MED#10901,10901,144116/1,DESLOR CHAPHA,,,150ml,Oral solution,Chaoul Pharmaceuticals (Cha-Pha) SAL,Pharmamedic S.A.R.L.,Lebanon,323802.05000000005,deslor chapha,true
MED#11655,11655,84123/1,DESLOR MEDIS,,5mg,30,"Tablet, film coated",Les Laboratoires Medis,Medis Pharm Drugstore,Tunisia,396433.53750000003,deslor medis,true
MED#11874,11874,149523/1,DESLORATADINE ARROW,,0.5mg/ml,150ml,Solution buvable,H2 Pharma,Darapharma S.A.L.,France,256673.91750000004,desloratadine arrow,true
MED#11646,11646,66522/1,DETRUSITOL,,2mg,28,Tablet,Pfizer Italia SRL,Droguerie Fattal S.A.L.,Italy,1995606.1125000005,detrusitol,true
MED#11545,11545,11720/1,DEXAFREE,,1mg/ml,30 unidoses x 0.4ml,Collyre en solution,Laboratoire Unither,Square One Group Pharma SAL,France,563070.0075000002,dexafree,true
MED#6694,6694,97657/11,DEXAFREE,,1mg/ml,30 unidoses x 0.4ml,Collyre en solution,Excelvision,Square One Group Pharma SAL,France,563070.0075000002,dexafree,true
MED#3885,3885,MP0050/95,DEXAMED,,8mg/2ml,100Ampoules x 2ml,Injection,Medochemie Ltd,New Allpharma,Cyprus,3547744.2,dexamed,true
MED#8279,8279,75515/1,DEXAMED,,8mg/2ml,10Ampoules x 2ml,Injection,Medochemie Ltd,New Allpharma,Cyprus,486470.9850000001,dexamed,true
MED#9694,9694,29415/1,DEXAMEDIS FORT,,8mg/2ml,Box of 1Ampoule of 2ml,Injectable solution,Les Laboratoires Medis SA,Medis Pharm Drugstore,Tunisia,43002.96000000001,dexamedis fort,true
MED#7159,7159,25/95,DEXAMETHASONE,,0.5mg/5ml,100ml,Elixir,Pharmadex,Pharmadex,Lebanon,119026.05000000003,dexamethasone,true
MED#9693,9693,29515/1,DEXAMETHASONE MEDIS,,4mg/1ml,Box of 50Ampoules of 1ml,Injectable solution,Les Laboratoires Medis SA,Medis Pharm Drugstore,Tunisia,1154360.7075000003,dexamethasone medis,true
MED#12404,12404,118525/1,DEXAMETHASONE NOVUMGEN,,4mg,50,Tablet,Santa SA,Sadco,Romania,8455823.512500001,dexamethasone novumgen,true
MED#12453,12453,40323/1,DEXAMETHASONE PANPHARMA,,8mg/2ml,boite de 10amps x 2ml,Sol inj,Panpharma GmbH,Minapharm Halabi,Germany,1076417.8425000003,dexamethasone panpharma,true
MED#12463,12463,145423/1,DEXAMETHASONE SODIUM PHOSPHATE INJECTION USP,,8mg/2ml,10Ampoules x 2ml,IV/IM,Indus Pharma Pvt. Limited,Multipharm,India,358805.94750000007,dexamethasone sodium phosphate injection usp,true
MED#12036,12036,149821/1,DEXAMETHASONE SODIUM PHOSPHATE USP - EIPICO,,8mg/2ml,5Ampoules of 2ml,For IV/IM Injection,Egyptian International Pharmaceutical Industries Co (Eipico),C. Catafago & Co,Egypt,185450.265,dexamethasone sodium phosphate usp eipico,true
MED#10206,10206,186418/1,DEXASINA,,8mg/2ml,100Ampoules,Injection,Aburaihan Pharmaceutical Company,Ibn Sina Pharm SARL,Iran,3471145.1774999998,dexasina,true
MED#12086,12086,16421/1,DEXATOBRIN,,,5ml,Sterile ophthalmic suspension,Egyptian International Pharmaceutical Industries Co (Eipico),C. Catafago & Co,Egypt,239203.96500000005,dexatobrin,true
MED#11489,11489,134322/1,DEXILANT,,60mg,28,"Capsule, delayed release","The Arab Pharmaceutical Manufacturing PSC, Sult under license from Takeda Pharmaceuticals International AG, Switzerland",Century Pharma SAL,Jordan,2375913.54,dexilant,true
MED#11490,11490,134522/1,DEXILANT,,30mg,28,"Capsule, delayed release","The Arab Pharmaceutical Manufacturing PSC, Sult under license from Takeda Pharmaceuticals International AG, Switzerland",Century Pharma SAL,Jordan,1595141.0475000006,dexilant,true
MED#11116,11116,165720/1,DEXIREN,,50mg/2ml,6Ampoules x 2ml,Solution for injection IM/IV,Idol Ilac Dolum San. ve Tic. AS,BroadMed SAL,Turkey,467657.19,dexiren,true
MED#10662,10662,114320/1,DEXKEVITAE,,25mg,20,"Tablet, film coated",SAG Manufacturing SLU,Promopharm S.A.R.L.,Spain,486470.98500000004,dexkevitae,true
MED#10022,10022,67119/1,DEXMEDETOMIDINE EVER PHARMA,,100mcg/ml,Pack of 5x4ml Vials,Concentrate for solution for infusion,Ever Pharma Jena GmbH,Droguerie R. Pharaon & Fils S.A.L.,Germany,15543896.533200003,dexmedetomidine ever pharma,true
MED#10023,10023,67219/1,DEXMEDETOMIDINE EVER PHARMA,,100mcg/ml,Pack of 5x2ml Ampoules,Concentrate for solution for infusion,Ever Pharma Jena GmbH,Droguerie R. Pharaon & Fils S.A.L.,Germany,9340432.7415,dexmedetomidine ever pharma,true
MED#11117,11117,83720/1,DEXON,,25mg,20,"Tablet, film coated",Ilko Ilac Sanayi ve Tic. A.S,BroadMed SAL,Turkey,239203.96500000005,dexon,true
MED#7663,7663,167179/10,DEXPURE,,10mg,30,"Tablet, enteric coated",Emcure Pharmaceuticals Ltd,Mediterranean Pharmaceutical Company,India,517379.3625000001,dexpure,true
MED#11651,11651,124023/1,DEXTROSE,,10g/100ml,500ml non pvc bag,Injectable solution,Alfa Laboratoires S.A.L.,Alfa Laboratoires S.A.L.,Lebanon,252819.6,dextrose,true
MED#11653,11653,124323/1,DEXTROSE,,10g/100ml,1000ml non pvc bag,Injectable solution,Alfa Laboratoires S.A.L.,Alfa Laboratoires S.A.L.,Lebanon,284996.64,dextrose,true
MED#11654,11654,124123/1,DEXTROSE,,10g/100ml,250ml non pvc bag,Injectable solution,Alfa Laboratoires S.A.L.,Alfa Laboratoires S.A.L.,Lebanon,220642.56,dextrose,true
MED#12165,12165,129524/1,DEXTROSE,,33g/100ml,"500ml Bag, non pvc",Injectable solution,Alfa Laboratoires S.A.L.,Alfa Laboratoires S.A.L.,Lebanon,312576.96,dextrose,true
MED#4110,4110,2792/94,DEXTROSE,,30g/100ml,10 x 20ml,Injectable solution,Alfa Laboratoires S.A.L.,Alfa Laboratoires S.A.L.,Lebanon,944625.9600000002,dextrose,true
MED#4111,4111,2793/94,DEXTROSE,,20g/100ml,10 x 20ml,Injectable solution,Alfa Laboratoires S.A.L.,Alfa Laboratoires S.A.L.,Lebanon,807873.5399999999,dextrose,true
MED#4112,4112,2777/94,DEXTROSE,,50g/100ml,500ml Viaflex bag,Injectable solution,Alfa Laboratoires S.A.L.,Alfa Laboratoires S.A.L.,Lebanon,329814.66000000003,dextrose,true
MED#4113,4113,2778/94,DEXTROSE,,33g/100ml,500ml Viaflex bag,Injectable solution,Alfa Laboratoires S.A.L.,Alfa Laboratoires S.A.L.,Lebanon,287295,dextrose,true
MED#4114,4114,2780/94,DEXTROSE,,20g/100ml,500ml Viaflex bag,Injectable solution,Alfa Laboratoires S.A.L.,Alfa Laboratoires S.A.L.,Lebanon,369208.55039999995,dextrose,true
MED#4115,4115,2711/94,DEXTROSE,,10g/100ml,250ml Viaflex bag,Injectable solution,Alfa Laboratoires S.A.L.,Alfa Laboratoires S.A.L.,Lebanon,170630.24639999997,dextrose,true
MED#4117,4117,2711/94,DEXTROSE,,10g/100ml,500ml Viaflex bag,Injectable solution,Alfa Laboratoires S.A.L.,Alfa Laboratoires S.A.L.,Lebanon,194211.42,dextrose,true
MED#4119,4119,2711/94,DEXTROSE,,10g/100ml,1000ml Viaflex bag,Injectable solution,Alfa Laboratoires S.A.L.,Alfa Laboratoires S.A.L.,Lebanon,219493.37999999998,dextrose,true
MED#4122,4122,2662/94,DEXTROSE,,5g/100ml,50ml Viaflex bag,Injectable solution,Alfa Laboratoires S.A.L.,Alfa Laboratoires S.A.L.,Lebanon,174062.46399999998,dextrose,true
MED#4124,4124,2662/94,DEXTROSE,,5g/100ml,100ml Viaflex bag,Injectable solution,Alfa Laboratoires S.A.L.,Alfa Laboratoires S.A.L.,Lebanon,174062.46399999998,dextrose,true
MED#4126,4126,2662/94,DEXTROSE,,5g/100ml,250ml Viaflex bag,Injectable solution,Alfa Laboratoires S.A.L.,Alfa Laboratoires S.A.L.,Lebanon,170630.24639999997,dextrose,true
MED#4128,4128,2662/94,DEXTROSE,,5g/100ml,500ml Viaflex bag,Injectable solution,Alfa Laboratoires S.A.L.,Alfa Laboratoires S.A.L.,Lebanon,182719.62,dextrose,true
MED#4130,4130,2662/94,DEXTROSE,,5g/100ml,1.000ml Viaflex bag,Injectable solution,Alfa Laboratoires S.A.L.,Alfa Laboratoires S.A.L.,Lebanon,205933.05599999998,dextrose,true
MED#9379,9379,19616/1,DEXTROSE,,10g/100ml,100ml Viaflex bag,Injectable solution,Alfa Laboratoires S.A.L.,Alfa Laboratoires S.A.L.,Lebanon,170630.24639999997,dextrose,true
MED#9558,9558,89618/1,DEXTROSE,,5g/100ml,100ml non pvc bag,Injectable solution,Alfa Laboratoires S.A.L.,Alfa Laboratoires S.A.L.,Lebanon,188771.968,dextrose,true
MED#9559,9559,89518/1,DEXTROSE,,5g/100ml,50ml non pvc bag,Injectable solution,Alfa Laboratoires S.A.L.,Alfa Laboratoires S.A.L.,Lebanon,188771.968,dextrose,true
MED#9586,9586,93718/1,DEXTROSE,,5g/100ml,500ml Non PVC bag,Injectable solution,Alfa Laboratoires S.A.L.,Alfa Laboratoires S.A.L.,Lebanon,195360.59999999998,dextrose,true
MED#9708,9708,166518/1,DEXTROSE,,5g/100ml,1000ml Non PVC bag,Injectable solution,Alfa Laboratoires S.A.L.,Alfa Laboratoires S.A.L.,Lebanon,224565.0944,dextrose,true
MED#9773,9773,185918/1,DEXTROSE,,5g/100ml,250ml Non PVC bag,Injectable solution,Alfa Laboratoires S.A.L.,Alfa Laboratoires S.A.L.,Lebanon,185339.75040000002,dextrose,true
MED#4749,4749,2088/94,"DEXTROSE 10% INJECTION, USP",,10%,1000ml,Injectable solution,Serum Products,Serum Products,Lebanon,217195.02,dextrose 10 injection usp,true
MED#4750,4750,2088/94,"DEXTROSE 10% INJECTION, USP",,10%,500ml,Injectable solution,Serum Products,Serum Products,Lebanon,191913.05999999997,dextrose 10 injection usp,true
MED#4751,4751,2088/94,"DEXTROSE 10% INJECTION, USP",,10%,250ml,Injectable solution,Serum Products,Serum Products,Lebanon,168929.46,dextrose 10 injection usp,true
MED#11652,11652,124223/1,DEXTROSE 2.5% & SODIUM CHLORIDE 0.45%,,,1000ml non pvc bag,Injectable solution,Alfa Laboratoires S.A.L.,Alfa Laboratoires S.A.L.,Lebanon,224090.1,dextrose 2 5 sodium chloride 0 45,true
MED#12164,12164,29325/1,DEXTROSE 2.5% & SODIUM CHLORIDE 0.45%,,,"500ml Bag, non pvc",Injectable solution,Alfa Laboratoires S.A.L.,Alfa Laboratoires S.A.L.,Lebanon,212598.3,dextrose 2 5 sodium chloride 0 45,true
MED#4157,4157,2661/94,DEXTROSE 2.5% & SODIUM CHLORIDE 0.45%,,,500ml Viaflex bag,Injectable solution,Alfa Laboratoires S.A.L.,Alfa Laboratoires S.A.L.,Lebanon,176973.72000000003,dextrose 2 5 sodium chloride 0 45,true
MED#4159,4159,2661/94,DEXTROSE 2.5% & SODIUM CHLORIDE 0.45%,,,1.000ml Viaflex bag,Injectable solution,Alfa Laboratoires S.A.L.,Alfa Laboratoires S.A.L.,Lebanon,198578.30399999997,dextrose 2 5 sodium chloride 0 45,true
MED#4754,4754,2094/94,"DEXTROSE 2.5% SODIUM CHLORIDE 0.45% INJECTION, USP",,,1000ml,,Serum Products,Serum Products,Lebanon,185017.98,dextrose 2 5 sodium chloride 0 45 injection usp,true
MED#4755,4755,2094/94,"DEXTROSE 2.5% SODIUM CHLORIDE 0.45% INJECTION, USP",,,500ml,,Serum Products,Serum Products,Lebanon,174675.36000000002,dextrose 2 5 sodium chloride 0 45 injection usp,true
MED#4756,4756,2094/94,"DEXTROSE 2.5% SODIUM CHLORIDE 0.45% INJECTION, USP",,,250ml,,Serum Products,Serum Products,Lebanon,148565.99039999998,dextrose 2 5 sodium chloride 0 45 injection usp,true
MED#4752,4752,2089/94,DEXTROSE 20% INJECTION USP,,20%,500ml,,Serum Products,Serum Products,Lebanon,316024.5,dextrose 20 injection usp,true
MED#4753,4753,2089/94,DEXTROSE 20% INJECTION USP,,20%,250ml,,Serum Products,Serum Products,Lebanon,183868.80000000002,dextrose 20 injection usp,true
MED#4147,4147,2744/94,DEXTROSE 5% & SODIUM CHLORIDE 0.2%,,,500ml Viaflex bag,Injectable solution,Alfa Laboratoires S.A.L.,Alfa Laboratoires S.A.L.,Lebanon,194165.4528,dextrose 5 sodium chloride 0 2,true
MED#4155,4155,2744/94,DEXTROSE 5% & SODIUM CHLORIDE 0.2%,,,1000ml Viaflex bag,Injectable solution,Alfa Laboratoires S.A.L.,Alfa Laboratoires S.A.L.,Lebanon,220642.56,dextrose 5 sodium chloride 0 2,true
MED#4149,4149,2746/94,DEXTROSE 5% & SODIUM CHLORIDE 0.3%,,,250ml Viaflex bag,Injectable solution,Alfa Laboratoires S.A.L.,Alfa Laboratoires S.A.L.,Lebanon,188771.968,dextrose 5 sodium chloride 0 3,true
MED#4151,4151,2746/94,DEXTROSE 5% & SODIUM CHLORIDE 0.3%,,,500ml Viaflex bag,Injectable solution,Alfa Laboratoires S.A.L.,Alfa Laboratoires S.A.L.,Lebanon,204554.04,dextrose 5 sodium chloride 0 3,true
MED#4153,4153,2746/94,DEXTROSE 5% & SODIUM CHLORIDE 0.3%,,,1.000ml Viaflex bag,Injectable solution,Alfa Laboratoires S.A.L.,Alfa Laboratoires S.A.L.,Lebanon,220642.56,dextrose 5 sodium chloride 0 3,true
MED#4142,4142,2710/94,DEXTROSE 5% & SODIUM CHLORIDE 0.45%,,,1.000ml Viaflex bag,Injectable solution,Alfa Laboratoires S.A.L.,Alfa Laboratoires S.A.L.,Lebanon,205933.05599999998,dextrose 5 sodium chloride 0 45,true
MED#4144,4144,2710/94,DEXTROSE 5% & SODIUM CHLORIDE 0.45%,,,500ml Viaflex bag,Injectable solution,Alfa Laboratoires S.A.L.,Alfa Laboratoires S.A.L.,Lebanon,182719.62,dextrose 5 sodium chloride 0 45,true
MED#9372,9372,99817/1,DEXTROSE 5% & SODIUM CHLORIDE 0.45%,,,500ml Non PVC bag,Injectable solution,Alfa Laboratoires S.A.L.,Alfa Laboratoires S.A.L.,Lebanon,217210.3424,dextrose 5 sodium chloride 0 45,true
MED#9373,9373,99917/1,DEXTROSE 5% & SODIUM CHLORIDE 0.45%,,,1.000ml Non PVC bag,Injectable solution,Alfa Laboratoires S.A.L.,Alfa Laboratoires S.A.L.,Lebanon,240255.23200000002,dextrose 5 sodium chloride 0 45,true
MED#4134,4134,2709/94,DEXTROSE 5% & SODIUM CHLORIDE 0.9%,,,250ml Viaflex bag,Injectable solution,Alfa Laboratoires S.A.L.,Alfa Laboratoires S.A.L.,Lebanon,189262.2848,dextrose 5 sodium chloride 0 9,true
MED#4136,4136,2709/94,DEXTROSE 5% & SODIUM CHLORIDE 0.9%,,,500ml Viaflex bag,Injectable solution,Alfa Laboratoires S.A.L.,Alfa Laboratoires S.A.L.,Lebanon,182719.62,dextrose 5 sodium chloride 0 9,true
MED#4138,4138,2709/94,DEXTROSE 5% & SODIUM CHLORIDE 0.9%,,,1.000ml Viaflex bag,Injectable solution,Alfa Laboratoires S.A.L.,Alfa Laboratoires S.A.L.,Lebanon,207894.3232,dextrose 5 sodium chloride 0 9,true
MED#9711,9711,130718/1,DEXTROSE 5% & SODIUM CHLORIDE 0.9%,,,500ml Non PVC bag,Injectable solution,Alfa Laboratoires S.A.L.,Alfa Laboratoires S.A.L.,Lebanon,198578.30399999997,dextrose 5 sodium chloride 0 9,true
MED#9712,9712,130618/1,DEXTROSE 5% & SODIUM CHLORIDE 0.9%,,,1000ml Non PVC bag,Injectable solution,Alfa Laboratoires S.A.L.,Alfa Laboratoires S.A.L.,Lebanon,226036.0448,dextrose 5 sodium chloride 0 9,true
MED#4133,4133,261322/97,DEXTROSE 5% IN LACTATED RINGER'S,,,1.000ml,Injectable solution,Alfa Laboratoires S.A.L.,Alfa Laboratoires S.A.L.,Lebanon,207404.00639999998,dextrose 5 in lactated ringer s,true
MED#4808,4808,113/95,DEXTROSE 5% INJECTION USP,,5%,100ml,,Serum Products,Serum Products,Lebanon,158586.84,dextrose 5 injection usp,true
MED#4809,4809,113/95,DEXTROSE 5% INJECTION USP,,5%,50ml,,Serum Products,Serum Products,Lebanon,171227.82,dextrose 5 injection usp,true
MED#4779,4779,2087/94,"DEXTROSE 5% INJECTION, USP",,5%,1000ml,,Serum Products,Serum Products,Lebanon,193062.24,dextrose 5 injection usp,true
MED#4790,4790,2087/94,"DEXTROSE 5% INJECTION, USP",,5%,500ml,,Serum Products,Serum Products,Lebanon,171227.82,dextrose 5 injection usp,true
MED#4801,4801,2087/94,"DEXTROSE 5% INJECTION, USP",,5%,250ml,,Serum Products,Serum Products,Lebanon,158586.84,dextrose 5 injection usp,true
MED#4764,4764,2093/94,"DEXTROSE 5% SODIUM CHLORIDE 0.45% INJECTION, USP",,,1000ml,,Serum Products,Serum Products,Lebanon,193062.24,dextrose 5 sodium chloride 0 45 injection usp,true
MED#4765,4765,2093/94,"DEXTROSE 5% SODIUM CHLORIDE 0.45% INJECTION, USP",,,500ml,,Serum Products,Serum Products,Lebanon,180421.26,dextrose 5 sodium chloride 0 45 injection usp,true
MED#4766,4766,2093/94,"DEXTROSE 5% SODIUM CHLORIDE 0.45% INJECTION, USP",,,250ml,,Serum Products,Serum Products,Lebanon,148565.99039999998,dextrose 5 sodium chloride 0 45 injection usp,true
MED#4767,4767,2092/94,"DEXTROSE 5% SODIUM CHLORIDE 0.9% INJECTION, USP",,,1000ml,,Serum Products,Serum Products,Lebanon,194211.42,dextrose 5 sodium chloride 0 9 injection usp,true
MED#4769,4769,2092/94,"DEXTROSE 5% SODIUM CHLORIDE 0.9% INJECTION, USP",,,500ml,,Serum Products,Serum Products,Lebanon,180421.26,dextrose 5 sodium chloride 0 9 injection usp,true
MED#4770,4770,2092/94,"DEXTROSE 5% SODIUM CHLORIDE 0.9% INJECTION, USP",,,250ml,,Serum Products,Serum Products,Lebanon,186167.16,dextrose 5 sodium chloride 0 9 injection usp,true
MED#4747,4747,114/95,DEXTROSE 7.5% INJECTION USP,,7.5%,500ml,,Serum Products,Serum Products,Lebanon,163183.55999999997,dextrose 7 5 injection usp,true
MED#4748,4748,114/95,DEXTROSE 7.5% INJECTION USP,,7.5%,250ml,,Serum Products,Serum Products,Lebanon,148565.99039999998,dextrose 7 5 injection usp,true
MED#4810,4810,114/95,DEXTROSE 7.5% INJECTION USP,,7.5%,1000ml,,Serum Products,Serum Products,Lebanon,179455.94880000004,dextrose 7 5 injection usp,true
MED#5198,5198,195282/04,DEXTROSE INJECTION 5%,,,500ml,Injectable solution,Alfa Laboratoires S.A.L.,Alfa Laboratoires S.A.L.,Lebanon,212797.4912,dextrose injection 5,true
MED#7285,7285,218723/10,DIACOL,,,200ml,Syrup,Laboratorios Bial- Portela & Ca SA,Levant Alie Houses S.A.L.,Portugal,517379.3625000001,diacol,true
MED#11321,11321,150021/1,DIAFLOZIN,,10mg,30,"Tablet, film coated","Algorithm S.A.L. (Packager and final batch releaser), Macleods Pharmaceuticals Limited, India (Bulk mamufacturer)",Droguerie de l'Union,Lebanon,2124167.045,diaflozin,true
MED#11360,11360,149721/1,DIAFLOZIN PLUS,,5/1000mg extended release,30,"Tablet, film coated","Algorithm S.A.L. (Packager and final batch releaser), Macleods Pharmaceuticals Limited, India (Bulk mamufacturer)",Droguerie de l'Union,Lebanon,1241710.47,diaflozin plus,true
MED#11361,11361,149921/1,DIAFLOZIN PLUS,,10/1000mg extended release,30,"Tablet, film coated","Algorithm S.A.L. (Packager and final batch releaser), Macleods Pharmaceuticals Limited, India (Bulk mamufacturer)",Droguerie de l'Union,Lebanon,2483420.94,diaflozin plus,true
MED#5136,5136,24708/07,DIALON,,850mg,30,"Tablet, film coated",Julphar,Pharmanet Drugstore S.A.R.L.,United Arab Emirates,98100.5025,dialon,true
MED#5137,5137,24681/07,DIALON,,1000mg,30,"Tablet, film coated",Julphar,Pharmanet Drugstore S.A.R.L.,United Arab Emirates,180074.89500000002,dialon,true
MED#4728,4728,148220/03,DIAMERIL,,1mg,30,Tablet,Pharmaline SAL,Pharmaline S.A.L.,Lebanon,130544.7,diameril,true
MED#4729,4729,148221/03,DIAMERIL,,2mg,30,Tablet,Pharmaline SAL,Pharmaline S.A.L.,Lebanon,199656.60000000003,diameril,true
MED#4730,4730,148222/03,DIAMERIL,,3mg,30,Tablet,Pharmaline SAL,Pharmaline S.A.L.,Lebanon,261089.4,diameril,true
MED#4731,4731,148223/03,DIAMERIL,,4mg,30,Tablet,Pharmaline SAL,Pharmaline S.A.L.,Lebanon,322522.20000000007,diameril,true
MED#5086,5086,24517/07,DIAMET 500/5,,500mg/5mg,30,"Tablet, film coated",Benta SAL,Benta Trading Co s.a.l.,Lebanon,639925,diamet 500 5,true
MED#6133,6133,167704/10,DIAMICRON MR,,60mg,30,"Tablets, modified release scored",Les Laboratoires Servier Industrie,Khalil Fattal & Fils S.A.L.,France,382995.1125000001,diamicron mr,true
MED#138,138,26321,DIANE '35',,,21,Dragée,Bayer Weimar GmbH & Co KG,Droguerie R. Pharaon & Fils S.A.L.,Germany,494534.0400000001,diane 35,true
MED#2417,2417,405499/00,DIANEAL PD4 1.36% GLUCOSE,,1.36%,2000ml,Solution,Baxter Healthcare SA,Abela Frères S.A.L.,Ireland,1163270.383275,dianeal pd4 1 36 glucose,true
MED#9869,9869,32614/1,DIANEAL PD4 1.36% GLUCOSE,,1.36%,2000ml,Solution,Baxter Company Limited,Abela Frères S.A.L.,Saudi Arabia,1163270.383275,dianeal pd4 1 36 glucose,true
MED#2419,2419,405605/00,DIANEAL PD4 2.27% GLUCOSE,,2.27%,2000ml,Solution,Baxter Healthcare SA,Abela Frères S.A.L.,Ireland,1163270.383275,dianeal pd4 2 27 glucose,true
MED#9865,9865,32514/1,DIANEAL PD4 2.27% GLUCOSE,,2.27%,2000ml,Solution,Baxter Company Limited,Abela Frères S.A.L.,Saudi Arabia,1163270.383275,dianeal pd4 2 27 glucose,true
MED#2420,2420,405500/00,DIANEAL PD4 3.86% GLUCOSE,,3.86%,2000ml,Solution,Baxter Healthcare SA,Abela Frères S.A.L.,Ireland,1111505.5701750002,dianeal pd4 3 86 glucose,true
MED#9861,9861,39114/1,DIANEAL PD4 3.86% GLUCOSE,,3.86%,2000ml,Solution,Baxter Company Limited,Abela Frères S.A.L.,Saudi Arabia,1111505.5701750002,dianeal pd4 3 86 glucose,true
MED#2423,2423,405497/00,DIANEAL PD4 CYCLER 1.36% GLUCOSE,,1.36%,5000ml,Solution,Baxter Healthcare SA,Abela Frères S.A.L.,Ireland,1150329.1800000004,dianeal pd4 cycler 1 36 glucose,true
MED#9867,9867,36814/1,DIANEAL PD4 CYCLER 1.36% GLUCOSE,,1.36%,5000ml,Solution,Baxter Company Limited,Abela Frères S.A.L.,Saudi Arabia,1150329.1800000004,dianeal pd4 cycler 1 36 glucose,true
MED#7122,7122,096738/12,DIANEAL PD4 CYCLER 2.27% GLUCOSE,,2.27%,5000ml,Solution,Baxter Healthcare SA,Abela Frères S.A.L.,Ireland,1150329.1800000004,dianeal pd4 cycler 2 27 glucose,true
MED#9864,9864,36914/1,DIANEAL PD4 CYCLER 2.27% GLUCOSE,,2.27%,5000ml,Solution,Baxter Company Limited,Abela Frères S.A.L.,Saudi Arabia,1150329.1800000004,dianeal pd4 cycler 2 27 glucose,true
MED#2426,2426,405495/00,DIANEAL PD4 CYCLER 3.86% GLUCOSE,,3.86%,5000ml,Solution,Baxter Healthcare SA,Abela Frères S.A.L.,Ireland,1150329.1800000004,dianeal pd4 cycler 3 86 glucose,true
MED#9863,9863,39014/1,DIANEAL PD4 CYCLER 3.86% GLUCOSE,,3.86%,5000ml,Solution,Baxter Company Limited,Abela Frères S.A.L.,Saudi Arabia,1150329.1800000004,dianeal pd4 cycler 3 86 glucose,true
MED#11282,11282,156322/1,DIANORM 850,,850mg,30,"Tablet, film coated","Manufactured by Benta Lyon, France for Benta SAL",Benta Trading Co s.a.l.,Lebanon,221286.06500000003,dianorm 850,true
MED#5083,5083,24674/07,DIANORM 850,,850mg,30,"Tablet, film coated",Benta SAL,Benta Trading Co s.a.l.,Lebanon,221286.06500000003,dianorm 850,true
MED#11283,11283,6823/1,DIANORM XR 1000,,1000mg,30,"Tablet, film coated, extended release","Manufactured by Benta Lyon, France for Benta SAL",Benta Trading Co s.a.l.,Lebanon,579772.05,dianorm xr 1000,true
MED#5085,5085,24673/07,DIANORM XR 1000,,1000mg,30,"Tablet, film coated, extended release",Benta SAL,Benta Trading Co s.a.l.,Lebanon,579772.05,dianorm xr 1000,true
MED#11281,11281,6723/1,DIANORM XR 500,,500mg,30,"Tablet, film coated, extended release","Manufactured by Benta Lyon, France for Benta SAL",Benta Trading Co s.a.l.,Lebanon,349399.05,dianorm xr 500,true
MED#5084,5084,24672/07,DIANORM XR 500,,500mg,30,"Tablet, film coated, extended release",Benta SAL,Benta Trading Co s.a.l.,Lebanon,349399.05,dianorm xr 500,true
MED#11280,11280,6623/1,DIANORM XR 750,,750mg,30,"Tablet, film coated, extended release","Manufactured by Benta Lyon, France for Benta SAL",Benta Trading Co s.a.l.,Lebanon,500421.35000000003,dianorm xr 750,true
MED#6031,6031,222499/08,DIANORM XR 750,,750mg,30,"Tablet, film coated, extended release",Benta SAL,Benta Trading Co s.a.l.,Lebanon,500421.35000000003,dianorm xr 750,true
MED#5374,5374,194485/05,DIAPHAGE,,500mg,50,"Tablet, film coated",The United Pharmaceutical Manufacturing Co Ltd,Premium Serve Drugstore Co. P.S.D. SAL,Jordan,119601.98250000003,diaphage,true
MED#5375,5375,194484/05,DIAPHAGE,,850mg,30,"Tablet, film coated",The United Pharmaceutical Manufacturing Co Ltd,Premium Serve Drugstore Co. P.S.D. SAL,Jordan,147822.67500000005,diaphage,true
MED#7254,7254,96882/12,DIAPHAGE,,1g,28,"Tablet, extended release",The United Pharmaceutical Manufacturing Co Ltd,Premium Serve Drugstore Co. P.S.D. SAL,Jordan,150510.36000000004,diaphage,true
MED#12253,12253,25525/1,DIARENTIS,,200mg,12,"Tablet, extended release",Pharmaline SAL,Pharmaline S.A.L.,Lebanon,1100671.0000000002,diarentis,true
MED#10601,10601,153820/1,DIATER,,,1Vial D of 9ml,Sublingual spray,"Diater Laboratorio de Diagnostico y Aplicaciones Terapeuticas, SA",Mersaco,Spain,26856671.688,diater,true
MED#10602,10602,153720/1,DIATER,,,2Vials D-D each of 9ml,Sublingual spray,"Diater Laboratorio de Diagnostico y Aplicaciones Terapeuticas, SA",Mersaco,Spain,34962083.099999994,diater,true
MED#10603,10603,153920/1,DIATER,,,3Vials C-D-D of 3ml and 9ml,Sublingual spray,"Diater Laboratorio de Diagnostico y Aplicaciones Terapeuticas, SA",Mersaco,Spain,35697531.449999996,diater,true
MED#10604,10604,154020/1,DIATER,,,2Vials C-D of 3ml and 9ml,Sublingual spray,"Diater Laboratorio de Diagnostico y Aplicaciones Terapeuticas, SA",Mersaco,Spain,26856671.688,diater,true
MED#2427,2427,B0981/92,DIAZEPAM RENAUDIN,,10mg/2ml,10Ampoules x 2ml,Sol inj,Renaudin,Minapharm Halabi,France,514691.67749999993,diazepam renaudin,true
MED#9207,9207,72517/1,DIBASE,,"100,000IU/ml",6 ampoules x 1ml,Solution for injection,Abiogen Pharma SpA,Droguerie Mercury S.A.L.,Italy,354774.42000000004,dibase,true
MED#9278,9278,74217/1,DIBASE,,50000IU/2.5ml,1Vial,Oral solution,Abiogen Pharma SpA,Droguerie Mercury S.A.L.,Italy,755239.4849999999,dibase,true
MED#11884,11884,112822/1,DICLO-DENK 100 RECTAL,,100mg,10,Suppository,Haupt Pharma Wulfing GmbH,Mediterranean Pharmaceutical Company,Germany,310427.6175,diclo denk 100 rectal,true
MED#11977,11977,138522/1,DICLO-DENK 100 RETARD,,100mg,100,Tablet,"Denk Pharma GmbH & Co, KG",Mediterranean Pharmaceutical Company,Germany,1756402.1475000002,diclo denk 100 retard,true
MED#11978,11978,138622/1,DICLO-DENK 50,,50mg,100,"Tablet, enteric coated","Denk Pharma GmbH & Co, KG",Mediterranean Pharmaceutical Company,Germany,893655.2625000002,diclo denk 50,true
MED#11883,11883,113422/1,DICLO-DENK 75 INJECTION,,,10Ampoules,Injection,Haupt Pharma Wulfing GmbH,Mediterranean Pharmaceutical Company,Germany,716268.0525000002,diclo denk 75 injection,true
MED#9288,9288,2817/1,DICLOCELL,,75mg/3ml,Box of 10 ampoules of 3ml,Injection,Pharmadex licensed by Orbucell pharma Canada,Medi drug International SAL (MDI),Lebanon,945809.15,diclocell,true
MED#7527,7527,185924/13,DICLOFTIL,,0.1%,30 single dose,Eye drops solution,Farmigea SpA,New Larys Pharm SARL,Italy,1038790.2525000001,dicloftil,true
MED#1822,1822,28589,DICLOGESIC,,50mg,20,"Tablet, enteric coated",Dar Al Dawa Development & Investment Co Ltd,Sadco,Jordan,205607.9025,diclogesic,true
MED#1832,1832,195033/04,DICLOGESIC,,1%,30g,Gel,Dar Al Dawa Development & Investment Co Ltd,Sadco,Jordan,135728.0925,diclogesic,true
MED#1812,1812,974207/01,DICLOGESIC 12.5 CHILDREN,,12.5mg,10,Suppositoire,Dar Al Dawa Development & Investment Co Ltd,Sadco,Jordan,83318.235,diclogesic 12 5 children,true
MED#1823,1823,78834,DICLOGESIC RETARD,,100mg,10,"Tablet, film coated",Dar Al Dawa Development & Investment Co Ltd,Sadco,Jordan,233828.595,diclogesic retard,true
MED#4402,4402,208367/97,DICLORETARD,,100mg,20,"Capsule, sustained release",Mediphar Laboratories,Pharmapro,Lebanon,445387.80000000005,dicloretard,true
MED#1263,1263,15851,DICYNONE,,250mg,4 x 2ml,Ampoule,OM Pharma SA,UPO S.A.L.,Switzerland,482439.4575,dicynone,true
MED#9808,9808,159018/1,DICYNONE,,500mg,20,Capsule,OM Pharma SA,UPO S.A.L.,Switzerland,1311590.28,dicynone,true
MED#11917,11917,17823/1,DIENOSIS,,2mg,28,Tablet,Naari Pharma Private Limited,Raymond Georges Abou Adal & Co,India,2822069.2500000005,dienosis,true
MED#10938,10938,66621/1,DIFADERM,,0.1%,30g,Topical gel,Mediphar Laboratories,Pharmapro,Lebanon,414671.4,difaderm,true
MED#10939,10939,66521/1,DIFADERM,,0.3%,30g,Topical gel,Mediphar Laboratories,Pharmapro,Lebanon,952208.4000000003,difaderm,true
MED#12687,12687,146921/1,DIFEN B12,,,5Ampoules,Injectable solution,Mr Pharma SA,Droguerie Phenicia,Argentine,978317.3400000003,difen b12,true
MED#5216,5216,222260/08,DIFEN B12,,,15,"Tablet, coated",Laboratorios Casasco S.A.I.C.,Droguerie Phenicia,Argentine,503940.9375,difen b12,true
MED#7659,7659,186640/13,DIFEN B12,,,5 Ampoules,Injectable IM,Laboratorios Casasco S.A.I.C.,Droguerie Phenicia,Argentine,978317.3400000001,difen b12,true
MED#5325,5325,221192/08,DIFEN FLEX,,,30,"Tablet, coated",Laboratorios Casasco S.A.I.C.,Droguerie Phenicia,Argentine,575164.59,difen flex,true
MED#9416,9416,17916/1,DIFEN FLEX,,,6 ampoules,Injectable solution,Laboratorios Casasco S.A.I.C.,Droguerie Phenicia,Argentine,1131515.3849999998,difen flex,true
MED#8685,8685,100415/1,DIFEN GESIC,,,15,"Tablet, film coated",Laboratorios Casasco S.A.I.C.,Droguerie Phenicia,Argentine,330585.25500000006,difen gesic,true
MED#9354,9354,215/1,DIFEN PLUS,,,15,"Tablet, coated",Laboratorios Casasco S.A.I.C.,Droguerie Phenicia,Argentine,503940.9375,difen plus,true
MED#3415,3415,135370,DIFFERIN,,0.1%,30g,Gel,Galderma,Raymond Georges Abou Adal & Co,France,485127.1425,differin,true
MED#8652,8652,28116/1,DIFFERIN,,0.1%,30g,Cream,Galderma,Raymond Georges Abou Adal & Co,France,521410.89,differin,true
MED#11703,11703,1193/2021,DIFICLIR,,200mg,20,"Tablet, film coated",Patheon Inc. (TRO),Taba Chemipharm,Canada,135347725.3325739,dificlir,true
MED#9313,9313,108815/1,DIFIRAX,,500mg,28,"Tablet, dispersible",Hikma Pharmaceuticals,Abela Frères S.A.L.,Jordan,38637009.88716709,difirax,true
MED#9511,9511,81318/1,DIFIRAX,,250mg,30,"Tablet, dispersible",Hikma Pharmaceuticals,Abela Frères S.A.L.,Jordan,23213275.974000003,difirax,true
MED#3588,3588,208301/96,DIFLUCAN,,50mg,7,Capsule,Fareva Amboise,Droguerie Fattal S.A.L.,France,622199.0774999999,diflucan,true
MED#7137,7137,187454/13,DIFLUCAN,,150mg,1,Capsule,Fareva Amboise,Droguerie Fattal S.A.L.,France,286238.4525,diflucan,true
MED#9574,9574,76018/1,DIGCAP,,20mg,30,Capsule,Pharmadex,Prime Pharma SAL,Lebanon,593850.4,digcap,true
MED#12520,12520,57223/1,DIKLORON,,75mg/3ml,10Ampoules,Solution for IM injection,Deva Holding AS,New Europharm,Turkey,491846.3550000001,dikloron,true
MED#10013,10013,4217/1,DILAMUC,,,100ml,Syrup,Jerash Pharmaceuticals,Qualipharm,Jordan,456906.44999999995,dilamuc,true
MED#9853,9853,15919/1,DILATREND,,6.25mg,30,Tablet,Delpharm Milano SRL,Omnipharma,Italy,364181.3175,dilatrend,true
MED#9968,9968,16019/1,DILATREND,,25mg,30,Tablet,Delpharm Milano SRL,Omnipharma,Italy,598009.9125000002,dilatrend,true
MED#10091,10091,93814/1,DILO,,50mg,20,Tablet,Mediphar Laboratories,Pharmapro,Lebanon,223973.75000000003,dilo,true
MED#8461,8461,106214/1,DILO,,2%,30g,Topical gel,Mediphar Laboratories,Pharmapro,Lebanon,267488.65,dilo,true
MED#9687,9687,74017/1,DILO,,8%,30ml,Topical spray,Mediphar Laboratories,Pharmapro,Lebanon,502981.05000000005,dilo,true
MED#12440,12440,72922/1,DILO MOUTHWASH,,,200ml,,Mediphar Laboratories,Pharmapro,Lebanon,1062275.5000000002,dilo mouthwash,true
MED#7026,7026,96672/12,DILOCAIN 2%,,,100 Cartridges x 1.7ml,Injectable solution,Normon SA,Droguerie Phenicia,Spain,2768315.5500000003,dilocain 2,true
MED#10236,10236,77018/1,DILTIGEL,,2%,,Topical gel,Sobhan Darou Company,Ibn Sina Pharm SARL,Iran,632949.8175,diltigel,true
MED#12570,12570,19023/1,DIMERE,,250mg,2Single use 5ml Vials,Solution for injection (IM),Laboratorio Kemex SA,New Europharm,Argentine,21804999.7032,dimere,true
MED#12616,12616,39726/1,DIMETHYL FUMARATE ARROW,,240mg,56,Gélules gastro-résistantes,APL Swift Services (Malta) Limited,Karout pharmacy,Malta,38579853.65638105,dimethyl fumarate arrow,true
MED#12617,12617,39626/1,DIMETHYL FUMARATE ARROW,,120mg,14,Gélules gastro-résistantes,APL Swift Services (Malta) Limited,Karout pharmacy,Malta,11251587.203871125,dimethyl fumarate arrow,true
MED#11642,11642,56123/1,DIMIDON,,20mg/ml,200ml,Oral suspension,Laboratorios Basi-Industria Farmaceutica S.A.,Medis Pharm Drugstore,Portugal,483783.3000000001,dimidon,true
MED#12099,12099,84821/1,DIOSMINE BIOGARAN CONSEIL,,600mg,30,Comprimés pelliculés,Laboratoires BTT,Commercial and Trading Ressources SAL (CTR),France,761958.6975000002,diosmine biogaran conseil,true
MED#11772,11772,137623/1,DIOVAN,,80mg,28,"Tablet, film coated",Novartis Farma SpA,Khalil Fattal & Fils S.A.L.,Italy,602041.4400000002,diovan,true
MED#11773,11773,137723/1,DIOVAN,,160mg,28,"Tablet, film coated",Novartis Farma SpA,Khalil Fattal & Fils S.A.L.,Italy,846620.775,diovan,true
MED#3427,3427,135258/97,DIOVENOR 600,,600mg,30,Comprimé,Innothera Chouzy,Raymond Georges Abou Adal & Co,France,1089856.2674999998,diovenor 600,true
MED#6927,6927,96687/12,DIOVENOR 600,,600mg,15,Tablet,Innothera Chouzy,Raymond Georges Abou Adal & Co,France,544256.2124999999,diovenor 600,true
MED#10859,10859,177118/1,DIOXAFLEX B12,,,6Ampoules,Injection,Laboratorios Bago SA,New Europharm,Argentine,1104638.5350000001,dioxaflex b12,true
MED#11216,11216,67722/1,DIOXAFLEX B12,,,3Ampoules,Injection,Laboratorios Bago SA,New Europharm,Argentine,620855.235,dioxaflex b12,true
MED#3922,3922,194023/05,DIPEPTIVEN,,,1X100ml,Injectable concentrated solution for Infusion,Fresenius Kabi Austria GmbH,Benta Trading Co s.a.l.,Austria,2940455.981687105,dipeptiven,true
MED#9685,9685,101118/1,DIPHENIST,,50mg/ml,Box of 10Vials x 1ml,Injection,Omega Laboratories Ltd,Medi drug International SAL (MDI),Canada,6462538.5825,diphenist,true
MED#8454,8454,167972/11,"DIPHTHERIA, TETANUS,PERTUSSIS, HEPATITIS B AND HAEMOPHILUS INFLUENZAE TYPE B CONJUGATE VACCINE",,,1Dose,,Serum Institute of India Ltd,Unipharm S.A.L.,India,1515854.34,diphtheria tetanus pertussis hepatitis b and haemophilus influenzae type b conjugate vaccine,true
MED#8565,8565,170415/1,DIPROFOS,,,2ml,Ampoule Injectable,Organon Heist BV,Abela Frères S.A.L.,Belgium,446155.71,diprofos,true
MED#8563,8563,166615/1,DIPROSALIC,,,30g,Ointment,Organon Heist BV,Abela Frères S.A.L.,Belgium,352086.73500000004,diprosalic,true
MED#8560,8560,144815/1,DIPROSONE,,0.05%,30g,Cream,Organon Heist BV,Abela Frères S.A.L.,Belgium,291613.82249999995,diprosone,true
MED#8016,8016,67914/1,DIROGIT,,500mg,120,"Tablet, film coated",The Arab Pharmaceutical Manufacturing PSC,Abela Frères S.A.L.,Jordan,11330803.506749999,dirogit,true
MED#12605,12605,109325/1,DISLEP,,25mg,20,Tablet,"Chaoul Pharmaceuticals (Cha-pha) SAL Lebanon (Packing) under license from Ferrer International SA, Spain Manufactured by Doppel Farmaceutici SRL, Italy",Spephal S.A.L.,Lebanon,1690681.8500000003,dislep,true
MED#10156,10156,61218/1,DISTEM,,,50,Tablet,Faes Farma SA,Pharmamedic S.A.R.L.,Spain,978317.3400000001,distem,true
MED#1664,1664,24878/80,DIURESAL,,40mg,24,Tablet,Pharmaceuticals Lagap SA,Mediterranean Pharmaceutical Company,Switzerland,118258.14,diuresal,true
MED#3993,3993,195324/04,DIVIDO 75MG,,75mg,20,"Capsule, dual release",Tabuk Pharmaceutical Manufacturing Company,Mersaco,Saudi Arabia,502597.09500000003,divido 75mg,true
MED#11529,11529,9920/1,DIVINUS,,5mg,30,"Tablet, film coated",Hikma Pharmaceuticals,UPO S.A.L.,Jordan,2145847.7040000004,divinus,true
MED#11530,11530,10020/1,DIVINUS,,10mg,30,"Tablet, film coated",Hikma Pharmaceuticals,UPO S.A.L.,Jordan,2316784.47,divinus,true
MED#11612,11612,144920/1,DIVINUSMET XR,,5mg/1000mg,60,"Tablet, extended release",Hikma Pharmaceuticals,UPO S.A.L.,Jordan,2900012.115,divinusmet xr,true
MED#12382,12382,137224/1,DIVINUSMET XR,,10mg/1000mg,30,"Tablet, extended release",Hikma Pharmaceuticals,UPO S.A.L.,Jordan,2775034.7625,divinusmet xr,true
MED#3532,3532,195328/04,DOBUTAMINE PANPHARMA,,250mg/20ml,10Flacons,Solution à diluer pour perfusion,Panpharma GmbH,Minapharm Halabi,Germany,2701123.4250000003,dobutamine panpharma,true
MED#8734,8734,56816/1,DOCETAXEL ACCORD,,20mg/1ml,1 vial,Concentrate for solution for infusion,Accord Healthcare Limited,Mediterranean Pharmaceutical Company,UK,4110814.2075000005,docetaxel accord,true
MED#8735,8735,56916/1,DOCETAXEL ACCORD,,80mg/4ml,1 vial,Concentrate for solution for infusion,Accord Healthcare Limited,Mediterranean Pharmaceutical Company,UK,15099641.3736,docetaxel accord,true
MED#5866,5866,218935/10,DOCETAXEL EBEWE,,80mg/8ml,1Vial,Injection,Fareva Unterach GmbH,Khalil Fattal & Fils S.A.L.,Austria,19518281.2188,docetaxel ebewe,true
MED#5867,5867,218936/10,DOCETAXEL EBEWE,,20mg/2ml,1Vial,Injection,Fareva Unterach GmbH,Khalil Fattal & Fils S.A.L.,Austria,5313553.244999999,docetaxel ebewe,true
MED#12333,12333,194595/04,DOCETAXEL PHARMINICIO,,20mg/0.5ml,1Vial + 1Vial Solv,Concentrate for injection,Laboratori Fundacio DAU,Mediterranean Pharmaceutical Company,Spain,4567720.657500001,docetaxel pharminicio,true
MED#12334,12334,148395/04,DOCETAXEL PHARMINICIO,,80mg/2ml,1Vial + 1Vial Solv,Concentrate for injection,Laboratori Fundacio DAU,Mediterranean Pharmaceutical Company,Spain,16777239.469200004,docetaxel pharminicio,true
MED#11268,11268,7821/1,DOCETAXEL SPC,,80mg/4ml,1Vial x4ml,Concentrate for solution for infusion,"Pharmaline SAL Licensed by Sudair Pharma Company, KSA",Advanced Healthcare Services SAL,Lebanon,16906027.320000004,docetaxel spc,true
MED#8711,8711,222944/14,DOLFEIN,,,30,Tablet,Mediphar Laboratories,Pharmapro,Lebanon,249570.7500000001,dolfein,true
MED#11332,11332,146221/1,DOLIPRANE,,500mg,16,Tablet,Opella Healthcare International SAS,Mersaco,France,120945.82500000003,doliprane,true
MED#11333,11333,145921/1,DOLIPRANE,,1000mg,8,Tablet,Opella Healthcare International SAS,Mersaco,France,120945.82500000003,doliprane,true
MED#6347,6347,166795/11,DOLIPRANE,,1000mg,8,Tablet,Sanofi Winthrop Industrie,Mersaco,France,120945.82500000001,doliprane,true
MED#7434,7434,185997/13,DOLIPRANE,,500mg,16,Tablet,Sanofi Winthrop Industrie,Mersaco,France,120945.82500000001,doliprane,true
MED#11474,11474,77723/1,DOLONIL,,75mg/3ml,50Ampoules,Solution for IM injection,Arwan Pharmaceutical Industries Lebanon SAL,Raymond Georges Abou Adal & Co,Lebanon,3801154.5000000005,dolonil,true
MED#9889,9889,20019/1,DOLONIL,,75mg/3ml,5Ampoules,Solution for IM injection,Arwan Pharmaceutical Industries Lebanon SAL,Raymond Georges Abou Adal & Co,Lebanon,337880.4,dolonil,true
MED#10441,10441,173219/1,DOLOPAN,,500mg,60,"Tablet, film coated",Benta SAL,Benta Trading Co s.a.l.,Lebanon,317402.80000000005,dolopan,true
MED#10750,10750,105221/1,DOLOPAN,,500mg,72,"Tablet, film coated",Benta SAL,Benta Trading Co s.a.l.,Lebanon,380115.45000000007,dolopan,true
MED#10797,10797,3722/1,DOLOPAN,,500mg,60,"Tablet, film coated","Manufactured by Benta Lyon, France for Benta SAL",Benta Trading Co s.a.l.,Lebanon,317402.80000000005,dolopan,true
MED#7307,7307,96597/12,DOLOPAN,,500mg,24,"Tablet, film coated",Benta SAL,Benta Trading Co s.a.l.,Lebanon,135664.10000000003,dolopan,true
MED#6310,6310,23640/06,DOLORAZ 400,,400mg,20,"Capsule, soft gelatin",The Jordanian Pharmaceutical Manufacturing & Co Ltd,C. Catafago & Co,Jordan,295645.35000000003,doloraz 400,true
MED#4545,4545,26509,DOLOSPASMINE COMP,,,5,Suppository,Mephico SAL,Mephico S.A.L.,Lebanon,267488.65,dolospasmine comp,true
MED#7289,7289,186123/13,DOLQUINE,,200mg,30,"Tablet, coated",Laboratorios Rubio SA.,Wellpharm,Spain,1191988.2975,dolquine,true
MED#11410,11410,177119/1,DOLUTEGRAVIR/LAMIVUDINE/TENOFOVIR DISOPROXIL FUMARATE,,50mg/300mg/300mg,30,Tablet,Mylan Laboratories Ltd,Mediterranean Pharmaceutical Company,India,54836160.435,dolutegravir lamivudine tenofovir disoproxil fumarate,true
MED#5999,5999,218160/09,DOMIDONE CHAPHA SUGAR FREE,,1mg/ml,200ml,Oral suspension,Chaoul Pharmaceuticals (Cha-Pha) SAL,Pharmamedic S.A.R.L.,Lebanon,319962.5,domidone chapha sugar free,true
MED#11096,11096,115322/1,DOMPERIDONE BIOGARAN,,10mg,20,Comprimés pelliculés,Anpharm Przedsiebiorstwo Farmaceutyczne SA,Commercial and Trading Ressources SAL (CTR),Poland,116914.29750000003,domperidone biogaran,true
MED#12650,12650,20926/1,DOMPERILIX ODT,,10mg,30,"Tablet, orodispersible","UBSA Pharma Industries SARL (Secondary Packaging), manufacturer: Athena Drug Delivery Solutions private Ltd, India",MH Pharma SARL,Lebanon,327641.60000000003,domperilix odt,true
MED#11753,11753,22722/1,DONA,,1500mg,30sachets,Powder for oral solution,Rottapharm Ltd,Omnipharma,Ireland,1615298.6850000003,dona,true
MED#7361,7361,221342/08,DONECEPT 10,,10mg,30,"Tablet, film coated",Manufactured by Benta SAL Trademark owner Abbott HealthCare Products BV,Benta Trading Co s.a.l.,Lebanon,2292595.305,donecept 10,true
MED#7360,7360,221341/08,DONECEPT 5,,5mg,30,"Tablet, film coated",Manufactured by Benta SAL Trademark owner Abbott HealthCare Products BV,Benta Trading Co s.a.l.,Lebanon,1970969,donecept 5,true
MED#10419,10419,102120/1,DONEPEZIL ARROW,,10mg,28,"Tablet, film coated",APL Swift Services (Malta) Limited,Darapharma S.A.L.,Malta,1365343.98,donepezil arrow,true
MED#10420,10420,102020/1,DONEPEZIL ARROW,,5mg,28,"Tablet, film coated",APL Swift Services (Malta) Limited,Darapharma S.A.L.,Malta,1365343.98,donepezil arrow,true
MED#11015,11015,99920/1,DONEPEZIL BIOGARAN,,10mg,28,Comprimés pelliculés,Egis Pharmaceuticals PLC,Commercial and Trading Ressources SAL (CTR),Hungary,1325028.7050000003,donepezil biogaran,true
MED#11018,11018,99820/1,DONEPEZIL BIOGARAN,,5mg,28,Comprimés pelliculés,Egis Pharmaceuticals PLC,Commercial and Trading Ressources SAL (CTR),Hungary,1325028.7050000003,donepezil biogaran,true
MED#8096,8096,32914/1,DONEPEZIL/ GENEPHARM,,10mg,28,"Tablet, orodispersible",Genepharm SA,Nobel Pharm Plus SARL,Greece,1755058.3050000004,donepezil genepharm,true
MED#8177,8177,33014/1,DONEPEZIL/ GENEPHARM,,5mg,28,"Tablet, orodispersible",Genepharm SA,Nobel Pharm Plus SARL,Greece,1634112.4800000004,donepezil genepharm,true
MED#2640,2640,236651,DOPAMINE FRESENIUS,,200mg/5ml,10 x 5ml,Concentrate for solution for infusion,Fresenius Kabi Austria GmbH,Benta Trading Co s.a.l.,Austria,713580.3675,dopamine fresenius,true
MED#3546,3546,148242/03,DOPAMINE RENAUDIN,,200mg/5ml - 4%,5ml/10Ampoules,Solution for perfusion,Renaudin,Minapharm Halabi,France,1107326.22,dopamine renaudin,true
MED#11535,11535,55823/1,DOPEZIL,,10mg,30,"Tablet, film coated",Les Laboratoires Medis,Medis Pharm Drugstore,Tunisia,1381470.0900000003,dopezil,true
MED#11536,11536,55723/1,DOPEZIL,,5mg,30,"Tablet, film coated",Les Laboratoires Medis,Medis Pharm Drugstore,Tunisia,1034758.7250000002,dopezil,true
MED#5419,5419,024995/07,DORIXINA,,125mg,20,Tablet,Roemmers S.A.I.C.F.,Droguerie Phenicia,Argentine,326553.72750000004,dorixina,true
MED#11959,11959,36717/1,DORIXINA B1B6B12,,,20,"Tablet, film coated",Roemmers S.A.I.C.F.,Droguerie Phenicia,Argentine,804961.6575000002,dorixina b1b6b12,true
MED#7305,7305,96603/12,DORIXINA RELAX,,,20,"Tablet, film coated",Roemmers S.A.I.C.F.,Droguerie Phenicia,Argentine,581883.8025,dorixina relax,true
MED#6812,6812,97391/12,DORMIFOR,,1%,5 vials x 20ml,IV emulsion,Corden Pharma SpA Italy for Arwan Pharmaceutical Industries Lebanon SAL,Raymond Georges Abou Adal & Co,Lebanon,1081473.25,dormifor,true
MED#10972,10972,51222/1,DORZOLAMIDE BGR,,20mg/ml,Flacon 5ml,Collyre en solution,Rafarm SA,Commercial and Trading Ressources SAL (CTR),Greece,517379.3625000001,dorzolamide bgr,true
MED#10942,10942,51422/1,DORZOLAMIDE/TIMOLOL BGR,,20mg/ml+5mg/ml,Flacon de 5ml,Collyre en solution,Rafarm SA,Commercial and Trading Ressources SAL (CTR),Greece,689391.2024999999,dorzolamide timolol bgr,true
MED#9049,9049,186184/13,DORZOPTIC PLUS,,,5ml,Eye drops solution,Cooper SA Pharmaceuticals,Pharmamedic S.A.R.L.,Greece,548287.7400000002,dorzoptic plus,true
MED#1301,1301,767258/00,DOSTINEX,,0.5mg,2,Tablet,Pfizer Italia SRL,Droguerie Fattal S.A.L.,Italy,415247.3325,dostinex,true
MED#1302,1302,767259/00,DOSTINEX,,0.5mg,8,Tablet,Pfizer Italia SRL,Droguerie Fattal S.A.L.,Italy,1628737.11,dostinex,true
MED#4404,4404,2435/94,DOXEPIN HCl,,10mg,50,Capsule,Mediphar Laboratories,Medapharm Healthcare SAL,Lebanon,712876.4500000001,doxepin hcl,true
MED#4406,4406,2434/94,DOXEPIN HCl,,50mg,50,Capsule,Mediphar Laboratories,Medapharm Healthcare SAL,Lebanon,965006.9000000001,doxepin hcl,true
MED#12190,12190,66421/1,DOXIDERM,,5%,30g,Topical cream,Mediphar Laboratories,Pharmapro,Lebanon,1037958.3499999999,doxiderm,true
MED#7080,7080,24718/79,DOXIPROCT,,,30g,Ointment,OM Pharma,UPO S.A.L.,Switzerland,610104.4950000001,doxiproct,true
MED#7081,7081,24717/79,DOXIPROCT PLUS,,,20g,Ointment,OM Pharma,UPO S.A.L.,Switzerland,489158.67000000016,doxiproct plus,true
MED#8157,8157,59315/1,DOXIUM,,500mg,60,Capsule,OM Pharma SA,UPO S.A.L.,Switzerland,2151491.8425,doxium,true
MED#8158,8158,59215/1,DOXIUM,,500mg,30,Capsule,OM Pharma SA,UPO S.A.L.,Switzerland,1323684.8624999998,doxium,true
MED#7726,7726,187091/13,DOXO-CELL,,50mg,1Vial x 25ml,Injectable solution,Thymoorgan Pharmazie GmbH,Drugstore 3U S.A.R.L.,Germany,1794029.7374999998,doxo cell,true
MED#12214,12214,30125/1,DOXORUBICINA PHARMINICIO,,50mg/25ml (2mg/ml),1Flacon x 25ml,Concentrate for solution for infusion,"GP-Pharm, SA",Mediterranean Pharmaceutical Company,Spain,2015763.7500000005,doxorubicina pharminicio,true
MED#12634,12634,178025/1,DOXORUBICINA PHARMINICIO,,10mg/5ml (2mg/ml),1Flacon x 5ml,Concentrate for solution for infusion,"GP-Pharm, SA",Mediterranean Pharmaceutical Company,Spain,951440.49,doxorubicina pharminicio,true
MED#2479,2479,135397,DOXORUBICINE EBEWE,,50mg,1 x 25ml,Vial,Fareva Unterach GmbH,Khalil Fattal & Fils S.A.L.,Austria,1804780.4774999998,doxorubicine ebewe,true
MED#2480,2480,135398,DOXORUBICINE EBEWE,,10mg,1 x 5ml,Vial,Fareva Unterach GmbH,Khalil Fattal & Fils S.A.L.,Austria,1041477.9375,doxorubicine ebewe,true
MED#11172,11172,39521/1,DOXY 100,,,30,Comprimé pelliculé,Elerte,Pharmamedic S.A.R.L.,France,788835.5475,doxy 100,true
MED#2503,2503,208487,DOXY 50,,,14,Comprimé pelliculé,Elerte,Pharmamedic S.A.R.L.,France,306396.0899999999,doxy 50,true
MED#12370,12370,28125/1,DOXYKEY,,100mg,10,Capsule,Pharminicio SL,Mediterranean Pharmaceutical Company,Spain,174699.52500000005,doxykey,true
MED#1665,1665,,DOXYLAG,,100mg,10,Capsule,Lagap SA,Mediterranean Pharmaceutical Company,Switzerland,174699.525,doxylag,true
MED#4589,4589,19216,DRAUDEX,,,20,"Tablet, sugar coated",Pharmadex,Pharmadex,Lebanon,166380.50000000003,draudex,true
MED#9818,9818,187185/13,DROMEZON,,4mg/5ml,1Vial,Concentrate for solution for infusion,Benta SAL,Benta Trading Co s.a.l.,Lebanon,4577127.555000001,dromezon,true
MED#8175,8175,97355/12,DRONEL 35,,35mg,4,"Tablet, film coated",Benta SAL,Benta Trading Co s.a.l.,Lebanon,511940.00000000006,dronel 35,true
MED#12078,12078,73424/1,DRYFREE,,0.05%,30unit dose x 0.4ml,Eye drops,Optus Pharmaceutical Co Ltd,Wellpharm,Korea,2257655.4000000004,dryfree,true
MED#11370,11370,80022/1,DUAC ONCE DAILY,,,30g,Gel,Glaxo Operations UK Ltd,Abela Frères S.A.L.,UK,1658301.6450000005,duac once daily,true
MED#12385,12385,19024/01,DUAZONE,,,70 METERED DOSE,,Maya Biotech Pvt Ltd,Unipharm S.A.L.,India,790179.3900000002,duazone,true
MED#9706,9706,24418/1,DUETACT,,30mg/2mg,30,Tablet,"Takeda GmbH, Germany, under Licensed from Takeda Pharmaceuticals International AG, Switzerland",Abela Frères S.A.L.,Germany,2803255.455,duetact,true
MED#9707,9707,24318/1,DUETACT,,30mg/4mg,30,Tablet,"Takeda GmbH, Germany, under Licensed from Takeda Pharmaceuticals International AG, Switzerland",Abela Frères S.A.L.,Germany,3287038.7550000013,duetact,true
MED#11979,11979,130122/1,DULACTA,,,250ml,Oral solution,Pharmaline SAL,Pharmaline S.A.L.,Lebanon,298205.05000000005,dulacta,true
MED#11980,11980,130222/1,DULACTA,,,500ml,Oral solution,Pharmaline SAL,Pharmaline S.A.L.,Lebanon,566973.55,dulacta,true
MED#9735,9735,141918/1,DULCOLAX,,5mg,100,Sugar coated tablet,Delpharm Reims,Mersaco,France,520067.04750000004,dulcolax,true
MED#9738,9738,141818/1,DULCOLAX,,5mg,40,Sugar coated tablet,Delpharm Reims,Mersaco,France,219046.32749999996,dulcolax,true
MED#11623,11623,41523/1,DULLARMA,,140mg,120,"Capsule, hard",The Arab Pharmaceutical Manufacturing PSC,Droguerie Mercury S.A.L.,Jordan,422860803.46453124,dullarma,true
MED#7790,7790,221153/08,DULOXA 30,,30mg,30,"Capsule, delayed release",Manufactured by Benta SAL Trademark owner Abbott HealthCare Products BV,Benta Trading Co s.a.l.,Lebanon,716716.0000000001,duloxa 30,true
MED#7791,7791,221152/08,DULOXA 60,,60mg,30,"Capsule, delayed release",Manufactured by Benta SAL Trademark owner Abbott HealthCare Products BV,Benta Trading Co s.a.l.,Lebanon,831902.5,duloxa 60,true
MED#8888,8888,129516/1,DULOXETINE BIOGARAN,,60mg,28,Gélule gastrorésistante,Towa Pharmaceutical Europe SL,Commercial and Trading Ressources SAL (CTR),Spain,573820.7475,duloxetine biogaran,true
MED#8889,8889,129416/1,DULOXETINE BIOGARAN,,30mg,28,Gélule gastrorésistante,Towa Pharmaceutical Europe SL,Commercial and Trading Ressources SAL (CTR),Spain,573820.7475,duloxetine biogaran,true
MED#4293,4293,67,DULSANA COUGH,,,100ml,Syrup,Algorithm S.A.L.,Droguerie de l'Union,Lebanon,223973.75000000003,dulsana cough,true
MED#4294,4294,69,DULSANA MILD,,,100ml,Syrup,Algorithm S.A.L.,Droguerie de l'Union,Lebanon,216294.65,dulsana mild,true
MED#4295,4295,68,DULSANA WITH CODEINE,,,100ml,Syrup,Algorithm S.A.L.,Droguerie de l'Union,Lebanon,273887.9000000001,dulsana with codeine,true
MED#12684,12684,138821/1,DUODART,,0.5mg/0.4mg,30,"Capsule, hard",Catalent Germany Schorndorf GmbH,Abela Frères S.A.L.,Germany,768677.9100000001,duodart,true
MED#6097,6097,243733/07,DUOLIN RESPULES,,,20x2.5ml,Respules,Cipla Ltd,Droguerie de l'Union,India,417935.0175,duolin respules,true
MED#9658,9658,104018/1,DUOTRAV,,,2.5ml,Eye drops solution,SA Alcon Couvreur NV,Khalil Fattal & Fils S.A.L.,Belgium,714924.2100000001,duotrav,true
MED#3168,3168,24740/79,DUPHALAC,,,300ml,,Abbott Biologicals BV,Mersaco,The Netherlands,510660.14999999997,duphalac,true
MED#3172,3172,24437/79,DUPHASTON,,10mg,20,"Tablet, film coated",Abbott Biologicals BV,Mersaco,The Netherlands,935314.38,duphaston,true
MED#10255,10255,163219/1,DUPIXENT,,300mg,2prefilled syringes,Solution for injection,Sanofi Winthrop Industrie,Mersaco,France,123001362.49406248,dupixent,true
MED#10623,10623,145720/1,DUPIXENT,,200mg,2prefilled syringes,Solution for injection,Sanofi Winthrop Industrie,Mersaco,France,123001362.49406248,dupixent,true
MED#11809,11809,1324/1,DUPIXENT,,300mg,2prefilled syringes,Solution for injection,Sanofi Winthrop Industrie,Mersaco,France,123001362.49406248,dupixent,true
MED#11810,11810,90923/1,DUPIXENT,,200mg,2prefilled syringes,Solution for injection,Sanofi Winthrop Industrie,Mersaco,France,123001362.49406248,dupixent,true
MED#10354,10354,97651/2011,DURALIS,,10mg,4,"Tablet, film coated",Benta SAL,Benta Trading Co s.a.l.,Lebanon,1187700.8,duralis,true
MED#5157,5157,24715/07,DURALIS,,20mg,4,"Tablet, film coated",Benta SAL,Benta Trading Co s.a.l.,Lebanon,1204978.775,duralis,true
MED#9260,9260,97652/11,DURALIS,,20mg,1,"Tablet, film coated",Benta SAL,Benta Trading Co s.a.l.,Lebanon,624566.8,duralis,true
MED#8741,8741,97549/11,DURALIS 5,,5mg,30,"Tablet, film coated",Benta SAL,Benta Trading Co s.a.l.,Lebanon,1791789.9999999998,duralis 5,true
MED#7407,7407,96747/12,DUREL FORTE,,1.5MIU/250mg,10,comprimés pelliculés,Rottendorf Pharma,Medi drug International SAL (MDI),France,602041.4400000002,durel forte,true
MED#5521,5521,218015/09,DUROGESIC,,100mcg/h(16.8mg/patch),5,Transdermal patches,Janssen Pharmaceutica NV,Mersaco,Belgium,5911563.157500001,durogesic,true
MED#5661,5661,218013/09,DUROGESIC,,50mcg/h (8.4mg/patch),5,transdermal patches,Janssen Pharmaceutica NV,Mersaco,Belgium,3019614.0975,durogesic,true
MED#5662,5662,218016/09,DUROGESIC,,25mcg/h (4.2mg/patch),5,transdermal patches,Janssen Pharmaceutica NV,Mersaco,Belgium,1509135.1275000002,durogesic,true
MED#10581,10581,41221/1,DUSPATALIN RETARD,,200mg,30,Capsule,"Pharmaline SAL Licensed by Abbott Healthcare Products BV, The Netherlands",Mersaco,Lebanon,895580.8531670001,duspatalin retard,true
MED#11166,11166,177820/1,DUTAMSUVITAE,,0.5mg/0.4mg,30,"Capsule, hard",SAG Manufacturing SLU,Promopharm S.A.R.L.,Spain,2168961.7950000004,dutamsuvitae,true
MED#10692,10692,13420/1,DUTASTERIDE ARROW LAB,,0.5mg,30,Capsule molles,APL Swift Services (Malta) Limited,Darapharma S.A.L.,Malta,1166455.29,dutasteride arrow lab,true
MED#9414,9414,146817/1,DUTASTERIDE BIOGARAN,,0.5mg,30,Capsules molles,Catalent France Beinheim SA,Commercial and Trading Ressources SAL (CTR),France,1112701.59,dutasteride biogaran,true
MED#10913,10913,173120/1,DUTASTERIDE/TAMSULOSINE ARROW,,0.5mg/0.4mg,30,Géllule,APL Swift Services (Malta) Limited,Darapharma S.A.L.,Malta,1337123.2875,dutasteride tamsulosine arrow,true
MED#12576,12576,95725/1,DYMISTA,,137mcg/50mcg per actuation,120actuations,Nasal spray suspension,Cipla Ltd,Omnipharma,India,1712055.3450000004,dymista,true
MED#7315,7315,218188/09,DYNAMOGEN,,10ml,20,Drinkable ampoules,Faes Pharma SA,Power Pharm S.A.R.L.,Spain,1019976.4575000003,dynamogen,true
MED#3626,3626,973310/01,DYSPORT,,500units,2Vials,Injectable powder,Ipsen Biopharm Ltd,Droguerie de l'Union,UK,42726154.757999994,dysport,true
MED#7646,7646,105914/1,DYSPORT,,300units,1Vial,Injectable powder,Ipsen Biopharm Ltd,Droguerie de l'Union,UK,14625181.8972,dysport,true
MED#4490,4490,2885/94,EAU OXYGENEE 10/120,,10V,120ml,Solution,Mephico SAL,Mephico S.A.L.,Lebanon,119026.05000000003,eau oxygenee 10 120,true
MED#2492,2492,B0744/92,EAU POUR PREPARATION INJ.,,,100 x 10ml,Ampoule,Renaudin,Minapharm Halabi,France,3385139.2575000003,eau pour preparation inj,true
MED#274,274,MPB 2271/94,EAU POUR PREPARATION INJECTABLE PROAMP,,,50 ampoules x 5ml,Solvant pour preparation parenterale,Aguettant,Droguerie Solupharm SAL,France,1240366.6275000002,eau pour preparation injectable proamp,true
MED#275,275,MPD 2271/94,EAU POUR PREPARATION INJECTABLE PROAMP,,,50 ampoules x 10ml,Solvant pour preparation parenterale,Aguettant,Droguerie Solupharm SAL,France,1034758.7250000002,eau pour preparation injectable proamp,true
MED#276,276,MPE 2271/94,EAU POUR PREPARATION INJECTABLE PROAMP,,,20 ampoules x 20ml,Solvant pour preparation parenterale,Aguettant,Droguerie Solupharm SAL,France,795554.76,eau pour preparation injectable proamp,true
MED#2491,2491,A0744/92,EAU POUR PREPARATIONS INJECTABLES RENAUDIN,,,10Ampoules x 5ml,Sol p preparation inj,Renaudin,Minapharm Halabi,France,266080.815,eau pour preparations injectables renaudin,true
MED#484,484,405464/00,EBASTEL,,10mg,20,fct rond without section,"Industrias Farmaceuticas Almirall, S.A.",Droguerie Phenicia,Spain,722987.265,ebastel,true
MED#10176,10176,90619/1,EBASTINE ARROW,,10mg,30,Comprimés pelliculés,Centre Specialités Pharmaceutiques,Darapharma S.A.L.,France,524098.575,ebastine arrow,true
MED#5153,5153,222222/07,EBERELBIN,,50mg/5ml,1vial x 5ml,Injection,Fareva Unterach GmbH,Khalil Fattal & Fils S.A.L.,Austria,6834782.955000001,eberelbin,true
MED#11521,11521,20010/1,EBETAXEL,,30mg/5ml,1Vial,Injection,Fareva Unterach GmbH,Khalil Fattal & Fils S.A.L.,Austria,2983330.35,ebetaxel,true
MED#3577,3577,195294/04,EBETAXEL,,150mg/25ml,1Vial,Injection,Fareva Unterach GmbH,Khalil Fattal & Fils S.A.L.,Austria,15457059.122399997,ebetaxel,true
MED#5596,5596,221983/09,EBETREXAT,,5mg,50,Tablet,Salutas Pharma GmbH,Khalil Fattal & Fils S.A.L.,Germany,2488796.3099999996,ebetrexat,true
MED#5599,5599,218030/09,EBETREXAT,,15mg/1.5ml,1,prefilled syringe,Fareva Unterach GmbH,Khalil Fattal & Fils S.A.L.,Austria,2135365.7325,ebetrexat,true
MED#9765,9765,147618/1,EBETREXAT,,50mg/5ml,Pack of 1Vial,Solution for injection,Fareva Unterach GmbH,Khalil Fattal & Fils S.A.L.,Austria,1507820.702447761,ebetrexat,true
MED#1241,1241,148208/03,EBIXA,,10mg,28,"Tablet, film coated",H. Lundbeck AS,Sadco,Denmark,2143428.7874999996,ebixa,true
MED#5801,5801,219287/09,EBIXA,,20mg,28,"Tablet, film coated",H. Lundbeck AS,Sadco,Denmark,4004650.650000001,ebixa,true
MED#10595,10595,175519/1,ECALTA,,100mg,1 Vial,Powder for concentrate for solution for infusion,Pfizer Manufacturing Belgium NV,Droguerie Fattal S.A.L.,Belgium,16977343.068,ecalta,true
MED#12171,12171,54624/1,ECINQ,,30mg,1,"Tablet, film coated",Haupt Pharma Munster GmbH,Abela Frères S.A.L.,Germany,1302183.3825,ecinq,true
MED#11694,11694,3223/1,ECOGYN,,150mg,6pessaries,Ovule,"Chaoul Pharmaceuticals (Cha-pha) SAL, Lebanon (Packing) Manufactured by Bliss GVS Pharma Limited, India",Germanos Health Care Supplies SARL,Lebanon,447947.50000000006,ecogyn,true
MED#10289,10289,110716/1,ECONAZ,,150mg,6,Vaginal ovules,Pharmadex,Pharmadex,Lebanon,415951.25,econaz,true
MED#7332,7332,97875/11,ECONAZ,,1%,30g,Cream,Pharmadex,Pharmadex,Lebanon,307164.00000000006,econaz,true
MED#7761,7761,96417/11,ECOREX 150,,,3,Vaginal Ovule,Hayat Pharmaceuticals Industries Co PLC,Macromed S.A.R.L.,Jordan,280863.08249999996,ecorex 150,true
MED#4411,4411,25651,ECOZONE,,,20g,Cream,Mediphar Laboratories,Medapharm Healthcare SAL,Lebanon,364757.25000000006,ecozone,true
MED#11163,11163,150820/1,EDARBI,,40mg,28,Tablet,"The Arab Pharmaceutical Manufacturing PSC, Sult under license from Takeda Pharmaceuticals International AG, Switzerland",Century Pharma SAL,Jordan,1846439.5950000004,edarbi,true
MED#11895,11895,151120/1,EDARBI,,80mg,28,Tablet,"The Arab Pharmaceutical Manufacturing PSC, Sult under license from Takeda Pharmaceuticals International AG, Switzerland",Century Pharma SAL,Jordan,2342317.4775000005,edarbi,true
MED#11645,11645,36122/1,EDARBYCLOR,,40mg/12.5mg,28,"Tablet, film coated","The Arab Pharmaceutical Manufacturing PSC, Sult under license from Takeda Pharmaceuticals International AG, Switzerland",Century Pharma SAL,Jordan,1846439.5950000004,edarbyclor,true
MED#11700,11700,36022/1,EDARBYCLOR,,40mg/25mg,28,"Tablet, film coated","The Arab Pharmaceutical Manufacturing PSC, Sult under license from Takeda Pharmaceuticals International AG, Switzerland",Century Pharma SAL,Jordan,1846439.5950000004,edarbyclor,true
MED#10332,10332,35819/1,EDOLFENE,,,5ml,Eye drops solution,Laboratorio Edol Produtos Farmaceuticos SA,Abela Frères S.A.L.,Portugal,388370.48250000004,edolfene,true
MED#8823,8823,28516/1,EFEXOR XR,,75mg,14,Capsule,Pfizer Manufacturing Deutschland GmbH,Mectapharm S.A.L.,Germany,598009.9125000002,efexor xr,true
MED#8824,8824,28616/1,EFEXOR XR,,150mg,14,Capsule,Pfizer Manufacturing Deutschland GmbH,Mectapharm S.A.L.,Germany,817056.2400000002,efexor xr,true
MED#10126,10126,106719/1,EFFERALGAN,,1g,8,"Tablet, film coated",UPSA,Pacific pharma,France,129008.88,efferalgan,true
MED#10127,10127,106819/1,EFFERALGAN,,1g,8,"Tablet, effervescent",UPSA,Pacific pharma,France,129008.88,efferalgan,true
MED#196,196,27717,EFFERALGAN,,500mg,16,"Tablet, effervescent scored",UPSA,Pacific pharma,France,129008.88,efferalgan,true
MED#9906,9906,1819/1,EFFERALGAN,,3%,90ml,Pediatric solution,UPSA SAS,Pacific pharma,France,163948.785,efferalgan,true
MED#10400,10400,168019/1,EFFERALGAN CODEINE,,,16,"Tablet, film coated",UPSA,Pacific pharma,France,215014.80000000005,efferalgan codeine,true
MED#197,197,27716,EFFERALGAN CODEINE,,,16,"Tablet, effervescent scored",UPSA,Pacific pharma,France,215014.80000000005,efferalgan codeine,true
MED#8814,8814,111716/1,EFUDIX,,5%,20g,Cream,ICN Polfa Rzeszow SA,Omnipharma,Poland,671921.25,efudix,true
MED#12107,12107,45224/1,ELAPIX 2.5,,2.5mg,60,"Tablet, film coated",Benta SAL,Benta Trading Co s.a.l.,Lebanon,1970969,elapix 2 5,true
MED#12108,12108,45324/1,ELAPIX 5,,5mg,60,"Tablet, film coated",Benta SAL,Benta Trading Co s.a.l.,Lebanon,1970969,elapix 5,true
MED#4163,4163,208491/97,ELECTROLYE 67,,,500ml,Injectable solution,Alfa Laboratoires S.A.L.,Alfa Laboratoires S.A.L.,Lebanon,165727.0784,electrolye 67,true
MED#9106,9106,3517/1,ELEVIT PRONATAL,,,30,"Tablet, film coated",Rottendorf Pharma GmbH,Nouvelle Pharm Drugstore,Germany,893655.2625000001,elevit pronatal,true
MED#10967,10967,123518/1,ELICA,,0.1%,30g,Ointment,Jamjoum Pharmaceutical Co,Droguerie Mercury S.A.L.,Saudi Arabia,399121.22250000003,elica,true
MED#3559,3559,194793/05,ELICA,,0.1%,30g,Cream,Jamjoum Pharmaceuticals,Droguerie Mercury S.A.L.,Saudi Arabia,341335.995,elica,true
MED#3526,3526,194792/05,ELICA M,,,30g,Cream,Jamjoum Pharmaceuticals,Droguerie Mercury S.A.L.,Saudi Arabia,459594.135,elica m,true
MED#5239,5239,24303/06,ELICASAL,,,30g,Ointment,Jamjoum Pharmaceuticals,Droguerie Mercury S.A.L.,Saudi Arabia,462281.82,elicasal,true
MED#7630,7630,186106/13,ELIDEL,,1%,15g,Cream,Meda Manufacturing,Omnipharma,France,1780591.3125,elidel,true
MED#10340,10340,141419/1,ELIQUIS,,2.5mg,60,"Tablet, film coated",Pfizer Manufacturing Deutschland GmbH,Droguerie Fattal S.A.L.,Germany,4183603.2410445,eliquis,true
MED#10341,10341,141519/1,ELIQUIS,,5mg,60,"Tablet, film coated",Pfizer Manufacturing Deutschland GmbH,Droguerie Fattal S.A.L.,Germany,4183603.2410445,eliquis,true
MED#10136,10136,85419/1,ELISONE,,0.1%,30g,Skin cream,Amman Pharmaceutical Industries,Germanos Health Care Supplies SARL,Jordan,435404.97000000003,elisone,true
MED#6905,6905,218696/10,ELISONE,,0.1%,15g,Skin cream,Amman Pharmaceutical Industries Co,Germanos Health Care Supplies SARL,Jordan,249954.70499999996,elisone,true
MED#8871,8871,167315/1,ELITAN,,10mg/2ml,10 ampoules,Solution for injection,Medochemie Ltd,New Allpharma,Cyprus,295645.35000000003,elitan,true
MED#6255,6255,222481/08,ELIZA 120,,120mg,30,Capsule,Benta SAL,Benta Trading Co s.a.l.,Lebanon,1167223.2,eliza 120,true
MED#12265,12265,87325/1,ELIZASLIM 120,,120mg,30,Capsule,Benta SAL,Benta Trading Co s.a.l.,Lebanon,1167223.2,elizaslim 120,true
MED#6561,6561,96426/11,ELLAONE,,30mg,1,Tablet,Cenexi,UPO S.A.L.,France,2276469.1950000003,ellaone,true
MED#9261,9261,148817/1,ELOCOM,,0.1%,30ml,Lotion,Delpharm Montreal Inc,Abela Frères S.A.L.,Canada,282206.925,elocom,true
MED#11021,11021,37222/1,ELONVA,,150mcg/0.5ml,1Prefilled syringe + 1needle,Injectable solution,Vetter Pharma- Fertigung GmbH & Co KG,Droguerie de l'Union,Germany,44141609.967,elonva,true
MED#11022,11022,37322/1,ELONVA,,100mcg/0.5ml,1Prefilled syringe + 1needle,Injectable solution,Vetter Pharma- Fertigung GmbH & Co KG,Droguerie de l'Union,Germany,35131801.949999996,elonva,true
MED#5150,5150,23718/06,ELOXATIN,,50mg/10ml,Vial 10ml,Concentrate for solution for infusion,Sanofi Aventis Deutschland GmbH,Mersaco,Germany,4930558.132499999,eloxatin,true
MED#11004,11004,119/1,ELPIDA,,20mg,60,"Tablet, film coated",The Arab Pharmaceutical Manufacturing PSC,Droguerie Mercury S.A.L.,Jordan,103165572.92343749,elpida,true
MED#11005,11005,219/1,ELPIDA,,50mg,60,"Tablet, film coated",The Arab Pharmaceutical Manufacturing PSC,Droguerie Mercury S.A.L.,Jordan,127364904.84374999,elpida,true
MED#11006,11006,319/1,ELPIDA,,70mg,60,"Tablet, film coated",The Arab Pharmaceutical Manufacturing PSC,Droguerie Mercury S.A.L.,Jordan,127364904.84374999,elpida,true
MED#12567,12567,99724/1,ELREXFIO,,44mg/1.1ml,1single dose vial,SC injection,Pharmacia & Upjohn Company LLC,Droguerie Fattal S.A.L.,USA,226104806.19562495,elrexfio,true
MED#12568,12568,99824/1,ELREXFIO,,76mg/1.9ml,1single dose vial,SC injection,Pharmacia & Upjohn Company LLC,Droguerie Fattal S.A.L.,USA,390545324.1932812,elrexfio,true
MED#7327,7327,185925/13,ELTROXIN,,100mcg,100,Tablet,Aspen Bad Oldesloe GmbH,Abela Frères S.A.L.,Germany,579196.1174999999,eltroxin,true
MED#9922,9922,13419/1,EMGALITY,,120mg/ml,1Single dose prefilled pen,Injection,Eli Lilly and Company,Droguerie de l'Union,USA,37250732.20680001,emgality,true
MED#5109,5109,194036,EMIFENAC 50,,50mg,20,"Tablet, dispersible",Globalpharma Co Llc,Bellapharma S.A.R.L.,United Arab Emirates,387026.6400000001,emifenac 50,true
MED#8485,8485,186456/12,EMITOR,,40mg,30,"Tablet, film coated",Globalpharma Co Llc,Bellapharma S.A.R.L.,United Arab Emirates,1060291.7325,emitor,true
MED#8486,8486,186455/12,EMITOR,,20mg,30,"Tablet, film coated",Globalpharma Co Llc,Bellapharma S.A.R.L.,United Arab Emirates,822431.6100000002,emitor,true
MED#9856,9856,16819/1,EMLA,,5%,5 x 5g,Cream,Aspen Bad Oldesloe GmbH,Abela Frères S.A.L.,Germany,1763121.36,emla,true
MED#12641,12641,FE30326/1,EMPA,,25mg,30,"Tablet, film coated",Pharmaline SAL,Pharmaline S.A.L.,Lebanon,1740723.985,empa,true
MED#12642,12642,FE30426/1,EMPA,,10mg,30,"Tablet, film coated",Pharmaline SAL,Pharmaline S.A.L.,Lebanon,1740723.985,empa,true
MED#11812,11812,37624/1,EMPAGLINE,,10mg/5mg,30,"Tablet, film coated",Pharmaline SAL,Pharmaline S.A.L.,Lebanon,2237049.815,empagline,true
MED#11813,11813,37524/1,EMPAGLINE,,25mg/5mg,30,"Tablet, film coated",Pharmaline SAL,Pharmaline S.A.L.,Lebanon,2237049.815,empagline,true
MED#12470,12470,97325/1,EMPALYN,,25mg/5mg,30,"Tablet, film coated",Pharmaline SAL,Pharmaline S.A.L.,Lebanon,2237049.815,empalyn,true
MED#12471,12471,97225/1,EMPALYN,,10mg/5mg,30,"Tablet, film coated",Pharmaline SAL,Pharmaline S.A.L.,Lebanon,2237049.815,empalyn,true
MED#12640,12640,FE30226/1,EMPAMET,,12.5mg/1000mg,60,"Tablet, film coated",Pharmaline SAL,Pharmaline S.A.L.,Lebanon,1840168.33,empamet,true
MED#10781,10781,145420/1,EMPAZA,,10mg,30,"Tablet, film coated",Pharmaline SAL,Pharmaline S.A.L.,Lebanon,1740723.985,empaza,true
MED#10782,10782,145520/1,EMPAZA,,25mg,30,"Tablet, film coated",Pharmaline SAL,Pharmaline S.A.L.,Lebanon,1740723.985,empaza,true
MED#10991,10991,20922/1,EMPAZIMET,,12.5mg/1000mg,60,"Tablet, film coated",Pharmaline SAL,Pharmaline S.A.L.,Lebanon,1840168.33,empazimet,true
MED#10992,10992,21022/1,EMPAZIMET,,5mg/1000mg,60,"Tablet, film coated",Pharmaline SAL,Pharmaline S.A.L.,Lebanon,1840168.33,empazimet,true
MED#7340,7340,186386/13,EMZAVIR,,200mg/300mg,30,"Tablet, film coated","Benta SAL (Packing) manufactured by Hetero Labs Ltd, India",Benta Trading Co s.a.l.,Lebanon,18701506.152000003,emzavir,true
MED#10397,10397,165319/1,ENBREL,,25mg,4 Prefilled syringe,Injectable solution,Pfizer Manufacturing Belgium NV,Mersaco,Belgium,28768353.2388,enbrel,true
MED#10398,10398,165119/1,ENBREL,,50mg,4 Prefilled syringe,Injectable solution,Pfizer Manufacturing Belgium NV,Mersaco,Belgium,52197598.04700001,enbrel,true
MED#10399,10399,117119/1,ENBREL,,50mg,4 Prefilled Pen,Injectable solution,Pfizer Manufacturing Belgium NV,Mersaco,Belgium,52197598.04700001,enbrel,true
MED#6767,6767,167197/10,ENDOMETRIN,,100mg,21,Vaginal Tablet,Sever Pharma Solutions AB,Sadco,Sweden,2776378.605,endometrin,true
MED#12352,12352,39525/1,ENDOXAN,,500mg,1,Vial,Baxter Oncology GmbH,Abela Frères S.A.L.,Germany,764646.3825000002,endoxan,true
MED#513,513,27258,ENDOXAN,,500mg,1,Vial,Baxter Oncology GmbH,Abela Frères S.A.L.,Germany,764646.3825000002,endoxan,true
MED#10710,10710,162717/1,ENFEROX,,500mg,28,"Tablet, dispersible",Ilko Ilac Sanayi ve Tic. A.S,BroadMed SAL,Turkey,37720157.6304,enferox,true
MED#11711,11711,53422/1,ENFORZA,,5mg/10mg,30,"Tablet, film coated",Hikma Pharmaceuticals,Droguerie de l'Union,Jordan,6072824.257500001,enforza,true
MED#10584,10584,118820/1,ENGERIX-B 10,,10mcg,1dose 0.5ml,Prefilled syringe,GlaxoSmithKline Biologicals SA,Abela Frères S.A.L.,Belgium,1042821.78,engerix b 10,true
MED#32,32,26275,ENGERIX-B 20,,20mcg/ml,1dose x 1ml,prefilled syringe,GlaxoSmithKline Biologicals SA,Abela Frères S.A.L.,Belgium,1652926.2750000004,engerix b 20,true
MED#11984,11984,99323/1,ENHERTU,,100mg,1Vial,Powder for concentrate for solution for infusion,Baxter Oncology GmbH,Omnipharma,Germany,178517964.18749997,enhertu,true
MED#10798,10798,36121/1,ENKOR,,20mg,4,"Tablet, film coated","Atlantic Pharma Producoes Farmaceuticas SA, Portugal Packed by Pharmadex",BroadMed SAL,Lebanon,1032838.9500000001,enkor,true
MED#10799,10799,36221/1,ENKOR,,5mg,28,"Tablet, film coated","Atlantic Pharma Producoes Farmaceuticas SA, Portugal Packed by Pharmadex",BroadMed SAL,Lebanon,1766193.0000000002,enkor,true
MED#11362,11362,118521/1,ENOMEX,,2000 Anti-Xa IU,2prefilled syringes of 0.2ml,Injectable solution for SC/IV use,"Hebei Changshan Biochemical Pharmaceutical Co., Ltd., China for Arwan Pharmaceutical Industries Lebanon SAL",Raymond Georges Abou Adal & Co,Lebanon,396753.50000000006,enomex,true
MED#11363,11363,105820/1,ENOMEX,,4000 Anti-Xa IU,2prefilled syringes of 0.4ml,Injectable solution for SC/IV use,"Hebei Changshan Biochemical Pharmaceutical Co., Ltd., China for Arwan Pharmaceutical Industries Lebanon SAL",Raymond Georges Abou Adal & Co,Lebanon,753831.65,enomex,true
MED#11364,11364,105920/1,ENOMEX,,6000 Anti-Xa IU,2prefilled syringes of 0.6ml,Injectable solution for SC/IV use,"Hebei Changshan Biochemical Pharmaceutical Co., Ltd., China for Arwan Pharmaceutical Industries Lebanon SAL",Raymond Georges Abou Adal & Co,Lebanon,922771.8500000001,enomex,true
MED#11365,11365,114821/1,ENOMEX,,8000 Anti-Xa IU,2prefilled syringes of 0.8ml,Injectable solution for SC/IV use,"Hebei Changshan Biochemical Pharmaceutical Co., Ltd., China for Arwan Pharmaceutical Industries Lebanon SAL",Raymond Georges Abou Adal & Co,Lebanon,1025159.85,enomex,true
MED#9949,9949,173616/1,ENOXA MEDIS,,2000UI Anti-Xa 20mg,2prefilled syringes/0.2ml,Injectable solution,Les Laboratoires Medis,Medis Pharm Drugstore,Tunisia,388370.48250000004,enoxa medis,true
MED#9950,9950,173516/1,ENOXA MEDIS,,4000UI Anti-Xa 40mg,2prefilled syringes/0.4ml,Injectable solution,Les Laboratoires Medis,Medis Pharm Drugstore,Tunisia,755239.485,enoxa medis,true
MED#9951,9951,173716/1,ENOXA MEDIS,,6000UI Anti-Xa 60mg,2prefilled syringes/0.6ml,Injectable solution,Les Laboratoires Medis,Medis Pharm Drugstore,Tunisia,765990.2250000002,enoxa medis,true
MED#9952,9952,173816/1,ENOXA MEDIS,,8000UI Anti-Xa 80mg,2prefilled syringes/0.8ml,Injectable solution,Les Laboratoires Medis,Medis Pharm Drugstore,Tunisia,963535.0725000002,enoxa medis,true
MED#11733,11733,71022/1,ENOXAMED,,4000IU Anti-XA/0.4ml,2x0.4ml,Solution for injection,Unimed Laboratories,PMD (Pharmacist's medical drugstore),Tunisia,755239.4850000002,enoxamed,true
MED#11734,11734,71122/1,ENOXAMED,,4000IU Anti-XA/0.4ml,6x0.4ml,Solution for injection,Unimed Laboratories,PMD (Pharmacist's medical drugstore),Tunisia,2150148.0000000005,enoxamed,true
MED#11740,11740,70922/1,ENOXAMED,,2000IU Anti-XA/0.2ml,6x0.2ml,Solution for injection,Unimed Laboratories,PMD (Pharmacist's medical drugstore),Tunisia,1105982.3775000002,enoxamed,true
MED#11741,11741,54122/1,ENOXAMED,,2000IU Anti-XA/0.2ml,2x0.2ml,Solution for injection,Unimed Laboratories,PMD (Pharmacist's medical drugstore),Tunisia,388370.4825000001,enoxamed,true
MED#11742,11742,71222/1,ENOXAMED,,6000IU Anti-XA/0.6ml,2x0.6ml,Solution for injection,Unimed Laboratories,PMD (Pharmacist's medical drugstore),Tunisia,765990.2250000002,enoxamed,true
MED#11743,11743,71322/1,ENOXAMED,,6000IU Anti-XA/0.6ml,10x0.6ml,Solution for injection,Unimed Laboratories,PMD (Pharmacist's medical drugstore),Tunisia,3637781.6475000004,enoxamed,true
MED#11744,11744,71522/1,ENOXAMED,,8000IU Anti-XA/0.8ml,2x0.8ml,Solution for injection,Unimed Laboratories,PMD (Pharmacist's medical drugstore),Tunisia,963535.0725000002,enoxamed,true
MED#11745,11745,71422/1,ENOXAMED,,8000IU Anti-XA/0.8ml,10x0.8ml,Solution for injection,Unimed Laboratories,PMD (Pharmacist's medical drugstore),Tunisia,4575783.7125,enoxamed,true
MED#11746,11746,71622/1,ENOXAMED,,10000IU Anti-XA/1ml,2x1ml,Solution for injection,Unimed Laboratories,PMD (Pharmacist's medical drugstore),Tunisia,1209458.2500000002,enoxamed,true
MED#11198,11198,79421/1,ENOXAPARIN LEDRAXEN,,6000UI (60mg)/0.6ml,2prefilled syringes,Solution for injection,Centre Specialités Pharmaceutiques,Minapharm Halabi,France,854683.8300000002,enoxaparin ledraxen,true
MED#11199,11199,79321/1,ENOXAPARIN LEDRAXEN,,4000UI (40mg)/0.4ml,2prefilled syringes,Solution for injection,Centre Specialités Pharmaceutiques,Minapharm Halabi,France,841245.405,enoxaparin ledraxen,true
MED#6724,6724,218816/09,ENRICH N,,,30ml,Oral drops,Marcyrl Pharmaceuticals Industries (MPI),Premium Serve Drugstore Co. P.S.D. SAL,Egypt,459594.135,enrich n,true
MED#6867,6867,218850/09,ENRICH N,,,100ml,Syrup,Marcyrl Pharmaceuticals Industries (MPI),Premium Serve Drugstore Co. P.S.D. SAL,Egypt,279519.24,enrich n,true
MED#10688,10688,152019/1,ENTECAVIR ARROW,,1mg,30,Comprimés pelliculés,APL Swift Services (Malta) Limited,Darapharma S.A.L.,Malta,18701506.152000003,entecavir arrow,true
MED#10689,10689,151919/1,ENTECAVIR ARROW,,0.5mg,30,Comprimés pelliculés,APL Swift Services (Malta) Limited,Darapharma S.A.L.,Malta,18701506.152000003,entecavir arrow,true
MED#10133,10133,161919/1,ENTECAVIR BIOGARAN,,1mg,30,Comprimés pelliculés,Remedica Ltd,Commercial and Trading Ressources SAL (CTR),Cyprus,19080318.625200003,entecavir biogaran,true
MED#10134,10134,161819/1,ENTECAVIR BIOGARAN,,0.5mg,30,Comprimés pelliculés,Remedica Ltd,Commercial and Trading Ressources SAL (CTR),Cyprus,19080318.625200003,entecavir biogaran,true
MED#11121,11121,181020/1,ENTEROGERMINA,,6 Billions/2g,9 sachets,Oral powder,Opella Healthcare Italy SRL,Mersaco,Italy,1343842.5,enterogermina,true
MED#6213,6213,218596/10,ENTEROGERMINA,,2 Billions,20 flaconsx5ml,oral suspension,Opella Healthcare Italy SRL,Mersaco,Italy,1131515.3849999998,enterogermina,true
MED#6420,6420,218595/10,ENTEROGERMINA,,2 Billions,10Flacons x 5ml,Oral suspension,Opella Healthcare Italy SRL,Mersaco,Italy,595322.2275000002,enterogermina,true
MED#6421,6421,218594/10,ENTEROGERMINA,,2 Billions,12,Capsule,Opella Healthcare Italy SRL,Mersaco,Italy,1006538.0325000001,enterogermina,true
MED#10833,10833,98320/1,ENTOCORT CIR,,3mg,100,"Capsule, hard, modified release",Recipharm Fontaine SAS,Taba Chemipharm,France,7823588.092950001,entocort cir,true
MED#10834,10834,98420/1,ENTOCORT CIR,,3mg,50,"Capsule, hard, modified release",Recipharm Fontaine SAS,Taba Chemipharm,France,4771984.717500001,entocort cir,true
MED#8447,8447,164215/1,ENTRESTO,,50mg,28,"Tablet, film coated",Novartis Farma SpA,Khalil Fattal & Fils S.A.L.,Italy,6029821.297500001,entresto,true
MED#8448,8448,164315/1,ENTRESTO,,100mg,28,"Tablet, film coated",Novartis Farma SpA,Khalil Fattal & Fils S.A.L.,Italy,6029821.297500001,entresto,true
MED#8449,8449,164415/1,ENTRESTO,,200mg,56,"Tablet, film coated",Novartis Farma SpA,Khalil Fattal & Fils S.A.L.,Italy,11674240.030950002,entresto,true
MED#10633,10633,30120/1,ENTRILIV,,0.5mg,30,"Tablet, film coated",Lek Pharmaceuticals dd,Khalil Fattal & Fils S.A.L.,Slovenia,8692586.570850002,entriliv,true
MED#10634,10634,30220/1,ENTRILIV,,1mg,30,"Tablet, film coated",Lek Pharmaceuticals dd,Khalil Fattal & Fils S.A.L.,Slovenia,11475202.954425,entriliv,true
MED#10627,10627,56321/1,ENTYVIO,,108mg,2(2x1) pre-filled pens (multipack),Solution for injection,Takeda Austria GmbH,Century Pharma SAL,Austria,66816048.32700001,entyvio,true
MED#10628,10628,56221/1,ENTYVIO,,108mg,2(2x1) pre-filled syringes (multipack),Solution for injection,Takeda Austria GmbH,Century Pharma SAL,Austria,66816048.32700001,entyvio,true
MED#8398,8398,122615/1,ENTYVIO,,300mg,1Vial,Powder for concentrate for solution for infusion,Takeda Austria GmbH,Century Pharma SAL,Austria,152492033.1440625,entyvio,true
MED#11558,11558,19123/1,ENZASTIK 40,,40mg,4x28,Capsule,Eugia Pharma Specialities Limited,Droguerie Mercury S.A.L.,India,82838962.5,enzastik 40,true
MED#4590,4590,31,EOSIN ALCOHOLIC,,2%,75ml,Solution,Pharmadex,Pharmadex,Lebanon,115186.50000000001,eosin alcoholic,true
MED#4591,4591,30,EOSIN ALCOHOLIC,,1%,75ml,Solution,Pharmadex,Pharmadex,Lebanon,108787.25000000003,eosin alcoholic,true
MED#4592,4592,33,EOSIN AQUEUSE,,1%,75ml,Solution,Pharmadex,Pharmadex,Lebanon,84470.10000000002,eosin aqueuse,true
MED#4594,4594,32,EOSIN AQUEUSE,,2%,75ml,Solution,Pharmadex,Pharmadex,Lebanon,98548.45000000001,eosin aqueuse,true
MED#103,103,38861,EPANUTIN,,100mg,100,Capsule,Pfizer Manufacturing Deutschland GmbH for Parke Davis,Droguerie Fattal S.A.L.,Germany,739113.3750000002,epanutin,true
MED#12167,12167,96823/1,EPANUTIN,,100mg,100,Capsule,Pfizer Manufacturing Deutschland GmbH,Droguerie Fattal S.A.L.,Germany,739113.3750000002,epanutin,true
MED#11183,11183,130722/1,EPARDEX,,50mg,500,"Tablet, enteric coated",Pharmadex,Pharmadex,Lebanon,3246979.4500000007,epardex,true
MED#4595,4595,19266,EPARDEX,,50mg,30,"Tablet, enteric coated",Pharmadex,Pharmadex,Lebanon,223973.75000000003,epardex,true
MED#9935,9935,20819/1,EPCLUSA,,400mg/100mg,28,"Tablet, film coated",Gilead Sciences Ireland UC,Khalil Fattal & Fils S.A.L.,Ireland,991921768.6520625,epclusa,true
MED#11500,11500,147021/1,EPHEDRINE AGUETTANT,,3mg/ml,10 prefilled syringes,Solution for injection,Aguettant,Pharmamed,France,7827490.780725001,ephedrine aguettant,true
MED#272,272,MPO 2266/94,EPHEDRINE AGUETTANT,,30mg/ml,10Ampoules x 1ml,Solution injectable,Aguettant,Droguerie Solupharm SAL,France,614136.0225000001,ephedrine aguettant,true
MED#2279,2279,973404/01,EPHEDRINE RENAUDIN,,30mg/ml(3%),10amp x 1ml,Injectable solution,Renaudin,Minapharm Halabi,France,693422.73,ephedrine renaudin,true
MED#9061,9061,25517/1,EPIDUO,,,30g Pump,Gel,Galderma,Raymond Georges Abou Adal & Co,France,2088331.2449999996,epiduo,true
MED#10671,10671,21320/1,EPIDUO FORTE,,0.3%/2.5%,30g pump,Gel,Galderma,Raymond Georges Abou Adal & Co,France,2201214.0149999997,epiduo forte,true
MED#8590,8590,38315/1,EPINORD,,8mg/4ml,10 ampoules,Injection,Pharmadex licensed by Orbucell pharma Canada,Medi drug International SAL (MDI),Lebanon,2751677.5000000005,epinord,true
MED#1668,1668,261066/97,EPIRAZOLE,,20mg,14,Capsule,Eipico,C. Catafago & Co,Egypt,208295.5875,epirazole,true
MED#6653,6653,218857/09,EPIRUBICINE VIATRIS 2MG/ML,,10mg/5ml,1Vial x 5ml,Solution,"Benta SAL under license from Viatris Santé, France",Benta Trading Co s.a.l.,Lebanon,855212.4340760001,epirubicine viatris 2mg ml,true
MED#6654,6654,218858/09,EPIRUBICINE VIATRIS 2MG/ML,,50mg/25ml,1Vial x 25ml,Solution,"Benta SAL under license from Viatris Santé, France",Benta Trading Co s.a.l.,Lebanon,3914241.5251940005,epirubicine viatris 2mg ml,true
MED#11863,11863,132820/1,EPISOPT,,,5ml,Eye drops,Egyptian International Pharmaceutical Industries Co (Eipico),C. Catafago & Co,Egypt,575164.5900000002,episopt,true
MED#11459,11459,93222/1,EPLERENONE ARROW,,25mg,30,Comprimes pellicules,APL Swift Services (Malta) Limited,Darapharma S.A.L.,Malta,1744307.5650000004,eplerenone arrow,true
MED#11460,11460,93422/1,EPLERENONE ARROW,,50mg,30,Comprimes pellicules,APL Swift Services (Malta) Limited,Darapharma S.A.L.,Malta,1744307.5650000004,eplerenone arrow,true
MED#12523,12523,99425/1,EPLERENONE ARROW,,25mg,90,"Tablet, film coated",APL Swift Services (Malta) Limited,Darapharma S.A.L.,Malta,4918463.550000001,eplerenone arrow,true
MED#12524,12524,148225/1,EPLERENONE ARROW,,25mg,90,"Tablet, film coated",Arrow Génériques,Darapharma S.A.L.,France,4918463.550000001,eplerenone arrow,true
MED#12525,12525,148325/1,EPLERENONE ARROW,,25mg,90,Comprimes pellicules,Synthon Hispania SL,Darapharma S.A.L.,Spain,4918463.550000001,eplerenone arrow,true
MED#9067,9067,8017/1,EPLERENONE ARROW,,25mg,30,Comprimes pellicules,Synthon Hispania SL,Darapharma S.A.L.,Spain,1744307.5650000004,eplerenone arrow,true
MED#9068,9068,7917/1,EPLERENONE ARROW,,50mg,30,Comprimes pellicules,Synthon Hispania SL,Darapharma S.A.L.,Spain,1744307.5650000004,eplerenone arrow,true
MED#9898,9898,169518/1,EPLERENONE ARROW,,50mg,30,Comprimes pellicules,Arrow Génériques,Darapharma S.A.L.,France,1744307.5650000004,eplerenone arrow,true
MED#9899,9899,169418/1,EPLERENONE ARROW,,25mg,30,Comprimes pellicules,Arrow Génériques,Darapharma S.A.L.,France,1744307.5650000004,eplerenone arrow,true
MED#9025,9025,156916/1,EPLERENONE BIOGARAN,,25mg,30,Comprimes pellicules,Bluepharma Industria Farmaceutica SA,Commercial and Trading Ressources SAL (CTR),Portugal,1849127.28,eplerenone biogaran,true
MED#9026,9026,157016/1,EPLERENONE BIOGARAN,,50mg,30,Comprimes pellicules,Bluepharma Industria Farmaceutica SA,Commercial and Trading Ressources SAL (CTR),Portugal,1849127.28,eplerenone biogaran,true
MED#11302,11302,17523/1,EPOMAX,,4000UI/ml,1Vial of 1ml,Solution for injection,Les Laboratoires Medis,Medis Pharm Drugstore,Tunisia,1243054.3125000002,epomax,true
MED#11303,11303,17423/1,EPOMAX,,2000UI/ml,10Vial of 1ml,Solution for injection,Les Laboratoires Medis,Medis Pharm Drugstore,Tunisia,7849606.011450001,epomax,true
MED#11790,11790,139023/1,EPOMAX,,10000UI/ml,1Vial of 1ml,Solution for injection,Les Laboratoires Medis,Medis Pharm Drugstore,Tunisia,2486108.6250000005,epomax,true
MED#11531,11531,119723/1,EPOTEX 4000 BENTA,,"4,000IU",6Prefilled syringes,,Benta SAL,Benta Trading Co s.a.l.,Lebanon,5488046.275599999,epotex 4000 benta,true
MED#6442,6442,222454/08,EPOTEX 4000 BENTA,,"4,000IU",,Injectable,Benta SAL,Benta Trading Co s.a.l.,Lebanon,1209458.25,epotex 4000 benta,true
MED#1433,1433,973713/02,EPOTIN,,2000IU/ml,10Vials,Injection,Julphar,Pharmanet Drugstore S.A.R.L.,United Arab Emirates,9206440.461225,epotin,true
MED#1434,1434,973712/02,EPOTIN,,"4,000IU/ml",10Vials,Injection,Julphar,Pharmanet Drugstore S.A.R.L.,United Arab Emirates,11317794.547500003,epotin,true
MED#4495,4495,58/95,EPSOM SALT,,40g,40g,Granules,Mephico SAL,Mephico S.A.L.,Lebanon,89589.50000000001,epsom salt,true
MED#1860,1860,405950/00,ERACID 250,,250mg,14,"Tablet, coated",The Jordanian Pharmaceutical Manufacturing Company (JPM),C. Catafago & Co,Jordan,446155.71,eracid 250,true
MED#1861,1861,973920/02,ERACID 500,,500mg,14,"Tablet, coated",The Jordanian Pharmaceutical Manufacturing Company (JPM),C. Catafago & Co,Jordan,628918.2899999999,eracid 500,true
MED#7454,7454,96390/11,ERADECIN,,250mg,6,Capsule,SAJA- Saudi Arabia Japanese Pharmaceutical Co,Food & Drug Corporation FDC,Saudi Arabia,354774.42000000004,eradecin,true
MED#5502,5502,221699/08,ERBITUX,,5mg/ml,1Vial 20ml,Solution for Infusion,Merck Healthcare KGaA,Food & Drug Corporation FDC,Germany,24952249.428638116,erbitux,true
MED#12580,12580,53416/1,EREC,,100mg,4,"Tablet, film coated",Adwia,Pasteur,Egypt,792867.0750000001,erec,true
MED#9755,9755,53119/1,ERELZI,,50mg,4Prefilled syringe,Solution for injection,"Sandoz GmbH, (Schaftenau)",Khalil Fattal & Fils S.A.L.,Austria,59029175.940726176,erelzi,true
MED#9756,9756,53019/1,ERELZI,,50mg,4Prefilled pen,Solution for injection,"Sandoz GmbH, (Schaftenau)",Khalil Fattal & Fils S.A.L.,Austria,26491346.052569345,erelzi,true
MED#9757,9757,53219/1,ERELZI,,25mg,4Prefilled syringe,Solution for injection,"Sandoz GmbH, (Schaftenau)",Khalil Fattal & Fils S.A.L.,Austria,25751867.28492469,erelzi,true
MED#12633,12633,55226/1,ERIBULIN AQVIDA,,0.44mg/ml,1Vial 2ml,Solution for injection,AqVida GmbH,Mediterranean Pharmaceutical Company,Germany,13153979.966400001,eribulin aqvida,true
MED#8338,8338,222942/14,ERIVEDGE,,150mg,28,Capsule,Patheon Inc,Omnipharma,Canada,465368012.0665077,erivedge,true
MED#11677,11677,126623/1,ERLEADA,,60mg,120,"Tablet, film coated",Janssen Ortho LLC,Abela Frères S.A.L.,USA,264150670.6978125,erleada,true
MED#10994,10994,6522/1,ERTANZ,,1g,1Vial,Powder for injection,Pharmaline SAL,Pharmaline S.A.L.,Lebanon,2521048.5300000003,ertanz,true
MED#12246,12246,99923/1,ERTAPENEM ARROW,,1g,1Flacon,Poudre pour solution à diluer pour perfusion,APL Swift Services (Malta) Limited,Darapharma S.A.L.,Malta,2241529.29,ertapenem arrow,true
MED#11739,11739,164423/1,ERTAPENEM INJECTION,,1g,Pack of 10Vials,Powder for concentrate for solution for infusion,ACS Dobfar S.P.A.,Drugstore 3U S.A.R.L.,Italy,18892800.1584,ertapenem injection,true
MED#12315,12315,1124/1,ERVALI,,25mg,21,"Capsule, hard",Salutas Pharma GmbH,Khalil Fattal & Fils S.A.L.,Germany,81147768.61391886,ervali,true
MED#12316,12316,1024/1,ERVALI,,15mg,21,"Capsule, hard",Salutas Pharma GmbH,Khalil Fattal & Fils S.A.L.,Germany,74977720.17370953,ervali,true
MED#12317,12317,924/1,ERVALI,,10mg,21,"Capsule, hard",Salutas Pharma GmbH,Khalil Fattal & Fils S.A.L.,Germany,71493519.7263248,ervali,true
MED#12318,12318,824/1,ERVALI,,5mg,21,"Capsule, hard",Salutas Pharma GmbH,Khalil Fattal & Fils S.A.L.,Germany,37370561.17181647,ervali,true
MED#11317,11317,53223/1,ERWINASE,,"10,000IU",5 Vials,Lyophilisate for solution for injection,Porton Biopharma Limited,BroadMed SAL,UK,444434844.5856555,erwinase,true
MED#11805,11805,130323/1,ERYFLUID,,4%,100ml,Lotion,Pierre Fabre Medicament Production,Mersaco,France,542912.3700000001,eryfluid,true
MED#2767,2767,26674,ERYFLUID,,4%,100ml,Lotion,Pierre Fabre Medicament Production,Mersaco,France,542912.37,eryfluid,true
MED#5095,5095,974074,ERYLIK,,,30g,Gel,Laboratoires Chemineau,Pharmamedic S.A.R.L.,France,374932.0575,erylik,true
MED#4414,4414,2824/94,ERYTHROMYCIN 1.5 %,,15mg/ml,120ml,Solution,Mediphar Laboratories,Medapharm Healthcare SAL,Lebanon,501701.20000000007,erythromycin 1 5,true
MED#8980,8980,179516/1,ESAC,,40mg,1Vial,IV Injection,Hikma Italia SpA,Abela Frères S.A.L.,Italy,430029.6000000001,esac,true
MED#10811,10811,79220/1,ESCITALOPRAM BIOGARAN,,10mg,28,Comprimés pelliculés sécables,Bluepharma Industria Farmaceutica SA,Commercial and Trading Ressources SAL (CTR),Portugal,678640.4625000001,escitalopram biogaran,true
MED#10812,10812,79320/1,ESCITALOPRAM BIOGARAN,,15mg,28,Comprimés pelliculés sécables,Bluepharma Industria Farmaceutica SA,Commercial and Trading Ressources SAL (CTR),Portugal,678640.4625000001,escitalopram biogaran,true
MED#10813,10813,79420/1,ESCITALOPRAM BIOGARAN,,20mg,28,Comprimés pelliculés sécables,Bluepharma Industria Farmaceutica SA,Commercial and Trading Ressources SAL (CTR),Portugal,678640.4625000001,escitalopram biogaran,true
MED#7027,7027,97246/12,ESCITALOPRAM NORMON,,10mg,28,"Tablet, film coated",Normon SA,Droguerie Phenicia,Spain,845276.9325,escitalopram normon,true
MED#2504,2504,208991/03,ESELAN,,40mg,5Vials,Injectable powder for solution,Anfarm Hellas SA,Medi drug International SAL (MDI),Greece,2073548.9774999996,eselan,true
MED#4497,4497,24273,ESIDREX,,25mg,20,Tablet,Mephico SAL,Mephico S.A.L.,Lebanon,380115.45000000007,esidrex,true
MED#7304,7304,187344/13,ESLORAT,,5mg,20,"Tablet, film coated",Normon SA,Droguerie Phenicia,Spain,331929.09750000003,eslorat,true
MED#7571,7571,96416/11,ESO TAD,,40mg,14,"Capsule, hard, gastro-resistant","Kr Ka, d.d, Novo Mesto",Pharmamedic S.A.R.L.,Slovenia,389714.325,eso tad,true
MED#8553,8553,165615/1,ESO TAD,,20mg,14,"Capsule, hard, gastro-resistant","Kr Ka, d.d, Novo Mesto",Pharmamedic S.A.R.L.,Slovenia,299676.8775,eso tad,true
MED#11952,11952,124024/1,ESOCAP-UBSA,,40mg,30,Capsule,UBSA Pharma Industries SARL,L. Pharm SAL,Lebanon,646324.2500000001,esocap ubsa,true
MED#11953,11953,124124/1,ESOCAP-UBSA,,20mg,30,Capsule,UBSA Pharma Industries SARL,L. Pharm SAL,Lebanon,511940.00000000006,esocap ubsa,true
MED#12109,12109,19725/1,ESOFLUX,,40mg,30,Capsule,UBSA Pharma Industries SARL,Medis Pharm Drugstore,Lebanon,646324.2500000001,esoflux,true
MED#7773,7773,187159/13,ESOMEP,,40mg,14,"Tablet, gastroresistant","Pharmaline under license from Sandoz GmbH, Austria",Khalil Fattal & Fils S.A.L.,Lebanon,493391.78889,esomep,true
MED#7774,7774,187160/13,ESOMEP,,20mg,14,"Tablet, gastroresistant","Pharmaline under license from Sandoz GmbH, Austria",Khalil Fattal & Fils S.A.L.,Lebanon,432091.59693700005,esomep,true
MED#12027,12027,9425/1,ESOMEPRAZOLE ARROW LAB,,40mg,28,"Capsule, gastro-resistant",Towa Pharmaceutical Europe SL,Darapharma S.A.L.,Spain,454218.765,esomeprazole arrow lab,true
MED#12028,12028,9525/1,ESOMEPRAZOLE ARROW LAB,,20mg,28,"Capsule, gastro-resistant",Towa Pharmaceutical Europe SL,Darapharma S.A.L.,Spain,366869.0025000001,esomeprazole arrow lab,true
MED#12096,12096,139721/1,ESOMEPRAZOLE BIOGARAN,,20mg,28,Gélules gastrorésistantes,Les Laboratoires Servier Industrie,Commercial and Trading Ressources SAL (CTR),France,493190.1975,esomeprazole biogaran,true
MED#12097,12097,139821/1,ESOMEPRAZOLE BIOGARAN,,40mg,28,Gélules gastrorésistantes,Les Laboratoires Servier Industrie,Commercial and Trading Ressources SAL (CTR),France,513347.8350000001,esomeprazole biogaran,true
MED#7836,7836,23614/1,ESOMEPRAZOLE NORMON,,40mg,1Vial,"Injectable powder for solution for injection or infusion, IV",Normon SA,Droguerie Phenicia,Spain,430029.6000000001,esomeprazole normon,true
MED#12540,12540,17126/1,ESOPUMP,,40mg,30,Capsule,UBSA Pharma Industries SARL,Bee Pharm SARL,Lebanon,646324.2500000001,esopump,true
MED#10908,10908,13421/1,ESPEROCT,,500IU/Vial,1Vial + 1prefilled syringe +1plunger rod + 1Vial adapter,Powder and solvent for solution for injection,Novo Nordisk AS,Mersaco,Denmark,38126657.39400001,esperoct,true
MED#10909,10909,13521/1,ESPEROCT,,1000IU/Vial,1Vial + 1prefilled syringe +1plunger rod + 1Vial adapter,Powder and solvent for solution for injection,Novo Nordisk AS,Mersaco,Denmark,75761363.18100001,esperoct,true
MED#12071,12071,67723/1,ESSIUM,,40mg,1lyophilized vial,powder for solution for IV injection/ infusion,Aroma Ilac San. Ltd. Sti,New Europharm,Turkey,314459.145,essium,true
MED#11659,11659,98723/1,ESTAPORIN,,0.05%,5ml,eye drops,Pharmaline SAL,Droguerie R. Pharaon & Fils S.A.L.,Lebanon,2815797.985,estaporin,true
MED#7898,7898,127414/1,ESTECINA 200MG,,200mg/100ml,Box of 50 Bags,,Normon SA,Droguerie Phenicia,Spain,32190250.629600003,estecina 200mg,true
MED#7952,7952,51414/1,ESTECINA 500MG,,500mg,14,"Tablets, film coated",Normon SA,Droguerie Phenicia,Spain,618167.5499999999,estecina 500mg,true
MED#2043,2043,27888,ESTROFEM,,,28,"Tablet, film coated",Novo Nordisk AS,Mersaco,Denmark,399121.22250000003,estrofem,true
MED#11598,11598,106723/1,ETANERREL,,25mg/0.5ml,0.5ml in 1 PFS,Solution for injection,Reliance Life Sciences pvt Ltd,Levant Pulse SARL,India,5085100.020000001,etanerrel,true
MED#11599,11599,106623/1,ETANERREL,,50mg/ml,1ml in 1 PFS,Solution for injection,Reliance Life Sciences pvt Ltd,Levant Pulse SARL,India,9756719.4375,etanerrel,true
MED#2511,2511,135396,ETOPOSIDE EBEWE,,100mg,1 x 5ml,Vial,Fareva Unterach GmbH,Khalil Fattal & Fils S.A.L.,Austria,1104638.535,etoposide ebewe,true
MED#6779,6779,97378/12,ETOPOSIDE VIATRIS 20MG/ML,,100mg/5ml,1vial,Injectable concentrated solution for infusion,"Benta SAL under license from Viatris Santé, France",Benta Trading Co s.a.l.,Lebanon,1544465.8118890005,etoposide viatris 20mg ml,true
MED#12601,12601,110423/1,ETOTAC SR,,600mg,30,"Tablet, sustained release",Humanis Saglik Anonim Sirketi,BroadMed SAL,Turkey,550975.425,etotac sr,true
MED#10117,10117,17820/1,ETOXA,,60mg,10,"Tablet, film coated",Pharmaline SAL,Pharmaline S.A.L.,Lebanon,302044.6,etoxa,true
MED#10118,10118,18720/1,ETOXA,,90mg,10,"Tablet, film coated",Pharmaline SAL,Pharmaline S.A.L.,Lebanon,431309.45000000007,etoxa,true
MED#9281,9281,28317/1,ETOXA,,60mg,30,"Tablet, film coated",Pharmaline SAL,Pharmaline S.A.L.,Lebanon,904853.9500000001,etoxa,true
MED#9282,9282,28217/1,ETOXA,,90mg,30,"Tablet, film coated",Pharmaline SAL,Pharmaline S.A.L.,Lebanon,1293928.35,etoxa,true
MED#9283,9283,28117/1,ETOXA,,120mg,7,"Tablet, film coated",Pharmaline SAL,Pharmaline S.A.L.,Lebanon,398033.35000000003,etoxa,true
MED#10024,10024,35019/1,ETOXIB,,120mg,7,"Tablet, film coated","KrKa, dd, Novo Mesto",Pharmamedic S.A.R.L.,Slovenia,337304.46749999997,etoxib,true
MED#10025,10025,34819/1,ETOXIB,,60mg,28,"Tablet, film coated","KrKa, dd, Novo Mesto",Pharmamedic S.A.R.L.,Slovenia,694766.5724999999,etoxib,true
MED#10070,10070,34919/1,ETOXIB,,90mg,28,"Tablet, film coated","KrKa, dd, Novo Mesto",Pharmamedic S.A.R.L.,Slovenia,1126140.0150000001,etoxib,true
MED#2512,2512,,EUCARBON,,,100,Tablet,F. Trenka Chem.- Pharm. Fabrik GmbH,Mersaco,Austria,795554.76,eucarbon,true
MED#12639,12639,47825/1,EURO D 10000 IU,,"10,000IU",30,Capsule,Catalent Ontario Limited,Venus Drugstore,Canada,993099.6075000002,euro d 10000 iu,true
MED#5764,5764,219286/09,EURO D 10000 IU,,"10,000IU",30,Capsule,Olds Soft Gels Inc,Venus Drugstore,Canada,993099.6075,euro d 10000 iu,true
MED#12638,12638,172425/1,EURO D HP 50.000 IU,,"50,000IU",10,Capsule,Catalent Ontario Limited,Venus Drugstore,Canada,1432536.1050000004,euro d hp 50 000 iu,true
MED#7492,7492,186791/14,EURO D HP 50.000 IU,,"50,000IU",10,Capsule,Olds Soft Gels Inc,Venus Drugstore,Canada,1432536.105,euro d hp 50 000 iu,true
MED#5113,5113,24311,EURO-FER CF,,,30,Capsule,Pharmalab 1982 Inc,Venus Drugstore,Canada,706861.1549999999,euro fer cf,true
MED#3495,3495,,EURO-K,,,60,"Tablet, sustained release",Pharmalab 1982 Inc,Venus Drugstore,Canada,894999.1050000002,euro k,true
MED#11320,11320,111822/1,EUROFOLIC,,10mg/ml,5Vials of 5ml,Solution for injection,Kleva Pharmaceuticals S.A.,New Europharm,Greece,5305490.19,eurofolic,true
MED#11880,11880,94224/01,EUROFOLIC,,10mg/ml,5Vials of 10ml,Solution for injection,Kleva Pharmaceuticals S.A.,New Europharm,Greece,5872591.7250000015,eurofolic,true
MED#1309,1309,973424/01,EUTHYROX,,25mcg,100,Tablet,Merck Healthcare KGaA,Food & Drug Corporation FDC,Germany,256673.91750000004,euthyrox,true
MED#1310,1310,973425/01,EUTHYROX,,50mcg,100,Tablet,Merck Healthcare KGaA,Food & Drug Corporation FDC,Germany,391058.1675000001,euthyrox,true
MED#1311,1311,973427/01,EUTHYROX,,100mcg,100,Tablet,Merck Healthcare KGaA,Food & Drug Corporation FDC,Germany,452874.9225000001,euthyrox,true
MED#1312,1312,973426/01,EUTHYROX,,150mcg,100,Tablet,Merck Healthcare KGaA,Food & Drug Corporation FDC,Germany,615479.865,euthyrox,true
MED#4596,4596,195091,EVA TABLET,,60mg,30,Tablet,Pharmadex,Pharmadex,Lebanon,1354081.3000000003,eva tablet,true
MED#6917,6917,166518/11,EVAFLOX,,400mg,5,"Tablet, film coated",EVA Pharma for Pharmaceuticals and Medical Appliances,C. Catafago & Co,Egypt,669233.5650000001,evaflox,true
MED#10622,10622,141820/1,EVENITY,,105mg/1.17ml,2 single use pre-filled syringe,Injection,Patheon Italia SpA,Mersaco,Italy,56729091.342,evenity,true
MED#10481,10481,2220/1,EVEROLIMUS ARROW,,2.5mg,30,Tablet,Ethypharm,Darapharma S.A.L.,France,57802039.48573681,everolimus arrow,true
MED#10482,10482,2320/1,EVEROLIMUS ARROW,,5mg,30,Tablet,Ethypharm,Darapharma S.A.L.,France,73160278.741557,everolimus arrow,true
MED#10483,10483,2420/1,EVEROLIMUS ARROW,,10mg,30,Tablet,Ethypharm,Darapharma S.A.L.,France,91752763.60031576,everolimus arrow,true
MED#11380,11380,113021/1,EVEROLIMUS BIOGARAN,,2.5mg,30,Comprimé,Ethypharm,Commercial and Trading Ressources SAL (CTR),France,52290377.685,everolimus biogaran,true
MED#11381,11381,113121/1,EVEROLIMUS BIOGARAN,,5mg,30,Comprimé,Ethypharm,Commercial and Trading Ressources SAL (CTR),France,89386346.99859375,everolimus biogaran,true
MED#11382,11382,113221/1,EVEROLIMUS BIOGARAN,,10mg,30,Comprimé,Ethypharm,Commercial and Trading Ressources SAL (CTR),France,124701632.19937496,everolimus biogaran,true
MED#7266,7266,97675/11,EVOLTRA,,1mg/ml,1Vial,Concentrate for solution for infusion,Sanofi Winthrop Industrie,Mersaco,France,91416937.066875,evoltra,true
MED#12034,12034,98222/1,EVOLTU ONKO,,20mg/20ml,,Concentrate for solution for infusion,Onko Ilac Sanayi Ve Tic AS,Germanos Health Care Supplies SARL,Turkey,59933383.23000001,evoltu onko,true
MED#11939,11939,64522/1,EVOXIL HELLAS,,500mg/100ml,1 vial of 100ml,Injectable solution for infusion,Pharmathen SA,Bellapharma S.A.R.L.,Greece,959503.545,evoxil hellas,true
MED#12038,12038,20722/1,EVRYSDI,,0.75mg/ml,1Bottle,Powder for oral solution,F. Hoffmann La Roche Ltd,Omnipharma,Switzerland,865644066.7642031,evrysdi,true
MED#11046,11046,78421/1,EXACYL,,0.5g/5ml,5Ampoules of 5ml,Solution for IV injection,Delpharm Dijon,Mersaco,France,748520.2725000002,exacyl,true
MED#10643,10643,53221/1,EXALL FORTE,,,120ml,Syrup,Algorithm S.A.L.,Droguerie de l'Union,Lebanon,501701.20000000007,exall forte,true
MED#5711,5711,221415/08,EXELON TRANSDERMAL PATCH 10,,9.5mg/24h,30,transdermal patches,LTS Lohmann Therapie System,Khalil Fattal & Fils S.A.L.,Germany,2457887.9325,exelon transdermal patch 10,true
MED#8491,8491,112415/1,EXELON TRANSDERMAL PATCH 15,,13.3mg/24h,30,transdermal patches,LTS Lohmann Therapie System AG,Khalil Fattal & Fils S.A.L.,Germany,7582922.346825002,exelon transdermal patch 15,true
MED#5710,5710,221416/08,EXELON TRANSDERMAL PATCH 5,,4.6mg/24h,30,transdermal patches,LTS Lohmann Therapie System,Khalil Fattal & Fils S.A.L.,Germany,2457887.9325,exelon transdermal patch 5,true
MED#8979,8979,132816/1,EXEMESTANE,,25mg,30,"Tablet, film coated",Accord Healthcare Limited,Mediterranean Pharmaceutical Company,UK,1222896.675,exemestane,true
MED#7440,7440,186512/13,EXEMESTANE ARROW,,25mg,30,"Tablet, film coated",Eirgen Pharma Ltd,Darapharma S.A.L.,Ireland,3386483.1,exemestane arrow,true
MED#10599,10599,19020/1,EXEMESTANE BGR,,25mg,30,Comprimés pelliculés,Synthon Hispania SL,Commercial and Trading Ressources SAL (CTR),Spain,4479027.0525,exemestane bgr,true
MED#7688,7688,187093/13,EXEMESTANE GENEPHARM,,25mg,30,"Tablet, film coated",Genepharm SA,Nobel Pharm Plus SARL,Greece,1286662.0016250003,exemestane genepharm,true
MED#11629,11629,110222/1,EXEMESTANE PHARMINICIO,,25mg,30,"Tablet, film coated",Pharminicio SL,Mediterranean Pharmaceutical Company,Spain,1158392.235,exemestane pharminicio,true
MED#7121,7121,096579/12,EXENTA,,10mg,30,"Tablet, film coated",Algorithm S.A.L.,Droguerie de l'Union,Lebanon,1057156.1,exenta,true
MED#11028,11028,141420/1,EXENTAZIL,,28/10mg,30,Capsule,"Algorithm S.A.L. (Packager and final batch releaser), Macleods Pharmaceuticals Limited, India (Bulk mamufacturer)",Droguerie de l'Union,Lebanon,4363008.649999999,exentazil,true
MED#11029,11029,141320/1,EXENTAZIL,,14/10mg,30,Capsule,"Algorithm S.A.L. (Packager and final batch releaser), Macleods Pharmaceuticals Limited, India (Bulk mamufacturer)",Droguerie de l'Union,Lebanon,3117714.5999999996,exentazil,true
MED#11777,11777,137823/1,EXFORGE,,5/160mg,28,"Tablet, film coated",Novartis Farma SpA,Khalil Fattal & Fils S.A.L.,Italy,1333091.7600000002,exforge,true
MED#11778,11778,137923/1,EXFORGE,,10/160mg,28,"Tablet, film coated",Novartis Farma SpA,Khalil Fattal & Fils S.A.L.,Italy,1333091.7600000002,exforge,true
MED#11779,11779,138123/1,EXFORGE HCT,,5/160/25 mg,28,"Tablet, film coated",Novartis Farma SpA,Khalil Fattal & Fils S.A.L.,Italy,1333091.7600000002,exforge hct,true
MED#11780,11780,138323/1,EXFORGE HCT,,10/160/25 mg,28,"Tablet, film coated",Novartis Farma SpA,Khalil Fattal & Fils S.A.L.,Italy,1417753.8375000001,exforge hct,true
MED#11781,11781,138023/1,EXFORGE HCT,,5/160/12.5 mg,28,"Tablet, film coated",Novartis Farma SpA,Khalil Fattal & Fils S.A.L.,Italy,1333091.7600000002,exforge hct,true
MED#11782,11782,138223/1,EXFORGE HCT,,10/160/12.5 mg,28,"Tablet, film coated",Novartis Farma SpA,Khalil Fattal & Fils S.A.L.,Italy,1417753.8375000001,exforge hct,true
MED#11088,11088,105720/1,EXODERIL,,1%,10ml,Solution,Globopharm Pharmazeut Prod.U.Handels GmbH,Khalil Fattal & Fils S.A.L.,Austria,159917.25750000004,exoderil,true
MED#2748,2748,26117,EXODERIL,,,30g,Cream,Merck KGaA & Co,Khalil Fattal & Fils S.A.L.,Austria,345367.5224999999,exoderil,true
MED#7255,7255,218721/10,EXOFEN,,120mg,15,"Tablet, film coated",The United Pharmaceutical Manufacturing Co Ltd,Premium Serve Drugstore Co. P.S.D. SAL,Jordan,287582.2950000001,exofen,true
MED#7256,7256,218722/10,EXOFEN,,180mg,15,"Tablet, film coated",The United Pharmaceutical Manufacturing Co Ltd,Premium Serve Drugstore Co. P.S.D. SAL,Jordan,287582.2950000001,exofen,true
MED#2288,2288,27737,EXOMUC,,,30,Sachet,Sophartex,Droguerie de l'Union,France,712236.5249999999,exomuc,true
MED#6264,6264,167548/10,EXONAR,,40mg,28,"Capsule, delayed release",Algorithm S.A.L.,Droguerie de l'Union,Lebanon,639925,exonar,true
MED#6265,6265,167549/10,EXONAR,,20mg,28,"Capsule, delayed release",Algorithm S.A.L.,Droguerie de l'Union,Lebanon,511940.00000000006,exonar,true
MED#11072,11072,163520/1,EXTRA STRENGTH HEADACHE RELIEF,,,Box of 20,Tablet,Allegiant Health,Medis Pharm Drugstore,USA,353430.5775000001,extra strength headache relief,true
MED#3600,3600,195044/04,EXTRANEAL (ICODEXTRIN 7.5%) SINGLE BAG,,7.5%,2000ml,Solution,Baxter Healthcare SA,Abela Frères S.A.L.,Ireland,1998025.0290000003,extraneal icodextrin 7 5 single bag,true
MED#3599,3599,195043/04,EXTRANEAL (ICODEXTRIN 7.5%) TWIN BAG,,7.5%,2000ml,Solution,Baxter Healthcare SA,Abela Frères S.A.L.,Ireland,1998025.0290000003,extraneal icodextrin 7 5 twin bag,true
MED#12162,12162,1325/1,EYLEA,,114.3mg/ml (8mg/0.07ml),1Vial,Injectable solution,Bayer AG,Droguerie R. Pharaon & Fils S.A.L.,Germany,78332038.029,eylea,true
MED#7420,7420,185991/13,EYLEA,,40mg/ml,1Vial,Injectable solution,Bayer AG,Droguerie R. Pharaon & Fils S.A.L.,Germany,65161855.269,eylea,true
MED#12332,12332,17923/1,EZ-ONE,,1.5mg,1,Tablet,Naari Pharma Private Limited,Raymond Georges Abou Adal & Co,India,722987.265,ez one,true
MED#10814,10814,62020/1,EZETIMIBE BIOGARAN,,10mg,30,Comprimés,Egis Pharmaceuticals PLC,Commercial and Trading Ressources SAL (CTR),Hungary,1894817.9250000003,ezetimibe biogaran,true
MED#5278,5278,222422/08,EZETRALEX,,10mg,30,Tablet,Benta SAL,Benta Trading Co s.a.l.,Lebanon,972686.0000000002,ezetralex,true
MED#9063,9063,163316/1,EZETROL,,10mg,28,Tablet,"Algorithm S.A.L. under license from Organon GmbH Weystrasse 20, 6006 Luzern, Switzerland",Droguerie de l'Union,Lebanon,3680848.6,ezetrol,true
MED#10155,10155,118319/1,FABRAZYME,,35mg,1Vial,Powder for concentrate for solution for infusion,Genzyme Ireland Ltd,Mersaco,Ireland,295038213.35296875,fabrazyme,true
MED#1808,1808,767292/00,FAMODAR 20,,20mg,20,"Tablet, film coated",Dar Al Dawa Development & Investment Co Ltd,Sadco,Jordan,552319.2675,famodar 20,true
MED#1809,1809,767293/00,FAMODAR 40,,40mg,10,"Tablet, film coated",Dar Al Dawa Development & Investment Co Ltd,Sadco,Jordan,552319.2675,famodar 40,true
MED#11827,11827,27024/1,FAMONOR,,20mg,28,FCT,Normon SA,Droguerie Phenicia,Spain,220390.17000000004,famonor,true
MED#11828,11828,27124/1,FAMONOR,,40mg,28,FCT,Normon SA,Droguerie Phenicia,Spain,439436.4975000001,famonor,true
MED#12263,12263,113022/1,FARCOTILIUM,,10mg,24,"Capsule, soft gelatin",Safe Pharma,C. Catafago & Co,Egypt,146478.83250000002,farcotilium,true
MED#1848,1848,208013/03,FARCOTILIUM,,,120ml,Suspension,Pharco Pharmaceuticals,C. Catafago & Co,Egypt,115570.455,farcotilium,true
MED#9938,9938,21219/1,FARMODOXI,,100mg,10,Tablet,Laboratorio Farmacologico Milanese SRL,Droguerie Phenicia,Italy,310427.6175,farmodoxi,true
MED#10762,10762,128820/1,FASENRA,,30mg,1prefilled pen,Solution for injection,"Catalent Indiana, LLC",Omnipharma,USA,214213273.12875,fasenra,true
MED#6863,6863,97210/12,FASLODEX,,250mg/5ml,2 Prefilled syringes +2 safety needles,Injectable solution,Vetter Pharma- Fertigung GmbH & Co KG,Omnipharma,Germany,46628556.84900001,faslodex,true
MED#11553,11553,121023/1,FASTUM,,2.5%,100g,Gel,A. Menarini Manufacturing Logistics and Services SRL,Mersaco,Italy,337304.4675,fastum,true
MED#3683,3683,261367,FASTUM,,2.5%,50g,Gel,A. Menarini Manufacturing Logistics and Services SRL,Mersaco,Italy,177387.21000000002,fastum,true
MED#3180,3180,27656,FAVERIN,,100mg,30,"Tablet, film coated",Mylan Laboratories SAS,Abela Frères S.A.L.,France,1291432.6424999998,faverin,true
MED#12335,12335,108425/1,FAZOL 150,,150mg,4,Capsule,"Chaoul Pharmaceuticals (Cha-pha) SAL, Lebanon (Packing) Manufactured by Fulton Medicinali SpA, Italy",Pharmamedic S.A.R.L.,Lebanon,623467.805961,fazol 150,true
MED#10669,10669,70821/1,FEBRADOL,,500mg,100,Tablet,Pharmaline SAL,Pharmaline S.A.L.,Lebanon,327641.60000000003,febradol,true
MED#11816,11816,41023/1,FEBRADOL JOINT,,665mg,30,Tablet,Pharmaline SAL,Pharmaline S.A.L.,Lebanon,289246.1,febradol joint,true
MED#4597,4597,22323,FEBRIDEX ELIXIR,,100mg/5ml,125ml,Elixir,Pharmadex,Pharmadex,Lebanon,262369.25,febridex elixir,true
MED#10690,10690,58220/1,FEBUXOSTAT ARROW,,80mg,28,"Tablet, film coated",APL Swift Services (Malta) Limited,Darapharma S.A.L.,Malta,1084480.8975,febuxostat arrow,true
MED#10691,10691,58320/1,FEBUXOSTAT ARROW,,120mg,28,"Tablet, film coated",APL Swift Services (Malta) Limited,Darapharma S.A.L.,Malta,1084480.8975,febuxostat arrow,true
MED#10098,10098,161519/1,FEBUXOSTAT BIOGARAN,,120mg,28,Comprimés pelliculés,Bluepharma Industria Farmaceutica SA,Commercial and Trading Ressources SAL (CTR),Portugal,1182581.4000000001,febuxostat biogaran,true
MED#10099,10099,161419/1,FEBUXOSTAT BIOGARAN,,80mg,28,Comprimés pelliculés,Bluepharma Industria Farmaceutica SA,Commercial and Trading Ressources SAL (CTR),Portugal,1182581.4000000001,febuxostat biogaran,true
MED#10367,10367,83820/1,FEIBA,,500U (50U/ml),1Vial + 1Vial of solvent 10ml with baxject II device,Powder and solvent for solution for intravenous injection,Takeda Manufacturing Austria AG,Abela Frères S.A.L.,Austria,40480699.12807453,feiba,true
MED#10368,10368,83920/1,FEIBA,,1000U (50U/ml),1Vial + 1Vial of solvent 20ml with baxject II device,Powder and solvent for solution for intravenous injection,Takeda Manufacturing Austria AG,Abela Frères S.A.L.,Austria,79869611.62127052,feiba,true
MED#6236,6236,167184/10,FEMAPLEX,,2.5mg,30,"Tablet, fim coated",Genepharm SARL,Nobel Pharm Plus SARL,Greece,1583046.465,femaplex,true
MED#890,890,236201/98,FEMARA,,2.5mg,30,"Tablet, film coated",Novartis Pharma Stein AG,Khalil Fattal & Fils S.A.L.,Switzerland,3433517.5874999994,femara,true
MED#7306,7306,218694/10,FEMAZOL,,2.5mg,30,"Tablet, film coated",Benta SAL,Benta Trading Co s.a.l.,Lebanon,1433432,femazol,true
MED#5292,5292,194488/05,FENADEX 120,,120mg,15,"Tablet, film coated",The Jordanian Pharmaceutical Manufacturing & Co Ltd,C. Catafago & Co,Jordan,295645.35000000003,fenadex 120,true
MED#5988,5988,222387/08,FENADEX 180,,180mg,15,"Tablet, film coated",The Jordanian Pharmaceutical Manufacturing Co. (JPM),C. Catafago & Co,Jordan,295645.35000000003,fenadex 180,true
MED#10120,10120,117219/1,FENISTIL,,,30g,Gel,Haleon CH SARL,Sadco,Switzerland,196201.005,fenistil,true
MED#12511,12511,124624/1,FENOFIBRATE ARROW,,145mg,30,"Tablet, film coated",APL Swift Services (Malta) Limited,Darapharma S.A.L.,Malta,639669.0300000001,fenofibrate arrow,true
MED#12559,12559,127225/1,FENOFIBRATE ARROW,,160mg,90,Tablet,BTT,Darapharma S.A.L.,France,1803436.6350000005,fenofibrate arrow,true
MED#7727,7727,186994/14,FENOFIBRATE ARROW,,160mg,30,Tablet,BTT,Darapharma S.A.L.,France,639669.03,fenofibrate arrow,true
MED#3367,3367,974210/01,FENOGAL,,200mg,30,Gélule,SMB Technology SA,Pharmamedic S.A.R.L.,Belgium,392402.01,fenogal,true
MED#12607,12607,174925/1,FENOGAL CHAPHA,,200mg,30,Capsule,"Chaoul Pharmaceuticals (Cha-pha) SAL, Lebanon (Packing) Manufactured by SMB Technology SA, Belgium",Pharmamedic S.A.R.L.,Lebanon,500867.4220550001,fenogal chapha,true
MED#12604,12604,174825/1,FENOSUP CHAPHA,,160mg,30,Gélule,"Chaoul Pharmaceuticals (Cha-pha) SAL, Lebanon (Packing) Manufactured by SMB Technology SA, Belgium",Pharmamedic S.A.R.L.,Lebanon,980803.0712480003,fenosup chapha,true
MED#5856,5856,218806/09,FENOSUP LIDOSE,,160mg,30,Gélule,SMB Technology SA,Pharmamedic S.A.R.L.,Belgium,774053.2800000001,fenosup lidose,true
MED#8922,8922,141714/1,FENTANYL MEDIS,,0.5mg/10ml,10 ampoules x 10ml,Injectable solution,Les Laboratoires Medis,Medis Pharm Drugstore,Tunisia,1190644.455,fentanyl medis,true
MED#8856,8856,155916/1,FENTANYL PANPHARMA,,0.5mg/10ml,10Amp,Solution injectable IV et péridurale,Panpharma GmbH,Minapharm Halabi,Germany,1243054.3125,fentanyl panpharma,true
MED#8857,8857,155816/1,FENTANYL PANPHARMA,,0.1mg/2ml,10Ampoules,Injectable solution IV/Péridurale,Panpharma GmbH,Minapharm Halabi,Germany,1101950.85,fentanyl panpharma,true
MED#11111,11111,121122/1,FEOSTA,,200mg,1000,"Tablet, film coated",Pharmadex,Pharmadex,Lebanon,9355300.1235,feosta,true
MED#9481,9481,22115/1,FEOSTA,,200mg,60,"Tablet, film coated",Pharmadex,Pharmadex,Lebanon,682160.05,feosta,true
MED#8728,8728,71316/1,FER PANPHARMA,,100mg/5ml,5 ampoules,Solution à diluer pour perfusion,Panpharma,Minapharm Halabi,France,2315440.6275,fer panpharma,true
MED#8729,8729,66216/1,FER PANPHARMA,,100mg/5ml,5 ampoules,Solution a diluer pour perfusion,Rafarm SA,Minapharm Halabi,Greece,2315440.6275,fer panpharma,true
MED#12025,12025,116324/1,FERAPPLIC,,500mg/10ml,5Vials,Dispersion for injection/ infusion,Lek Pharmaceuticals dd,Khalil Fattal & Fils S.A.L.,Slovenia,34231559.04,ferapplic,true
MED#6239,6239,167494/10,FERINJECT,,50mg Iron/ml,1 vial x 10ml,Injectable solution for infusion,IDT Biologika GmbH,Abela Frères S.A.L.,Germany,10212033.01125,ferinject,true
MED#7023,7023,97534/11,FEROMAX,,,5 Ampoules x 5ml,Injectable solution,Julphar,Pharmanet Drugstore S.A.R.L.,United Arab Emirates,2213308.5974999997,feromax,true
MED#5046,5046,208352/02,FERPLEX,,800mg,10flacons oral,,Italfarmaco SA,Droguerie Phenicia,Spain,1202739.0374999999,ferplex,true
MED#7974,7974,141614/1,FERRASIL,,100mg/5ml,5Ampoules,Injectable solution for IV use,Arwan Pharmaceutical Industries Lebanon SAL,Raymond Georges Abou Adal & Co,Lebanon,2194046.8549999995,ferrasil,true
MED#5342,5342,222404/08,FERRATE,,20mg/ml (iron element),100ml,Suspension,Fratum Pharma Inc,Venus Drugstore,Canada,667889.7224999999,ferrate,true
MED#7882,7882,186953/14,FERRICURE,,150mg,28,Gélule,SA Laboratoires Pharmaceutiques Trenker,Biopharm,Belgium,1001162.6624999999,ferricure,true
MED#9992,9992,60919/1,FERVEX ADULTS,,,8Sachets,Granules for oral solution,"UPSA SAS, Le Passage",Pacific pharma,France,425998.0725,fervex adults,true
MED#9991,9991,61119/1,FERVEX ADULTS RASPBERRY,,,8Sachets,Granules for oral solution,"UPSA SAS, Le Passage",Pacific pharma,France,425998.0725,fervex adults raspberry,true
MED#9990,9990,61219/1,FERVEX ADULTS SUGAR FREE,,,8Sachets,Granules for oral solution,"UPSA SAS, Le Passage",Pacific pharma,France,425998.0725,fervex adults sugar free,true
MED#9989,9989,61019/1,FERVEX CHILDREN SUGAR FREE,,,8Sachets,Granules for oral solution,"UPSA SAS, Le Passage",Pacific pharma,France,425998.0725,fervex children sugar free,true
MED#12003,12003,3325/1,FEVERAL,,100mg/5ml,1glass bottle of 100ml,Oral suspension,Alfa Laboratoires S.A.L.,Medis Pharm Drugstore,Lebanon,309723.7,feveral,true
MED#10489,10489,187419/1,FIBRYGA,,1g,1bottle powder + 1bottle solvent for IV use,Powder and solvent for solution for injection/ infusion,Octapharma AB,Mediterranean Pharmaceutical Company,Sweden,40915563.2962041,fibryga,true
MED#12588,12588,85625/1,FIGOFLEX,,0.5mg,28,"Capsule, hard","Algorithm S.A.L., Zekrit, Lebanon (Secondary Packager) Manufacturer: Genepharm SA, Greece (Bulk Manufacturer and Primary Packager)",Droguerie de l'Union,Lebanon,23372388,figoflex,true
MED#7184,7184,186478/12,FINACOR,,160mg,30,Capsule,"Mediphar Laboratories under licence of Zeon Health Industries, India",Pharmapro,Lebanon,774309.25,finacor,true
MED#3853,3853,973448/01,FINALLERG,,10mg,20,Tablet,Pharma International Co,Picomed SARL,Jordan,342679.83749999997,finallerg,true
MED#3854,3854,208362/02,FINALLERG,,1mg/ml,100ml,Solution,Pharma International Co,Picomed SARL,Jordan,170667.9975,finallerg,true
MED#8070,8070,93514/1,FINASTEKERN,,5mg,28,"Tablet, film coated",Kern Pharma SL,Power Pharm S.A.R.L.,Spain,560382.3225,finastekern,true
MED#9081,9081,175416/1,FINASTERIDE,,5mg,28,"Tablet, film coated",Accord Healthcare Limited,Mediterranean Pharmaceutical Company,UK,356118.2625,finasteride,true
MED#9317,9317,116317/1,FINASTERIDE ARROW LAB,,5mg,28,"Tablet, film coated",APL Swift Services (Malta) Limited,Darapharma S.A.L.,Malta,516035.52,finasteride arrow lab,true
MED#11593,11593,126623/1,FINASTERIDE BAILLEUL,,1mg,28,"Tablet, film coated",AJC Pharma,Pharmamedic S.A.R.L.,France,1619330.2125000006,finasteride bailleul,true
MED#8588,8588,2216/1,FINASTERIDE BAILLEUL,,1mg,28,"Tablet, film coated",Kern Pharma SL,Pharmamedic S.A.R.L.,Spain,1619330.2125000001,finasteride bailleul,true
MED#11928,11928,121524/1,FINGOLIMOD ZENTIVA,,0.5mg,28,"Capsule, hard",Labormed Pharma SA,Droguerie Mercury S.A.L.,Romania,32406714.900000002,fingolimod zentiva,true
MED#12112,12112,144024/1,FINJUVE,,2.275mg/ml,1Bottle (180sprays) +1separate cone,Cutaneous spray solution,"Almirall Hermal GmbH, under license of Polichem SA an Almirall Company",Droguerie de l'Union,Germany,6708461.760000002,finjuve,true
MED#7601,7601,222913/10,FINOFIB BENTA,,160mg,30,"Tablet, film coated",Benta SAL,Benta Trading Co s.a.l.,Lebanon,788387.6000000001,finofib benta,true
MED#6231,6231,219265/09,FIRMAGON,,80mg,1Vial with 80mg degarelix (powdre) + 1 prefilled Syringe with 4.2ml solvent +1plunger rod +1vial adaptor +1injection needle,Powder and solvent for solution for injection,Ferring GmbH,Sadco,Germany,13361634.644400002,firmagon,true
MED#6232,6232,219266/09,FIRMAGON,,120mg,2Vial with 120mg degarelix (powdre) + 2 prefilled Syringe with 3ml solvent +2plunger rod +2vial adaptor +2injection needle,Powder and solvent for solution for injection,Ferring GmbH,Sadco,Germany,24325801.6428,firmagon,true
MED#5763,5763,219494/10,FIXIM,,400mg,10,"Capsule, hard",Normon SA,Droguerie Phenicia,Spain,1435223.79,fixim,true
MED#7837,7837,59414/1,FIXIM,,200mg,14,"Capsule, hard",Normon SA,Droguerie Phenicia,Spain,890967.5775,fixim,true
MED#1747,1747,405525/00,FLAGYL,,500mg,14,Comprimé pelliculé,Sanofi Aventis SA,C. Catafago & Co,Spain,310427.6175,flagyl,true
MED#2579,2579,20528,FLAGYL,,500mg,10,Ovule,Unither Liquid Manufacturing,C. Catafago & Co,France,249954.70499999996,flagyl,true
MED#2222,2222,208346/97,FLECAINE,,100mg,30,Tablet,Rottapharm Ltd,Omnipharma,Ireland,878872.995,flecaine,true
MED#9472,9472,11518/1,FLECAINIDE ARROW LAB,,100mg,30,"Tablet, scored",APL Swift Services (Malta) Limited,Darapharma S.A.L.,Malta,588603.0150000001,flecainide arrow lab,true
MED#10815,10815,182120/1,FLECAINIDE BIOGARAN L.P.,,100mg,30,Gélules a libération prolongée,Laboratorios Liconsa SA,Commercial and Trading Ressources SAL (CTR),Spain,1154360.7075000003,flecainide biogaran l p,true
MED#10816,10816,182020/1,FLECAINIDE BIOGARAN L.P.,,50mg,30,Gélules a libération prolongée,Laboratorios Liconsa SA,Commercial and Trading Ressources SAL (CTR),Spain,1154360.7075000003,flecainide biogaran l p,true
MED#767,767,208383/97,FLECTOR E.P,,50mg,10,Granules,IBSA,Alisar Pharma Corp,Switzerland,503940.9375,flector e p,true
MED#765,765,236711/99,FLECTOR E.P TISSUGEL,,,5,Plasters,Altegron Italia Srl,Alisar Pharma Corp,Italy,1204082.8800000001,flector e p tissugel,true
MED#10772,10772,20822/1,FLEXIVIR,,50mg,1single dose vial,Sterile lyophilized powder for solution for infusion,Arwan Pharmaceutical Industries Lebanon SAL,Raymond Georges Abou Adal & Co,Lebanon,4837833,flexivir,true
MED#7738,7738,185957/13,FLEXPRO EXTRA,,,20,"Tablet, film coated",Medical Union Pharmaceuticals (MUP),Macromed S.A.R.L.,Egypt,337304.46749999997,flexpro extra,true
MED#10107,10107,63819/1,FLIXOTIDE EVOHALER,,50mcg,120metered actuations,Suspension for inhalation,GlaxoWellcome Production,Abela Frères S.A.L.,France,671921.25,flixotide evohaler,true
MED#10179,10179,106119/1,FLIXOTIDE EVOHALER,,125mcg,60 metered actuations,Suspension for inhalation,GlaxoWellcome Production,Abela Frères S.A.L.,France,802273.9725,flixotide evohaler,true
MED#10180,10180,106019/1,FLIXOTIDE EVOHALER,,250mcg,60 metered actuations,Suspension for inhalation,GlaxoWellcome Production,Abela Frères S.A.L.,France,1484945.9625000001,flixotide evohaler,true
MED#10745,10745,170120/1,FLOBIOX,,750mg,5,"Tablet, film coated","Algorithm S.A.L. (Packager and final batch releaser), Macleods Pharmaceuticals Limited, India (Bulk mamufacturer)",Droguerie de l'Union,Lebanon,945809.15,flobiox,true
MED#10746,10746,170220/1,FLOBIOX,,500mg,5,"Tablet, film coated","Algorithm S.A.L. (Packager and final batch releaser), Macleods Pharmaceuticals Limited, India (Bulk mamufacturer)",Droguerie de l'Union,Lebanon,629686.2000000001,flobiox,true
MED#10747,10747,170320/1,FLOBIOX,,500mg,7,"Tablet, film coated","Algorithm S.A.L. (Packager and final batch releaser), Macleods Pharmaceuticals Limited, India (Bulk mamufacturer)",Droguerie de l'Union,Lebanon,794786.85,flobiox,true
MED#5146,5146,194475/05,FLOCAZOLE,,150mg,1,Capsule,Spimaco,Khalil Fattal & Fils S.A.L.,Saudi Arabia,172011.84,flocazole,true
MED#7697,7697,187449/13,FLOREXA,,,30g,Cream,Pella Pharmaceuticals Co Ltd,Premium Serve Drugstore Co. P.S.D. SAL,Jordan,3527586.5625,florexa,true
MED#11923,11923,18123/1,FLORIANCE 10,,10mg,30,"Tablet, film coated",Benta SAL,Benta Trading Co s.a.l.,Lebanon,1791789.9999999998,floriance 10,true
MED#11922,11922,18223/1,FLORIANCE 25,,25mg,30,"Tablet, film coated",Benta SAL,Benta Trading Co s.a.l.,Lebanon,1791789.9999999998,floriance 25,true
MED#12063,12063,18323/1,FLORIMET 12.5/1000,,12.5mg/1000mg,60,"Tablet, film coated",Benta SAL,Benta Trading Co s.a.l.,Lebanon,1836584.7499999998,florimet 12 5 1000,true
MED#12062,12062,18423/1,FLORIMET 5/1000,,5mg/1000mg,60,"Tablet, film coated",Benta SAL,Benta Trading Co s.a.l.,Lebanon,1836584.7499999998,florimet 5 1000,true
MED#12429,12429,100025/1,FLOWVIX,,90mg,60,"Tablet, film coated",Pharmaline SAL,Pharmaline S.A.L.,Lebanon,2700483.5000000005,flowvix,true
MED#7932,7932,185926/13,FLOXEDOL,,3mg/ml,10ml,Eye gel,Laboratorio Edol Produtos Farmaceuticos SA,Abela Frères S.A.L.,Portugal,339992.15249999997,floxedol,true
MED#9918,9918,152018/1,FLOXIGEN,,3mg/ml,10ml,Eye drops solution,Farmigea SpA,New Larys Pharm SARL,Italy,358805.9475,floxigen,true
MED#12519,12519,67523/1,FLOXILEVO,,500mg,7,"Tablet, film coated",Deva Holding AS,New Europharm,Turkey,690735.0450000002,floxilevo,true
MED#9666,9666,185935/13,FLOXIMOX,,400mg,7,"Tablet, film coated",Benta SAL,Benta Trading Co s.a.l.,Lebanon,1062275.5000000002,floximox,true
MED#8739,8739,187348/13,FLOXIN-L 500,,500mg,7,"Tablet, film coated",Benta SAL,Benta Trading Co s.a.l.,Lebanon,831902.5,floxin l 500,true
MED#12409,12409,77324/1,FLUCOKEY,,150mg,1,Capsule,Pharminicio SL,Mediterranean Pharmaceutical Company,Spain,103475.87250000003,flucokey,true
MED#12659,12659,113725/1,FLUCONAZOLE ARROW LAB,,200mg,7,Gélules,Generis Farmaceutica SA,Karout pharmacy,Portugal,3918644.730000001,fluconazole arrow lab,true
MED#5309,5309,221197/08,FLUCONAZOLE PANPHARMA,,2mg/ml (200mg/100ml),10 poches,Solution pour perfusion,Altan Pharmaceuticals SA,Minapharm Halabi,Spain,11256652.439025002,fluconazole panpharma,true
MED#12266,12266,164323/1,FLUCTOBAR,,100mg/50ml,1Vial,Solution for IV infusion,Global Pharmaceutical Industries,Droguerie Pentamed,Egypt,522754.7325000001,fluctobar,true
MED#9246,9246,78717/1,FLUDALT DUO,,50mcg/100mcg,60hard capsules + 1inhaler,Inhalation powder,"Pharmaline under license from Exeltis Healthcare SL, Spain",Pharmaline S.A.L.,Lebanon,1777705.5666370003,fludalt duo,true
MED#9247,9247,78617/1,FLUDALT DUO,,50mcg/250mcg,60hard capsules + 1inhaler,Inhalation powder,"Pharmaline under license from Exeltis Healthcare SL, Spain",Pharmaline S.A.L.,Lebanon,2487890.717312,fludalt duo,true
MED#9248,9248,78517/1,FLUDALT DUO,,50mcg/500mcg,60hard capsules + 1inhaler,Inhalation powder,"Pharmaline under license from Exeltis Healthcare SL, Spain",Pharmaline S.A.L.,Lebanon,3169668.4619600005,fludalt duo,true
MED#5679,5679,218031/09,FLUDARABIN EBEWE,,50mg/2ml,1 vialx 2ml,Injection,Fareva Unterach GmbH,Khalil Fattal & Fils S.A.L.,Austria,8081165.4861,fludarabin ebewe,true
MED#11012,11012,55021/1,FLUDARABINE PHOSPHATE NEAPOLIS,,25mg/ml,1Vial,Injectable solution,Neapolis Pharma,Medis Pharm Drugstore,Tunisia,4031527.500000001,fludarabine phosphate neapolis,true
MED#2548,2548,78829/98,FLUDEX,,1.5mg,30,Comprimé pelliculé à libération prolongée,Les Laboratoires Servier Industrie,Khalil Fattal & Fils S.A.L.,France,517379.3625000001,fludex,true
MED#4415,4415,25656,FLUDINIUM,,,30,Capsule,Mediphar Laboratories,Pharmamedic S.A.R.L.,Lebanon,386514.70000000007,fludinium,true
MED#1239,1239,26887,FLUIBRON,,,200ml,Syrup,Chiesi Farmaceutici SpA,Sadco,Italy,329241.41250000003,fluibron,true
MED#5912,5912,221710/08,FLUIMUCIL,,600mg,10,Tablet effervescent,Zambon Switzerland Ltd,BiofinPharma Middle East S.A.L.,Switzerland,567101.535,fluimucil,true
MED#5913,5913,221700/08,FLUIMUCIL MUCOLYTIC,,100mg/5ml (2%),150ml,Syrup,Zambon SpA,BiofinPharma Middle East S.A.L.,Italy,595322.2275,fluimucil mucolytic,true
MED#11664,11664,86423/1,FLUISEDAL,,,150ml,Sirop,"Chaoul Pharmaceuticals (Cha-pha) SAL under license by Elerte, France",Pharmamedic S.A.R.L.,Lebanon,572633.5004390001,fluisedal,true
MED#2521,2521,78772,FLUISEDAL,,,125ml,Sirop,Elerte,Pharmamedic S.A.R.L.,France,382995.1125,fluisedal,true
MED#12460,12460,57023/1,FLUKAS,,150mg,1,Capsule,Les Laboratoires Medis,Medis Pharm Drugstore,Tunisia,147822.67500000005,flukas,true
MED#12591,12591,142723/1,FLUKAS 200,,2mg/ml,1Vial 100ml,Solution for injection,Les Laboratoires Medis,Medis Pharm Drugstore,Tunisia,1273962.69,flukas 200,true
MED#12590,12590,67225/1,FLUMID,,14mg,28,"Tablet, film coated","Algorithm S.A.L., Zekrit, Lebanon (Secondary Packager) Manufacturer: Genepharm SA, Greece (Bulk Manufacturer and Primary Packager)",Droguerie de l'Union,Lebanon,27087998.4,flumid,true
MED#5449,5449,222473/08,FLUMIVIR,,75mg,10,Capsule,Benta SAL,Benta Trading Co s.a.l.,Lebanon,1384157.775,flumivir,true
MED#7345,7345,167086/10,FLUMIX BENTA,,,20,"Tablet, film coated",Benta SAL,Benta Trading Co s.a.l.,Lebanon,875417.4,flumix benta,true
MED#9442,9442,8718/1,FLUMIX BENTA,,,10,"Tablet, film coated",Benta SAL,Benta Trading Co s.a.l.,Lebanon,460746.00000000006,flumix benta,true
MED#1671,1671,405516/00,FLUMOX,,500mg,16,Capsule,Eipico,C. Catafago & Co,Egypt,348055.2075,flumox,true
MED#4735,4735,236407/98,FLUNAZOL,,50mg,10,Capsule,Pharmaline SAL,Pharmaline S.A.L.,Lebanon,534465.3600000001,flunazol,true
MED#4736,4736,236406/98,FLUNAZOL,,150mg,1,Capsule,Pharmaline SAL,Pharmaline S.A.L.,Lebanon,149742.45000000004,flunazol,true
MED#4737,4737,195342/04,FLUNAZOL,,50mg/5ml,35ml,Powder for suspension,Pharmaline SAL,Pharmaline S.A.L.,Lebanon,756391.3500000001,flunazol,true
MED#4417,4417,2375/94,FLUOCINOLONE ACETONIDE,,0.25mg/g,15g,Cream,Mediphar Laboratories,Pharmapro,Lebanon,296925.2,fluocinolone acetonide,true
MED#6182,6182,218338/09,FLUOMIZIN,,,6,Vaginal Tablet,Rottendorf Pharma GmbH,Elite Pharma SARL,Germany,775397.1225,fluomizin,true
MED#7214,7214,167091/10,FLUORES,,150mg,2,"Capsule, hard",Laboratorio Farmaceutico C.T S.r.l.,Soins et Santé,Italy,428685.7575,fluores,true
MED#11982,11982,83724/1,FLUORESCEIN SODIUM USP IV,,10%,10ampoules x5ml,Injectable solution,Alfa Laboratoires S.A.L.,Alfa Laboratoires S.A.L.,Lebanon,10787352.66,fluorescein sodium usp iv,true
MED#5199,5199,194467/05,FLUORESCEIN SODIUM USP IV,,10%,1ampoule x5ml,Injectable solution,Alfa Laboratoires S.A.L.,Alfa Laboratoires S.A.L.,Lebanon,1198594.74,fluorescein sodium usp iv,true
MED#12313,12313,24725/1,FLUOXETINA-Key,,20mg,14,Capsule,Pharminicio SL,Mediterranean Pharmaceutical Company,Spain,448843.395,fluoxetina key,true
MED#11060,11060,16822/1,FLUOXETINE BIOGARAN,,20mg,14,Gélule,Les Laboratoires Servier Industrie,Commercial and Trading Ressources SAL (CTR),France,239203.96500000005,fluoxetine biogaran,true
MED#12606,12606,133525/1,FLUOXETINE CHAPHA,,20mg,30,Capsule,"Chaoul Pharmaceuticals (Cha-pha), Lebanon (Packing) Manufactured by Medinfar Manufacturing SA, Portugal",Pharmamedic S.A.R.L.,Lebanon,500867.4220550001,fluoxetine chapha,true
MED#3949,3949,195495/04,FLUOXONE DIVULE,,20mg,30,"Tablet, coated",SMB Technology SA,Pharmamedic S.A.R.L.,Belgium,627574.4475000001,fluoxone divule,true
MED#4418,4418,2437/94,FLUPHENAZINE HCl,,5mg,20,"Tablet, scored",Mediphar Laboratories,Medapharm Healthcare SAL,Lebanon,624566.8,fluphenazine hcl,true
MED#8749,8749,61114/1,FLUROPTIC,,0.03% w/v,5ml,Eye Drops Solution,Cooper SA,Pharmamedic S.A.R.L.,Greece,223077.85500000004,fluroptic,true
MED#1672,1672,405517/00,FLUTIN,,20mg,20,Capsule,Eipico,United SAL,Egypt,362837.4750000001,flutin,true
MED#6030,6030,222478/08,FLUZAN,,150mg,1,Tablet,Benta SAL,Benta Trading Co s.a.l.,Lebanon,231652.85000000006,fluzan,true
MED#10561,10561,11521/1,FLUZAN 50,,50mg,10,Tablet,Benta SAL,Benta Trading Co s.a.l.,Lebanon,719275.7,fluzan 50,true
MED#6658,6658,218349/09,FOLICIL,,,60,Tablet,Laboratorios Bial- Portela & Ca SA,Levant Alie Houses S.A.L.,Portugal,584571.4875,folicil,true
MED#6657,6657,218348/09,FOLIFER,,,60,"Tablet, film coated",Laboratorios Bial- Portela & Ca SA,Levant Alie Houses S.A.L.,Portugal,1408346.9400000002,folifer,true
MED#6352,6352,166650/11,FONCITRIL 4000,,,30 Sachet dose,Granules,S.E.R.P,Ibra Haddad et Fils,Monaco,2488796.3099999996,foncitril 4000,true
MED#4419,4419,236680/99,FONGINOX,,100mg,16,Capsule,Mediphar Laboratories,Pharmapro,Lebanon,778148.8000000002,fonginox,true
MED#4420,4420,974247/01,FONGINOX,,100mg,4,Capsule,Mediphar Laboratories,Pharmapro,Lebanon,174059.60000000003,fonginox,true
MED#11127,11127,99722/1,FORACORT 200,,,120 Metered doses,Inhaler,Cipla Ltd,Droguerie de l'Union,India,2159554.8975000004,foracort 200,true
MED#11128,11128,120722/1,FORACORT 400,,,120 Metered doses,Inhaler,Cipla Ltd,Droguerie de l'Union,India,3104276.175000001,foracort 400,true
MED#2555,2555,208318,FORLAX POUDRE POUR SOLUTION BUVABLE,,,20,Sachet,Beaufour Ipsen Industrie,Droguerie de l'Union,France,450187.2375,forlax poudre pour solution buvable,true
MED#12544,12544,17026/1,FORTAMET,,850mg,30,Tablet,UBSA Pharma Industries SARL,Bee Pharm SARL,Lebanon,217574.50000000006,fortamet,true
MED#9129,9129,187456/13,FORTECARE,,1g,50 vials,Injection,Swiss Parenterals Ltd,Drugstore 3U S.A.R.L.,India,10011695.038799997,fortecare,true
MED#5742,5742,218334/09,FORTEO,,20mcg/80mcl,Prefilled pen,Injectable solution,Lilly France SAS,Droguerie de l'Union,France,24834240.9756,forteo,true
MED#2557,2557,261065,FORTRANS POUDRE POUR SOLUTION BUVABLE,,,4,Sachet,Beaufour Ipsen Industrie Distributeur: Beaufour Ipsen Pharma,Droguerie de l'Union,France,1136890.7550000001,fortrans poudre pour solution buvable,true
MED#11418,11418,61518/1,FORTYMOX,,,10ml,Sterile Ophtalmic solution,Orchidia Pharmaceutical Industries,Macromed S.A.R.L.,Egypt,772709.4375000002,fortymox,true
MED#8253,8253,78315/1,FORXIGA,,10mg,28,"Tablet, film coated",AstraZeneca Pharmaceuticals LP,Omnipharma,USA,2927964.039000001,forxiga,true
MED#5776,5776,219264/09,FOSAVANCE,,70mg/5600IU,4,Tablet,"Algorithm S.A.L. under license from Organon LLC Hudson Street, Jersey City, NJ, USA",Droguerie de l'Union,Lebanon,1988886.9000000001,fosavance,true
MED#7310,7310,97228/12,FOSEAL-800,,,10,"Tablet, film coated",Emcure Pharmaceuticals Ltd,Mediterranean Pharmaceutical Company,India,470344.8750000001,foseal 800,true
MED#8183,8183,51215/1,FOSEAL-800,,,180,"Tablet, film coated",Emcure Pharmaceuticals Ltd,Mediterranean Pharmaceutical Company,India,7977093.812100002,foseal 800,true
MED#11940,11940,112123/1,FOSFOKEY,,3g,1Sachet,Granules for oral solution,Labiana Pharmaceuticals SLU,Mediterranean Pharmaceutical Company,Spain,399121.2225000001,fosfokey,true
MED#11164,11164,153421/1,FOSFOLAG,,3g,1Sachet,Granules for oral solution,Labiana Pharmaceuticals SLU,Mediterranean Pharmaceutical Company,Spain,399121.2225000001,fosfolag,true
MED#10979,10979,123219/1,FOSRENOL,,500mg,90 (2bottles of 45),"Tablet, chewable",Hamol Limited,Droguerie de l'Union,UK,18751846.680000003,fosrenol,true
MED#10980,10980,185119/1,FOSRENOL,,750mg,90 (6bottles of 15),"Tablet, chewable",Hamol Limited,Droguerie de l'Union,UK,24138283.176000003,fosrenol,true
MED#3904,3904,974015/02,FOSTIMON,,75IU,10Vials x 10Amp solvent,SC/IM,IBSA Institut Biochimique SA,Alisar Pharma Corp,Switzerland,15744000.131999997,fostimon,true
MED#3905,3905,974014/02,FOSTIMON,,150IU,10Vials x 10Amp solvent,SC/IM,IBSA Institut Biochimique SA,Alisar Pharma Corp,Switzerland,36347119.7292,fostimon,true
MED#9345,9345,152417/1,FRAKIDEX,,,5g,Ophtalmic Ointment,"Dr. Gerhard Mann, Chem-Pharm. Fabrik GmbH",Spephal S.A.L.,Germany,141103.46250000002,frakidex,true
MED#5647,5647,219539/09,FRENALER CORT,,,60ml,Syrup,Roemmers S.A.I.C.F.,Droguerie Phenicia,Argentine,741801.0599999998,frenaler cort,true
MED#5648,5648,219538/09,FRENALER CORT,,,10,"Tablet, film coated",Roemmers S.A.I.C.F.,Droguerie Phenicia,Argentine,632949.8175,frenaler cort,true
MED#8224,8224,126114/1,FRURETIC,,20mg/2ml,100Vials,Injection,Pharmadex licensed by Orbucell pharma Canada,Medi drug International SAL (MDI),Lebanon,2600655.2,fruretic,true
MED#1087,1087,25834,FUCICORT,,20mg/1mg,15g,Cream,Leo Laboratories Ltd (Leo Pharma),UPO S.A.L.,Ireland,376275.9,fucicort,true
MED#8193,8193,46815/1,FUCICORT,,20mg/1mg,20g,Cream,Leo Laboratories Ltd (Leo Pharma),UPO S.A.L.,Ireland,501253.2525,fucicort,true
MED#1088,1088,25254,FUCIDIN,,2%,15g,Ointment,Leo Laboratories Ltd (Leo Pharma),UPO S.A.L.,Ireland,259361.60249999998,fucidin,true
MED#1089,1089,25292,FUCIDIN,,2%,15g,Cream,Leo Laboratories Ltd (Leo Pharma),UPO S.A.L.,Ireland,259361.60249999998,fucidin,true
MED#5500,5500,218022/09,FUCIDIN CREAM,,2%,30g,Cream,Leo Laboratories Ltd (Leo Pharma),UPO S.A.L.,Ireland,491846.3549999999,fucidin cream,true
MED#8192,8192,46715/1,FUCIDIN CREAM,,2%,20g,Cream,Leo Laboratories Ltd (Leo Pharma),UPO S.A.L.,Ireland,345367.5224999999,fucidin cream,true
MED#5499,5499,218023/09,FUCIDIN OINTMENT,,2%,30g,Ointment,Leo Laboratories Ltd (Leo Pharma),UPO S.A.L.,Ireland,491846.3549999999,fucidin ointment,true
MED#8191,8191,46915/1,FUCIDIN OINTMENT,,2%,20g,Ointment,Leo Laboratories Ltd (Leo Pharma),UPO S.A.L.,Ireland,345367.5224999999,fucidin ointment,true
MED#11180,11180,117022/1,FUCIKALT,,2% (20mg/g),15g,Ointment,"Manufactured by Benta Lyon, France for Benta SAL",Benta Trading Co s.a.l.,Lebanon,209895.40000000005,fucikalt,true
MED#8323,8323,111915/1,FUCITHALMIC VISCOUS,,1%,5g,Eye Drops,Leo Laboratories Ltd,UPO S.A.L.,Ireland,443468.02499999997,fucithalmic viscous,true
MED#12299,12299,99324/1,FULPHILA,,6mg,1prefilled syringe + needle guard,Solution for injection,Biocon Biologics Limited,Droguerie de l'Union,India,30257174.354399998,fulphila,true
MED#12306,12306,110523/1,FULSAC,,20mg,24,Capsule,Biofarma Ilac San. ve Tic. AS,BroadMed SAL,Turkey,435404.9700000001,fulsac,true
MED#12156,12156,142824/1,FULVESTRANT ARROW,,250mg,1seringue pre-remplie de 5ml,Solution injectable,APL Swift Services (Malta) Limited,Darapharma S.A.L.,Malta,12644008.657250885,fulvestrant arrow,true
MED#10988,10988,79521/1,FULVESTRANT EVER PHARMA,,250mg,2prefilled syringes of 5ml,Solution for injection,Ever Pharma Jena GmbH,Droguerie R. Pharaon & Fils S.A.L.,Germany,14393266.669005843,fulvestrant ever pharma,true
MED#5196,5196,194490/05,FUNGIMID 150,,150mg,1,Capsule,Midpharma,Macromed S.A.R.L.,Jordan,172011.84000000003,fungimid 150,true
MED#12645,12645,128124/1,FUNGOZOL-UBSA,,150mg,1,Capsule,UBSA Pharma Industries SARL,L. Pharm SAL,Lebanon,199656.60000000003,fungozol ubsa,true
MED#1865,1865,208343/02,FUNZOL 150,,150mg,1,Capsule,The Jordanian Pharmaceutical Manufacturing & Co Ltd,C. Catafago & Co,Jordan,170667.9975,funzol 150,true
MED#5987,5987,219509/09,FUNZOL 50,,50mg,7,Capsule,The Jordanian Pharmaceutical Manufacturing Co. (JPM),C. Catafago & Co,Jordan,373588.2149999999,funzol 50,true
MED#10791,10791,89221/1,FURESIX 40,,40mg,30,Tablet,Benta SAL,Benta Trading Co s.a.l.,Lebanon,166380.50000000003,furesix 40,true
MED#8249,8249,121014/1,FUROLIX,,20mg/2ml,50Ampoules,Injectable solution,Les Laboratoires Medis SA,Medis Pharm Drugstore,Tunisia,1612611,furolix,true
MED#2573,2573,C0744/92,FUROSEMIDE RENAUDIN,,20mg/2ml,10x2ml,Injectable solution,Renaudin,Minapharm Halabi,France,451531.08,furosemide renaudin,true
MED#5313,5313,23601/06,FUROSEMIDE RENAUDIN,,250mg/25ml,10 amp,solution injectable,Renaudin,Minapharm Halabi,France,1791342.0525000002,furosemide renaudin,true
MED#9552,9552,34018/1,FUROSEMIDE S.A.L.F.,,250mg/25ml,5Vialsx25ml,Solution for infusion,SALFSpA Laboratorio Farmacologico,New Europharm,Italy,919188.27,furosemide s a l f,true
MED#8145,8145,42915/1,FUROSEMIDE SALF,,20mg/2ml,5Ampoules x 2ml,Injectable solution,SALFSpA Laboratorio Farmacologico,New Europharm,Italy,216358.64250000002,furosemide salf,true
MED#4738,4738,27515/93,FUROSETIC,,40mg,30,"Tablet, scored",Pharmaline SAL,Pharmaline S.A.L.,Lebanon,121585.75,furosetic,true
MED#4421,4421,27715,FUROXYL,,200mg,28,Capsule,Mediphar Laboratories,Droguerie Cedarspharm S.A.R.L.,Lebanon,366037.1000000001,furoxyl,true
MED#1440,1440,973977/02,FUTASOLE,,2%,15g,Cream,Julphar,Pharmanet Drugstore S.A.R.L.,United Arab Emirates,145134.99000000002,futasole,true
MED#10449,10449,56020/1,FUXRAN,,250mg/5ml,Pack of 2pre-filled syringe,Solution for injection,Fareva Unterach GmbH,Khalil Fattal & Fils S.A.L.,Austria,23017465.06332538,fuxran,true
MED#8347,8347,186607/13,FYCOMPA,,2mg,7,"Tablet, film coated",Eisai Manufacturing Limited,Abela Frères S.A.L.,UK,1138234.5975000001,fycompa,true
MED#8348,8348,186608/13,FYCOMPA,,4mg,28,"Tablet, film coated",Eisai Manufacturing Limited,Abela Frères S.A.L.,UK,8751126.887475,fycompa,true
MED#8349,8349,186609/13,FYCOMPA,,6mg,28,"Tablet, film coated",Eisai Manufacturing Limited,Abela Frères S.A.L.,UK,8751126.887475,fycompa,true
MED#8350,8350,186610/13,FYCOMPA,,8mg,28,"Tablet, film coated",Eisai Manufacturing Limited,Abela Frères S.A.L.,UK,10180811.509050002,fycompa,true
MED#8351,8351,186611/13,FYCOMPA,,10mg,28,"Tablet, film coated",Eisai Manufacturing Limited,Abela Frères S.A.L.,UK,12176385.858,fycompa,true
MED#9798,9798,122818/1,GABAMOX,,400mg,60,"Capsule, hard",Medinfar Manufacturing SA,New Allpharma,Portugal,1233647.415,gabamox,true
MED#9799,9799,122718/1,GABAMOX,,300mg,60,"Capsule, hard",Medinfar Manufacturing SA,New Allpharma,Portugal,1108670.0625,gabamox,true
MED#6311,6311,24970/07,GABANET 300,,300mg,48,Capsule,The Jordanian Pharmaceutical Manufacturing Co. (JPM),C. Catafago & Co,Jordan,1380126.2475,gabanet 300,true
MED#6312,6312,24971/07,GABANET 400,,400mg,48,Capsule,The Jordanian Pharmaceutical Manufacturing Co. (JPM),C. Catafago & Co,Jordan,1607235.6300000004,gabanet 400,true
MED#11973,11973,102923/1,GABAPENTINE ARROW GENERIQUES,,400mg,90,Capsule,Generis Farmaceutica SA,Darapharma S.A.L.,Portugal,1342498.6575000004,gabapentine arrow generiques,true
MED#11974,11974,102823/1,GABAPENTINE ARROW GENERIQUES,,300mg,90,Capsule,Generis Farmaceutica SA,Darapharma S.A.L.,Portugal,1342498.6575000004,gabapentine arrow generiques,true
MED#8704,8704,85216/1,GABAPENTINE ARROW GENERIQUES,,300mg,90,Capsule,APL Swift Services (Malta) Limited,Darapharma S.A.L.,Malta,1342498.6575000002,gabapentine arrow generiques,true
MED#8705,8705,85316/1,GABAPENTINE ARROW GENERIQUES,,400mg,90,Capsule,APL Swift Services (Malta) Limited,Darapharma S.A.L.,Malta,1342498.6575000002,gabapentine arrow generiques,true
MED#11644,11644,158018/1,GABATREX,,600mg,30,Tablet,Hikma Pharmaceuticals,Abela Frères S.A.L.,Jordan,3132496.8675,gabatrex,true
MED#6620,6620,219514/09,GABATREX,,100mg,20,Capsule,Hikma Pharmaceuticals,Abela Frères S.A.L.,Jordan,292957.66500000004,gabatrex,true
MED#6621,6621,24990/07,GABATREX,,400mg,50,Capsule,Hikma Pharmaceuticals,Abela Frères S.A.L.,Jordan,1846439.5950000004,gabatrex,true
MED#6622,6622,24989/07,GABATREX,,300mg,50,Capsule,Hikma Pharmaceuticals,Abela Frères S.A.L.,Jordan,1585734.1500000001,gabatrex,true
MED#5387,5387,222458/08,GABRIKA 100,,100mg,30,Capsule,Benta SAL,Benta Trading Co s.a.l.,Lebanon,798626.4,gabrika 100,true
MED#5364,5364,222449/08,GABRIKA 150,,150mg,30,Capsule,Benta SAL,Benta Trading Co s.a.l.,Lebanon,819104.0000000001,gabrika 150,true
MED#7346,7346,97671/11,GABRIKA 25,,25mg,30,Capsule,Benta SAL,Benta Trading Co s.a.l.,Lebanon,560062.3600000001,gabrika 25,true
MED#8738,8738,56516/1,GABRIKA 25,,25mg,10,Capsule,Benta SAL,Benta Trading Co s.a.l.,Lebanon,341719.95,gabrika 25,true
MED#5365,5365,222448/08,GABRIKA 75,,75mg,30,Capsule,Benta SAL,Benta Trading Co s.a.l.,Lebanon,793507.0000000001,gabrika 75,true
MED#9297,9297,128415/1,GALICA 75,,75mg,14,Capsule,The Jordanian Pharmaceutical Manufacturing Company (JPM),C. Catafago & Co,Jordan,338648.31,galica 75,true
MED#11327,11327,144721/1,GALVUS,,50mg,28,Tablet,Novartis Pharmaceuticals Manufacturing LLC,Khalil Fattal & Fils S.A.L.,Slovenia,950096.6475000002,galvus,true
MED#10740,10740,61620/1,GALVUS MET,,50mg/1000mg,60,"Tablet, film coated","Novartis Pharma Produktions GmbH, Wehr",Khalil Fattal & Fils S.A.L.,Germany,1816875.06,galvus met,true
MED#10741,10741,133220/1,GALVUS MET,,50mg/850mg,60,"Tablet, film coated","Novartis Pharma Produktions GmbH, Wehr",Khalil Fattal & Fils S.A.L.,Germany,1816875.06,galvus met,true
MED#4598,4598,2724/94,GAMMA BENZENE HEXACHLORIDE,,1%,120ml,Shampoo,Pharmadex,Pharmadex,Lebanon,195817.05000000005,gamma benzene hexachloride,true
MED#4599,4599,2765,GAMMA BENZENE HEXACHLORIDE,,1%,120ml,Lotion,Pharmadex,Pharmadex,Lebanon,167660.35000000003,gamma benzene hexachloride,true
MED#10056,10056,51019/1,GAMMAPHARM,,,120ml,Shampoo,Pharmadex,Pharmadex,Lebanon,195817.05000000005,gammapharm,true
MED#6299,6299,96355/11,GAMUNEX-C,,10%,50ml,IV or SC Solution for infusion,Grifols Therapeutics LLC,Alfamed S.A.L.,USA,39990286.896000005,gamunex c,true
MED#8547,8547,16916/1,GANATON,,50mg,100,Tablet,Katsuyama Pharmaceuticals KK,Mersaco,Japan,1119420.8025,ganaton,true
MED#8548,8548,16816/1,GANATON,,50mg,30,Tablet,Katsuyama Pharmaceuticals KK,Mersaco,Japan,357462.10500000004,ganaton,true
MED#11423,11423,138122/1,GANFORT,,300mcg/ml 5mg/ml,3ml,eye drops solution,Allergan Pharmaceuticals (Ireland),Mersaco,Ireland,950096.6475000002,ganfort,true
MED#5103,5103,24980,GANFORT,,,3ml,eye drops solution,Allergan Pharmaceuticals (Ireland),Mersaco,Ireland,950096.6475000001,ganfort,true
MED#12133,12133,141423/1,GANVIR,,0.15%,10g,Sterile ophthalmic gel,Orchidia Pharmaceutical Industries,Macromed S.A.R.L.,Egypt,698798.1000000002,ganvir,true
MED#8737,8737,65816/1,GARDASIL 9 HUMAN PAPILLOMAVIRUS 9- VALENT VACCINE RECOMBINANT,,,1 Single dose syringe x 0.5ml,Injectable suspension for IM injection,Merck Sharp & Dohme LLC,Droguerie de l'Union,USA,14139395.802000001,gardasil 9 human papillomavirus 9 valent vaccine recombinant,true
MED#10046,10046,121419/1,GARDENAL,,100mg,20,Comprimé,S.C. Zentiva S.A.,Mersaco,Romania,151854.2025,gardenal,true
MED#12085,12085,181416/1,GAROPRIDE,,50mg,30,"Tablet, film coated",EVA Pharma for Pharmaceuticals and Medical Appliances,C. Catafago & Co,Egypt,213670.95750000005,garopride,true
MED#12311,12311,74523/1,GASTRAZOLE,,20mg,30,Capsule,European Egyptian Pharmaceutical Industries,C. Catafago & Co,Egypt,377619.7425000001,gastrazole,true
MED#6212,6212,218836/09,GASTRAZOLE,,20mg,14,Capsule,European Egyptian Pharmaceutical Industries,C. Catafago & Co,Egypt,134384.25,gastrazole,true
MED#11468,11468,108422/1,GASTRIMUT,,20mg,28,Hard Gastro-resistant Capsule,Normon SA,Droguerie Phenicia,Spain,427341.9150000001,gastrimut,true
MED#11469,11469,108522/1,GASTRIMUT,,20mg,512,Hard Gastro-resistant Capsule,Normon SA,Droguerie Phenicia,Spain,6720556.342500001,gastrimut,true
MED#11698,11698,101422/1,GASTRIMUT,,40mg,14,Hard Gastro-resistant Capsule,Normon SA,Droguerie Phenicia,Spain,503940.9375000001,gastrimut,true
MED#11699,11699,101722/1,GASTRIMUT,,40mg,28,Hard Gastro-resistant Capsule,Normon SA,Droguerie Phenicia,Spain,956815.8600000002,gastrimut,true
MED#6233,6233,167721/10,GASTRISEC,,20mg,28,"Capsule, hard",Industria Quimica Farmaceutica Vir SA,New Allpharma,Spain,413903.49,gastrisec,true
MED#5910,5910,24519/07,GASTROPAN,,40mg,30,"Tablet, enteric coated",Tabuk Pharmaceutical Manufacturing Company,Mersaco,Saudi Arabia,1104638.535,gastropan,true
MED#5911,5911,24520/07,GASTROPAN,,40mg,15,"Tablet, enteric coated",Tabuk Pharmaceutical Manufacturing Company,Mersaco,Saudi Arabia,581883.8025,gastropan,true
MED#5998,5998,168132/10,GASTROPAN,,20mg,15,"Tablet, enteric coated",Tabuk Pharmaceutical Manufacturing Company,Mersaco,Saudi Arabia,568445.3775000001,gastropan,true
MED#3512,3512,208746/03,GAVISCON,,,200ml,Liquid,Reckitt Benckiser Healthcare UK,Droguerie Columbus,UK,393745.85250000004,gaviscon,true
MED#9974,9974,15119/1,GAVISCON ADVANCE ANISEED FLAVOR,,,300ml,Oral suspension,Reckitt Benckiser Healthcare (UK) Ltd,Droguerie Columbus,UK,760614.855,gaviscon advance aniseed flavor,true
MED#11299,11299,69121/1,GAVISCON DOUBLE ACTION,,,Liquid sachet 12x10ml,Oral suspension,Reckitt Benckiser Healthcare (UK) Ltd,Droguerie Columbus,UK,645044.4000000001,gaviscon double action,true
MED#10637,10637,82120/1,GAVISCON DOUBLE ACTION MINT,,,32,"Tablet, chewable",Reckitt Benckiser Healthcare (UK) Ltd,Droguerie Columbus,UK,542912.37,gaviscon double action mint,true
MED#10854,10854,156920/1,GAVISCON DOUBLE ACTION MINT,,,300ml,Oral suspension,Reckitt Benckiser Healthcare (UK) Ltd,Droguerie Columbus,UK,650419.77,gaviscon double action mint,true
MED#12491,12491,63525/1,GAVISCON DOUBLE ACTION MIXED BERRIES FLAVOR,,,300ml,Oral Suspension,Reckitt Benckiser Healthcare (UK) Ltd,Droguerie Columbus,UK,732394.1625,gaviscon double action mixed berries flavor,true
MED#8893,8893,115716/1,GAVISCON INFANT,,,30 sachets,Powder for oral suspension,Reckitt Benckiser Healthcare UK,Droguerie Columbus,UK,710892.6825,gaviscon infant,true
MED#12245,12245,67122/1,GAVISCON PEPPERMINT LIQUID,,,200ml,Oral suspension,Reckitt Benckiser Healthcare (UK) Ltd,Droguerie Columbus,UK,393745.8525000001,gaviscon peppermint liquid,true
MED#8201,8201,55715/1,GAZYVA,,1000mg/40ml,1Vial,Concentrate for solution for infusion,Roche Diagnostics GmbH,Omnipharma,Germany,314437415.704043,gazyva,true
MED#12267,12267,162623/1,GC FLU QUADRIVALENT INFLUENZA VACCINE,,,1Prefilled syringe 0.5ml,(split virion inactivated),GC Biopharma Corp,Unipharm S.A.L.,Korea,791523.2325,gc flu quadrivalent influenza vaccine,true
MED#10135,10135,161719/1,GEFITINIB BIOGARAN,,250mg,30,Comprimés pelliculés,Remedica Ltd,Commercial and Trading Ressources SAL (CTR),Cyprus,83306549.74024345,gefitinib biogaran,true
MED#9780,9780,166718/1,GELASPAN,,4%,10x500ml,Solution for infusion,B. Braun Medical AG,Droguerie de l'Union,Switzerland,9107572.370925002,gelaspan,true
MED#7444,7444,185971/13,GEMCI-CELL,,38mg/ml (1g/Vial),1Vial x 26.3ml,Injectable concentrate for solution for Infusion,Haupt Pharma Wolfratshausen GmbH,Drugstore 3U S.A.R.L.,Germany,9326122.886325,gemci cell,true
MED#11523,11523,20320/1,GEMCITABIN EBEWE,,1g/100ml,1 vialx 100ml,concentrate for solution for infusion,Fareva Unterach GmbH,Khalil Fattal & Fils S.A.L.,Austria,7512673.966875001,gemcitabin ebewe,true
MED#11524,11524,20220/1,GEMCITABIN EBEWE,,200mg/20ml,1 vialx 20ml,concentrate for solution for infusion,Fareva Unterach GmbH,Khalil Fattal & Fils S.A.L.,Austria,2121927.3075,gemcitabin ebewe,true
MED#11010,11010,142120/1,GEMCITABINE NEAPOLIS,,200mg,1Vial,Powder for solution for infusion,Neapolis Pharma,Medis Pharm Drugstore,Tunisia,1490321.3325000003,gemcitabine neapolis,true
MED#11011,11011,142020/1,GEMCITABINE NEAPOLIS,,1000mg,1Vial,Powder for solution for infusion,Neapolis Pharma,Medis Pharm Drugstore,Tunisia,4942652.715000001,gemcitabine neapolis,true
MED#12119,12119,91824/1,GEMCITABINE PHARMINICIO,,1g,1Vial,Lyophilized injectable,GP-Pharm SA,Mediterranean Pharmaceutical Company,Spain,6829407.585000001,gemcitabine pharminicio,true
MED#12120,12120,91724/1,GEMCITABINE PHARMINICIO,,200mg,1Vial,Lyophilized injectable,GP-Pharm SA,Mediterranean Pharmaceutical Company,Spain,1411034.6250000002,gemcitabine pharminicio,true
MED#5779,5779,218889/09,GEMCITABINE THYMOORGAN,,1g,1 Vial,IV infusion,Thymoorgan Pharmazie GmbH,Abela Frères S.A.L.,Germany,5843027.1899999995,gemcitabine thymoorgan,true
MED#5798,5798,218888/09,GEMCITABINE THYMOORGAN,,200mg,1 Vial,IV infusion,Thymoorgan Pharmazie GmbH,Abela Frères S.A.L.,Germany,1617986.37,gemcitabine thymoorgan,true
MED#7050,7050,166919/11,GEMNIL,,200mg/vial,1 Vial,Powder for solution for infusion,Vianex SA- Plant C,Droguerie Solupharm SAL,Greece,1128827.7,gemnil,true
MED#7051,7051,166920/11,GEMNIL,,1000mg/vial,1 Vial,Powder for solution for infusion,Vianex SA- Plant C,Droguerie Solupharm SAL,Greece,3369013.1474999995,gemnil,true
MED#5092,5092,24968/07,GEMTABINE 1000,,1000mg,1Vial,Injection,Benta SAL,Benta Trading Co s.a.l.,Lebanon,4882627.75,gemtabine 1000,true
MED#5091,5091,24969/07,GEMTABINE 200,,200mg,1Vial,Injection,Benta SAL,Benta Trading Co s.a.l.,Lebanon,1343842.4999999998,gemtabine 200,true
MED#9686,9686,172016/1,GENIMOD,,5%,5g,Cream,Mediphar Laboratories,Pharmapro,Lebanon,2267894.2,genimod,true
MED#9395,9395,154016/1,GENOTROPIN,,5.3 mg,1x (I+II),"Cartrige, two compartments",Pfizer Manufacturing Belgium NV PUURS,Mersaco,Belgium,4724853.999600001,genotropin,true
MED#9837,9837,164518/1,GENOTROPIN GOQUICK,,12mg,1Prefilled pen x1ml,Powder and solvent for solution for injection,Pfizer Manufacturing Belgium NV PUURS,Mersaco,Belgium,25170264.000000004,genotropin goquick,true
MED#7687,7687,187340/13,GENTACORT-FC,,,30g,Cream,Laborate Pharmaceuticals India Ltd,Ecopharm,India,302364.5625,gentacort fc,true
MED#11613,11613,134923/1,GENTAMICINE PANPHARMA,,40mg/2ml,10Amp x 2ml,,Haupt Pharma Livron,Minapharm Halabi,Germany,643700.5575000001,gentamicine panpharma,true
MED#11614,11614,135023/01,GENTAMICINE PANPHARMA,,80mg/2ml,10amp X 2ml,,Haupt Pharma Livron,Minapharm Halabi,Germany,721643.4225000002,gentamicine panpharma,true
MED#2941,2941,974124/01,GENTAMICINE PANPHARMA,,80mg/2ml,10amp X 2ml,Injectable solution,Panpharma GmbH,Minapharm Halabi,Germany,721643.4225000002,gentamicine panpharma,true
MED#2942,2942,208846/03,GENTAMICINE PANPHARMA,,40mg/2ml,10Amp x 2ml,Injectable solution,Panpharma GmbH,Minapharm Halabi,Germany,643700.5575,gentamicine panpharma,true
MED#7611,7611,185929/13,GENTLE RELIEF,,,20,Tablet,Laborate Pharmaceuticals India Ltd,Ecopharm,India,184106.42250000002,gentle relief,true
MED#9931,9931,28419/1,GENVOYA,,150mg/150mg/200mg/10mg,30,"Tablet, film coated",Gilead Sciences Ireland UC,Khalil Fattal & Fils S.A.L.,Ireland,77789650.21549779,genvoya,true
MED#7253,7253,96357/11,GESTA 400,,400mg,15,Pessaries,Jordan River Pharmaceutical Industries LLC,Atrissi SARL,Jordan,1083137.055,gesta 400,true
MED#12495,12495,92024/1,GESTO-CLAIR,,200mg,15,"Capsule, soft",Pharminicio SL,Mediterranean Pharmaceutical Company,Spain,411215.8050000001,gesto clair,true
MED#12496,12496,91924/1,GESTO-CLAIR,,100mg,30,"Capsule, soft",Pharminicio SL,Mediterranean Pharmaceutical Company,Spain,368212.84500000003,gesto clair,true
MED#6306,6306,166601/11,GILENYA,,0.5mg,28,Capsule hard,Novartis Pharma Stein AG,Khalil Fattal & Fils S.A.L.,Switzerland,72019325.5907076,gilenya,true
MED#10968,10968,94221/1,GINKGO BIOGARAN,,40mg,30,Comprimés pelliculés,Holsten Pharma GmbH,Commercial and Trading Ressources SAL (CTR),Germany,345367.5225000001,ginkgo biogaran,true
MED#10969,10969,94321/1,GINKGO BIOGARAN,,40mg,90,Comprimés pelliculés,Holsten Pharma GmbH,Commercial and Trading Ressources SAL (CTR),Germany,985036.5525000002,ginkgo biogaran,true
MED#8886,8886,115216/1,GINKOR FORT,,,30,Gélule,Beaufour Ipsen Industrie,Droguerie de l'Union,France,1147641.4949999996,ginkor fort,true
MED#10292,10292,77720/1,GLARTUS,,100U/ml,2Prefilled penx3ml,Solution for injrction,"Manufactured by Gan & Lee Pharmaceuticals, China for Benta SAL",Benta Trading Co s.a.l.,Lebanon,1346530.185,glartus,true
MED#4422,4422,2235/94,GLIBENCLAMIDE,,5mg,100,"Tablet, scored",Mediphar Laboratories,Pharmapro,Lebanon,340440.1000000001,glibenclamide,true
MED#5172,5172,23613/06,GLIBENCLAMIDE,,5mg,100,Tablet,Pharmadex licensed by Orbucell pharma Canada,Codipha,Lebanon,326361.75000000006,glibenclamide,true
MED#7290,7290,185907/13,GLIBOMET,,400mg + 5mg,60,"Tablet, film coated",A. Menarini Manufacturing Logistics and Services SRL,Mersaco,Italy,462281.82,glibomet,true
MED#6837,6837,168001/10,GLIM,,1mg,30,Tablet,Spimaco,Khalil Fattal & Fils S.A.L.,Saudi Arabia,302364.5625,glim,true
MED#6838,6838,168002/10,GLIM,,2mg,30,Tablet,Spimaco,Khalil Fattal & Fils S.A.L.,Saudi Arabia,401808.90750000003,glim,true
MED#6839,6839,168003/10,GLIM,,3mg,30,Tablet,Spimaco,Khalil Fattal & Fils S.A.L.,Saudi Arabia,533505.4725,glim,true
MED#6840,6840,168004/10,GLIM,,4mg,30,Tablet,Spimaco,Khalil Fattal & Fils S.A.L.,Saudi Arabia,628918.2899999999,glim,true
MED#7308,7308,185821/13,GLIMATINIB BENTA,,100mg,120,"Tablet, film coated",Benta SAL,Benta Trading Co s.a.l.,Lebanon,43103200,glimatinib benta,true
MED#7491,7491,185822/13,GLIMATINIB BENTA,,100mg,60,"Tablet, film coated",Benta SAL,Benta Trading Co s.a.l.,Lebanon,17619184.8,glimatinib benta,true
MED#8210,8210,185820/13,GLIMATINIB BENTA 400,,400mg,30,"Tablet, film coated",Benta SAL,Benta Trading Co s.a.l.,Lebanon,38254090,glimatinib benta 400,true
MED#9272,9272,8315/1,GLITAXON,,20mg/ml,Box of 2 Prefilled syringes,Injectable solution,Les Laboratoires Medis SA,Medis Pharm Drugstore,Tunisia,10146988.215000002,glitaxon,true
MED#4041,4041,24542/07,GLIVEC,,100mg,60,"Tablet, film coated","Novartis Pharma Produktions GmbH, Wehr",Khalil Fattal & Fils S.A.L.,Germany,50479525.32898591,glivec,true
MED#12547,12547,146923/1,GLOZIN,,10mg,30,"Tablet, film coated",RAM Pharmaceutical Industries Co Ltd,Premium Serve Drugstore Co. P.S.D. SAL,Jordan,2195838.6450000005,glozin,true
MED#2028,2028,208483,GLUCAGEN,,1mg,,Hypokit,Novo Nordisk AS,Mersaco,Denmark,2172993.3225,glucagen,true
MED#12010,12010,132124/1,GLUCOBAS,,1000mg,30,Tablet,UBSA Pharma Industries SARL,L. Pharm SAL,Lebanon,302044.6,glucobas,true
MED#12011,12011,132024/1,GLUCOBAS,,850mg,30,Tablet,UBSA Pharma Industries SARL,L. Pharm SAL,Lebanon,217574.50000000006,glucobas,true
MED#12421,12421,98925/1,GLUCOCURE,,850mg,30,Tablet,UBSA Pharma Industries SARL,Tamipharm,Lebanon,217574.50000000006,glucocure,true
MED#12422,12422,98425/1,GLUCOCURE,,1000mg,30,Tablet,UBSA Pharma Industries SARL,Tamipharm,Lebanon,302044.6,glucocure,true
MED#4699,4699,194787/05,GLUCOPHAGE,,850mg,30,"Tablet, film coated","Pharmaline Licensed by Merck Santé SAS, France",Food & Drug Corporation FDC,Lebanon,572633.5004390001,glucophage,true
MED#4700,4700,194788/05,GLUCOPHAGE,,1000mg,30,"Tablet, film coated","Pharmaline Licensed by Merck Santé SAS, France",Food & Drug Corporation FDC,Lebanon,624962.932594,glucophage,true
MED#5115,5115,24930,GLUCOPHAGE XR,,750mg,30,"Tablet, prolonged release","Pharmaline Licensed by Merck Santé SAS, France",Food & Drug Corporation FDC,Lebanon,692243.631079,glucophage xr,true
MED#5693,5693,218873/09,GLUCOPHAGE XR,,1000mg,30,"Tablet, prolonged release","Pharmaline Licensed by Merck Santé SAS, France",Food & Drug Corporation FDC,Lebanon,755038.949665,glucophage xr,true
MED#6219,6219,167510/10,GLUCOPHAGE XR,,500mg,30,"Tablet, prolonged release","Pharmaline Licensed by Merck Santé SAS, France",Food & Drug Corporation FDC,Lebanon,484421.029092,glucophage xr,true
MED#2595,2595,C1876/94,GLUCOSE INJ.,,50%,50 x 20ml,Ampoule,Renaudin,Minapharm Halabi,France,5038065.5325,glucose inj,true
MED#2596,2596,F1876/94,GLUCOSE INJ.,,30%,50 x 20ml,Ampoule,Renaudin,Minapharm Halabi,France,5157667.515,glucose inj,true
MED#4701,4701,148171/03,GLUCOVANCE,,500mg/2.5mg,30,"Tablet, film coated","Pharmaline Licensed by Merck Santé SAS, France",Food & Drug Corporation FDC,Lebanon,563662.7406410001,glucovance,true
MED#4702,4702,148172/03,GLUCOVANCE,,500mg/5mg,30,"Tablet, film coated","Pharmaline Licensed by Merck Santé SAS, France",Food & Drug Corporation FDC,Lebanon,775970.722527,glucovance,true
MED#5847,5847,218874/09,GLUCOVANCE,,1000mg/5mg,30,"Tablet, film coated","Pharmaline Licensed by Merck Santé SAS, France",Food & Drug Corporation FDC,Lebanon,1006220.224009,glucovance,true
MED#12039,12039,135319/1,GLUFIX,,50mg,90,Tablet,Teriak SA,Macromed S.A.R.L.,Tunisia,1294120.3275000001,glufix,true
MED#11040,11040,167724/2010,GLUMYL 1,,1mg,30,Tablet,Benta SAL,Benta Trading Co s.a.l.,Lebanon,186858.1,glumyl 1,true
MED#11041,11041,167725/2010,GLUMYL 2,,2mg,30,Tablet,Benta SAL,Benta Trading Co s.a.l.,Lebanon,189417.80000000002,glumyl 2,true
MED#11449,11449,35323/1,GLUMYL 3,,3mg,30,Tablet,Benta SAL,Benta Trading Co s.a.l.,Lebanon,511940.00000000006,glumyl 3,true
MED#11042,11042,167726/2010,GLUMYL 4,,4mg,30,Tablet,Benta SAL,Benta Trading Co s.a.l.,Lebanon,317402.80000000005,glumyl 4,true
MED#11684,11684,84920/1,GLUNORM,,50mg,30,Tablet,Dar Al Dawa Development & Investment Co Ltd,Sadco,Jordan,611448.3375,glunorm,true
MED#11682,11682,90919/1,GLUNORM M,,50mg/1000mg,60,FCT,Dar Al Dawa Development & Investment Co Ltd,Sadco,Jordan,1089856.2675000003,glunorm m,true
MED#11683,11683,90819/1,GLUNORM M,,50mg/850mg,60,FCT,Dar Al Dawa Development & Investment Co Ltd,Sadco,Jordan,1089856.2675000003,glunorm m,true
MED#4499,4499,82/95,GLYCERINE,,,60ml,Liquid,Mephico SAL,Mephico S.A.L.,Lebanon,163820.80000000002,glycerine,true
MED#8608,8608,17816/1,GLYCOPYRROLATE,,0.2mg/ml,10vials x1ml,Injection,Omega Laboratories Ltd,Medi drug International SAL (MDI),Canada,7238184.9267,glycopyrrolate,true
MED#897,897,208628,GLYFORMIN,,850mg,56,Tablet,Remedica Ltd,Droguerie Columbus,Cyprus,391058.16750000004,glyformin,true
MED#6702,6702,219308/09,GLYPRIDE,,4mg,30,Tablet,Julphar,Pharmanet Drugstore S.A.R.L.,United Arab Emirates,657138.9824999999,glypride,true
MED#6704,6704,219307/09,GLYPRIDE,,3mg,30,Tablet,Julphar,Pharmanet Drugstore S.A.R.L.,United Arab Emirates,571133.0625,glypride,true
MED#6705,6705,219306/09,GLYPRIDE,,2mg,30,Tablet,Julphar,Pharmanet Drugstore S.A.R.L.,United Arab Emirates,403152.75,glypride,true
MED#4301,4301,195082/04,GLYSTOR,,850mg,30,"Tablet, film coated",Algorithm S.A.L.,Droguerie de l'Union,Lebanon,454346.75,glystor,true
MED#4302,4302,195144/04,GLYSTOR PLUS,,500/2.5mg,30,"Tablet, film-scored",Algorithm S.A.L.,Droguerie de l'Union,Lebanon,533697.4500000001,glystor plus,true
MED#4303,4303,195143/04,GLYSTOR PLUS,,500/5mg,30,"Tablet, film-scored",Algorithm S.A.L.,Droguerie de l'Union,Lebanon,691119.0000000002,glystor plus,true
MED#11433,11433,139722/1,GLYXAMBI,,10mg/5mg,30,"Tablet, film coated",Rottendorf Pharma GmbH,Mersaco,Germany,4482386.6587499995,glyxambi,true
MED#11434,11434,142722/1,GLYXAMBI,,25mg/5mg,30,"Tablet, film coated",Rottendorf Pharma GmbH,Mersaco,Germany,4482386.6587499995,glyxambi,true
MED#9826,9826,178718/1,GLYXAMBI,,10mg/5mg,30,"Tablet, film coated",Boehringer Ingelheim Pharma GmbH & Co KG,Mersaco,Germany,4482386.6587499995,glyxambi,true
MED#9827,9827,178818/1,GLYXAMBI,,25mg/5mg,30,"Tablet, film coated",Boehringer Ingelheim Pharma GmbH & Co KG,Mersaco,Germany,4482386.6587499995,glyxambi,true
MED#3919,3919,973314/01,GLYZIDE,,80mg,60,Tablet,Julphar,Pharmanet Drugstore S.A.R.L.,United Arab Emirates,534849.3150000001,glyzide,true
MED#7744,7744,187092/13,GOLASEPTINE-LIDOCAINE,,5mg/1mg,40,Comprimés à sucer,SMB Technology SA,Pharmamedic S.A.R.L.,Belgium,736425.6900000001,golaseptine lidocaine,true
MED#4025,4025,24101/06,GONAL-f,,900IU/1.44ml (66mcg/1.44ml),prefilled pen (20needles for administration),solution for injection,Merck Serono SpA,Food & Drug Corporation FDC,Italy,29625400.728,gonal f,true
MED#5334,5334,24478/06,GONAL-f,,450IU/0.72ml (33mcg/0.72ml),prefilled pen + 12needles for administration,solution for injection,Merck Serono SpA,Food & Drug Corporation FDC,Italy,14813958.8772,gonal f,true
MED#5595,5595,221166/08,GONAL-f,,300IU/0.48ml (22mcg/0.48ml),prefilled pen + 8 needles for administration,solution for injection,Merck Serono SpA,Food & Drug Corporation FDC,Italy,10305697.51785,gonal f,true
MED#5610,5610,221996/09,GONAPEPTYL,,0.1mg,7 prefilled syringes,solution for injection,Ferring GmbH,Sadco,Germany,4637600.467499999,gonapeptyl,true
MED#5611,5611,221997/09,GONAPEPTYL CR,,,,1syringe powder and 1 syringe solvent for suspension for injection,Ferring GmbH,Sadco,Germany,12095730.31065,gonapeptyl cr,true
MED#8436,8436,120115/1,GRANI-DENK,,1mg/ml,5Ampoules of 1ml,Concentrate for solution for infusion or injection,Solupharm Pharmazeutische Erzeugnisse GmbH,Mediterranean Pharmaceutical Company,Germany,893655.2624999998,grani denk,true
MED#8437,8437,120215/1,GRANI-DENK,,1mg/ml,5Ampoules of 3ml,Concentrate for solution for infusion or injection,Solupharm Pharmazeutische Erzeugnisse GmbH,Mediterranean Pharmaceutical Company,Germany,1679803.125,grani denk,true
MED#11987,11987,128223/1,GRANUDOXY,,100mg,15,Comprimé pelliculé sécable,Pierre Fabre Medicament Production,Mersaco,France,318490.6725,granudoxy,true
MED#1453,1453,22141/73,GRAVOL,,15mg/5ml,75ml,Liquid,Church and Dwight Canada Corp,Mectapharm S.A.L.,Canada,258017.76,gravol,true
MED#1454,1454,405409/00,GRAVOL,,50mg,30,Tablet,Church and Dwight Canada Corp,Mectapharm S.A.L.,Canada,163948.785,gravol,true
MED#1455,1455,15317,GRAVOL,,100mg,10,Suppository,Church and Dwight Canada Corp,Mectapharm S.A.L.,Canada,294301.5075,gravol,true
MED#8992,8992,120316/1,GREPID,,75mg,30,"Tablet, film coated","Pharmadex under license from Pharmathen SA, Greece",Bellapharma S.A.R.L.,Lebanon,1297769.9174440003,grepid,true
MED#4423,4423,2439/94,GRISEOFULVIN,,500mg,20,"Tablet, scored",Mediphar Laboratories,Medapharm Healthcare SAL,Lebanon,575932.5,griseofulvin,true
MED#8068,8068,127314/1,GROFENAC,,,50g,Emulsion Gel,Streuli Pharma AG,Mediterranean Pharmaceutical Company,Switzerland,314459.14499999996,grofenac,true
MED#12144,12144,150321/1,GYNAMEND,,"100,000IU/35,000IU/35,000IU",6,"Vaginal Capsule, soft","Phil Interpharma Co. Ltd., Vietnam for Arwan Pharmaceutical Industries Lebanon",Raymond Georges Abou Adal & Co,Lebanon,345559.5000000001,gynamend,true
MED#1459,1459,236236/98,GYNO-MIKOZAL,,200mg,7,Ovule,Julphar,Pharmanet Drugstore S.A.R.L.,United Arab Emirates,503940.9375,gyno mikozal,true
MED#1460,1460,236235/98,GYNO-MIKOZAL,,400mg,3,Ovule,Julphar,Pharmanet Drugstore S.A.R.L.,United Arab Emirates,302364.5625,gyno mikozal,true
MED#1870,1870,261032,GYNO-TARDYFERON,,,30,"Tablet, sugar coated, slow release",Pierre Fabre Medicament Production,Mersaco,France,819743.925,gyno tardyferon,true
MED#10838,10838,121520/1,GYNOCIN,,10IU/1ml,6Ampoules,Concentrate for solution for injection/ infusion for IV/IMuse,Hikma Farmaceutica SA,Droguerie Mercury S.A.L.,Portugal,626230.605,gynocin,true
MED#10839,10839,121620/1,GYNOCIN,,5IU/0.5ml,6Ampoules,Concentrate for solution for injection/ infusion for IV/IMuse,Hikma Farmaceutica SA,Droguerie Mercury S.A.L.,Portugal,313115.3025,gynocin,true
MED#1007,1007,973943/02,GYNOFLOR,,,6,Vaginal Tablet,Haupt Pharma Amareg GmbH,New Allpharma,Germany,813024.7125,gynoflor,true
MED#8985,8985,15317/1,HAEMATE P,,500IU FVIII/ 1200IU VWF,Dry substance + solvent,Vial,"Packed by Benta SAL Lebanon under license from CSL Behring GmbH, Germany",Benta Trading Co s.a.l.,Lebanon,35032786.814390406,haemate p,true
MED#10415,10415,10520/1,HAEMOCOMPLETTAN P,,1g,1Vial,Powder for solution for injection or infusion,"Packed by Benta SAL Lebanon under license from CSL Behring GmbH, Germany",Benta Trading Co s.a.l.,Lebanon,41515082.9374596,haemocomplettan p,true
MED#10090,10090,2814/1,HAIRGAINE 5,,,100ml,Cutaneous solution,Laboratorio Edol Produtos Farmaceuticos SA,Abela Frères S.A.L.,Portugal,1963353.8924999998,hairgaine 5,true
MED#6144,6144,167088/10,HAIRGROW,,5%,50ml,Solution,Dar Al Dawa Development & Investment Co Ltd,Sadco,Jordan,1061635.575,hairgrow,true
MED#9331,9331,109717/1,HALAVEN,,0.44mg/ml,1 Vial,Injection,Eisai Manufacturing Limited,Abela Frères S.A.L.,UK,18792548.778675523,halaven,true
MED#4424,4424,2247/94,HALOPERIDOL,,2mg,30,Tablet,Mediphar Laboratories,Pharmapro,Lebanon,252130.45000000004,haloperidol,true
MED#4425,4425,2248/94,HALOPERIDOL,,5mg,30,Tablet,Mediphar Laboratories,Pharmapro,Lebanon,276447.60000000003,haloperidol,true
MED#4427,4427,2249/94,HALOPERIDOL,,10mg,30,Tablet,Mediphar Laboratories,Pharmapro,Lebanon,339160.25,haloperidol,true
MED#4428,4428,2250/94,HALOPERIDOL,,20mg,30,Tablet,Mediphar Laboratories,Pharmapro,Lebanon,339160.25,haloperidol,true
MED#12479,12479,112224/1,HARMONIE,,300mg,30,"Tablet, film coated","UBSA Pharma Industries SARL (Secondary Packaging), manufacturer: Hiral Labs Ltd, India",L. Pharm SAL,Lebanon,889495.7500000001,harmonie,true
MED#28,28,135293,HAVRIX '1440',,1440 ELISA units/ml,1Vial x 1ml,Injection IM,GlaxoSmithKline Biologicals SA,Abela Frères S.A.L.,Belgium,2215996.2825,havrix 1440,true
MED#33,33,973725/02,HAVRIX JUNIOR 720,,720 ELISA units/0.5ml,,Prefilled syringe,GlaxoSmithKline Biologicals SA,Abela Frères S.A.L.,Belgium,1491665.175,havrix junior 720,true
MED#7220,7220,96690/12,HEALIN B,,0.25%,30g,Herbal Ointment,"Universal Pharmaceutical Industries ""Unipharma"" Syria for Arwan Pharmaceutical Industries Lebanon",Raymond Georges Abou Adal & Co,Lebanon,849820.4,healin b,true
MED#11056,11056,61722/1,HEALIVE-HEPATITIS A VACCINE (HUMAN DIPLOID CELL) INACTIVATED,,0.5ml/dose,0.5ml/dose,Pediatric use,Sinovac Biotech Co Ltd,Unipharm S.A.L.,China,1777903.6275000002,healive hepatitis a vaccine human diploid cell inactivated,true
MED#11167,11167,61622/1,HEALIVE-HEPATITIS A VACCINE (HUMAN DIPLOID CELL) INACTIVATED,,1ml/dose,1ml/dose,Adult use,Sinovac Biotech Co Ltd,Unipharm S.A.L.,China,2257655.4000000004,healive hepatitis a vaccine human diploid cell inactivated,true
MED#8424,8424,60315/1,HEDECTON COUGH,,,100ml,Syrup,Krewel Meuselbach GmbH,Mediterranean Pharmaceutical Company,Germany,467657.19,hedecton cough,true
MED#11862,11862,147320/1,HEDERAL,,37mg/5ml,100ml,Syrup,The Jordanian Pharmaceutical Manufacturing & Co Ltd,C. Catafago & Co,Jordan,309083.775,hederal,true
MED#12037,12037,65620/1,HEDERAL,,99mg/5ml,30ml,Drops solution,The Jordanian Pharmaceutical Manufacturing & Co Ltd,C. Catafago & Co,Jordan,384338.9550000001,hederal,true
MED#10934,10934,75717/1,HEMAX,,"20,000IU",1Vial (freeze dried powder) + 1Ampoule with solvent 1ml,Lyophilized for injection,BioSidus SAU,Droguerie Phenicia,Argentine,5438530.5975,hemax,true
MED#10935,10935,75717/1,HEMAX,,"40,000IU",1Vial (freeze dried powder) + 1Ampoule with solvent 1ml,Lyophilized for injection,BioSidus SAU,Droguerie Phenicia,Argentine,6316059.750000001,hemax,true
MED#1095,1095,236426/98,HEMAX,,"4,000IU",1Amp + 1solvent 2ml,Freeze dried flask ampoule injectable,BioSidus SAU,Droguerie Phenicia,Argentine,940689.7500000002,hemax,true
MED#1096,1096,236428/98,HEMAX,,"10,000IU",1Amp + 1solvent 1ml,Freeze dried flask ampoule injectable,BioSidus SAU,Droguerie Phenicia,Argentine,2687685,hemax,true
MED#6211,6211,167619/10,HEMAX,,"4,000IU",25Amp + 25solvent 2ml,Freeze dried flask ampoule injectable,BioSidus SAU,Droguerie Phenicia,Argentine,33852746.566800006,hemax,true
MED#9902,9902,101918/1,HEMLIBRA,,60mg/0.4ml,1Vial,Solution for injection for subcutaneous use,Chugai Pharma Manufacturing Co Ltd,Omnipharma,Japan,441042376.61555856,hemlibra,true
MED#9903,9903,101818/1,HEMLIBRA,,30mg/1ml,1Vial,Solution for injection for subcutaneous use,Chugai Pharma Manufacturing Co Ltd,Omnipharma,Japan,224585720.83360538,hemlibra,true
MED#9904,9904,102118/1,HEMLIBRA,,150mg/1ml,1Vial,Solution for injection for subcutaneous use,Chugai Pharma Manufacturing Co Ltd,Omnipharma,Japan,895547223.6731015,hemlibra,true
MED#9905,9905,102018/1,HEMLIBRA,,105mg/0.7ml,1Vial,Solution for injection for subcutaneous use,Chugai Pharma Manufacturing Co Ltd,Omnipharma,Japan,722177053.8255819,hemlibra,true
MED#10425,10425,76220/1,HEMOCARE,,,10,Suppositories for adults,"Chaoul Pharmaceuticals (Cha-pha) SAL, Lebanon (Packing) Manufactured by Fulton Medicinali SpA, Italy",Pharmamedic S.A.R.L.,Lebanon,588731,hemocare,true
MED#11470,11470,108922/1,HEMORRANE,,10mg/g,30g,Rectal ointment,Laboratorios Victoria SA,Pharmamedic S.A.R.L.,Portugal,710892.6825000001,hemorrane,true
MED#4501,4501,21358,HEPABYL,,,120ml,Liquid,Mephico SAL,Mephico S.A.L.,Lebanon,238052.10000000006,hepabyl,true
MED#12366,12366,43825/1,HEPARIN-ORBUCELL,,"25,000IU/5ml",Box of 10Vials,Injection,Packed by Pharmadex SAL Lebanon under license from Orbucell Pharma Canada,Medi drug International SAL (MDI),Lebanon,6399250.000000001,heparin orbucell,true
MED#9929,9929,27714/1,HEPARINE MEDIS,,"25,000UI",Box of 10Vials of 5ml,Solution injectable IV,Les Laboratoires Medis SA,Medis Pharm Drugstore,Tunisia,6853596.750000001,heparine medis,true
MED#2626,2626,B0342/91,HEPARINE SODIQUE PANPHARMA,,"5000UI/1ml= 25,000UI",10 x 5ml,Vial,Panpharma GmbH,Minapharm Halabi,Germany,6134641.0125,heparine sodique panpharma,true
MED#8453,8453,167618/10,HEPATITIS-B VACCINE (r DNA) PAEDIATRIC,,,1Dose x 0.5ml,,Serum Institute of India Ltd,Unipharm S.A.L.,India,646388.2424999999,hepatitis b vaccine r dna paediatric,true
MED#10735,10735,186419/1,HEPAXANE 4000IU,,40mg/0.4ml,10pre-filled syringes with safety device,Solution for injection,Ital Farmaco SpA,Droguerie Phenicia,Italy,3559838.7825000007,hepaxane 4000iu,true
MED#10352,10352,38614/1,HEPCAVIR 0.5,,0.5mg,30,"Tablet, film coated",Benta SAL,Benta Trading Co s.a.l.,Lebanon,18998515.267199997,hepcavir 0 5,true
MED#10353,10353,38714/1,HEPCAVIR 1,,1mg,30,"Tablet, film coated",Benta SAL,Benta Trading Co s.a.l.,Lebanon,18998515.267199997,hepcavir 1,true
MED#7087,7087,186473/12,HEPERONA 25,,25mg,30,"Tablet, coated",Gador SA,Droguerie Phenicia,Argentine,2116551.9375000005,heperona 25,true
MED#7088,7088,186474/12,HEPERONA 50,,50mg,30,"Tablet, coated",Gador SA,Droguerie Phenicia,Argentine,2150148.0000000005,heperona 50,true
MED#8053,8053,11015/1,HERCEPTIN,,440mg,1Vial,Injection,"Genentech Inc, Hillsboro, Oregon",Omnipharma,USA,166423475.66249996,herceptin,true
MED#9458,9458,53618/1,HERCEPTIN,,440mg,1Vial,Injection,Genentech Inc,Omnipharma,USA,166423475.66249996,herceptin,true
MED#11887,11887,70223/1,HEROX,,5mg,30,"Tablet, film coated",Tabuk Pharmaceutical Manufacturing Company,Mersaco,Saudi Arabia,1416409.995,herox,true
MED#11888,11888,70323/1,HEROX,,20mg,1,"Tablet, film coated",Tabuk Pharmaceutical Manufacturing Company,Mersaco,Saudi Arabia,248610.86250000002,herox,true
MED#11889,11889,70423/1,HEROX,,20mg,4,"Tablet, film coated",Tabuk Pharmaceutical Manufacturing Company,Mersaco,Saudi Arabia,929939.01,herox,true
MED#10652,10652,176919/1,HERZUMA,,150mg,1Vial,Powder for concentrate for solution for infusion,Celltrion Inc.,Droguerie Mercury S.A.L.,Korea,35873918.766,herzuma,true
MED#10653,10653,177019/1,HERZUMA,,440mg,1Vial+1BWFI Vial,Powder for concentrate for solution for infusion,Celltrion Inc.,Droguerie Mercury S.A.L.,Korea,82195925.05359375,herzuma,true
MED#12410,12410,104624/1,"HEXASIIL VACCINE (DIPHTERIA, TETANUS, PERTUSSIS, HEPATITIS B, POLIO, HAEMOPHILUS INFLUENZA TYPE B)",,,1Vial,Suspension for injection,Serum Institute of India Pvt Ltd,Unipharm S.A.L.,India,3527586.5625,hexasiil vaccine diphteria tetanus pertussis hepatitis b polio haemophilus influenza type b,true
MED#2634,2634,236878/99,HEXASPRAY COLLUTOIRE PRESSURISE,,,30g,Flacon,Bouchara Recordati,Droguerie de l'Union,France,604729.125,hexaspray collutoire pressurise,true
MED#8675,8675,59416/1,HEXAXIM,,,1 Prefilled syringe,Injectable suspension,Sanofi Pasteur,Mersaco,France,4462900.942500001,hexaxim,true
MED#10863,10863,29618/1,HHT,,16IU (5.32mg),1Vial with freeze dried powder + 1solvent Ampoule,Lyophilized for injection (SC-IM) freeze dried powder,BioSidus SAU,Droguerie Phenicia,Argentine,4078561.9875,hht,true
MED#11927,11927,106724/1,HI DEE,,10000IU,30,"Capsule, soft gelatin",The United Pharmaceutical Manufacturing Co Ltd,Premium Serve Drugstore Co. P.S.D. SAL,Jordan,862746.8850000002,hi dee,true
MED#9800,9800,133416/1,HI DEE,,5000IU,30,"Capsule, soft gelatin",The United Pharmaceutical Manufacturing Co Ltd,Premium Serve Drugstore Co. P.S.D. SAL,Jordan,740457.2175,hi dee,true
MED#9802,9802,125616/1,HI DEE,,50000IU,8,"Capsule, soft gelatin",The United Pharmaceutical Manufacturing Co Ltd,Premium Serve Drugstore Co. P.S.D. SAL,Jordan,518723.20499999996,hi dee,true
MED#4165,4165,261321/97,HI-SODIUM INJECTION,,,500ml,Injectable solution,Alfa Laboratoires S.A.L.,Alfa Laboratoires S.A.L.,Lebanon,176023.73119999998,hi sodium injection,true
MED#4773,4773,38948/96,HI-SODIUM INJECTION WITH POTASSIUM,,,500ml,Injectable solution,Serum Products,Serum Products,Lebanon,165727.0784,hi sodium injection with potassium,true
MED#4772,4772,38949/96,HI-SODIUM WITHOUT POTASSIUM INJECTION,,,In PVC flexible containers 500ml,,Serum Products,Serum Products,Lebanon,166707.712,hi sodium without potassium injection,true
MED#6624,6624,096354/11,HIBOR,,"2,500IU",2x0.2ml Prefilled syringe,SC,Rovi Pharma Industrial Services SA,Abela Frères S.A.L.,Spain,704173.4700000001,hibor,true
MED#6625,6625,218322/09,HIBOR,,"3,500IU",2x0.2ml Prefilled syringe,SC,Rovi Pharma Industrial Services SA,Abela Frères S.A.L.,Spain,1029383.355,hibor,true
MED#6860,6860,97208/12,HIBOR,,"5,000IU",2x0.2ml Prefilled syringe,SC,Rovi Pharma Industrial Services SA,Abela Frères S.A.L.,Spain,1466132.1675000002,hibor,true
MED#6861,6861,97209/12,HIBOR,,"7,500IU",2Prefilled syringes,SC,Rovi Pharma Industrial Services SA,Abela Frères S.A.L.,Spain,2198526.33,hibor,true
MED#8288,8288,45815/1,HIDRASEC,,100mg,10,"Capsule, hard",Sophartex,Mersaco,France,411215.805,hidrasec,true
MED#8287,8287,121714/1,HIDRASEC INFANTS,,10mg,16Sachets,Granules for oral suspension,Sophartex,Mersaco,France,858715.3574999999,hidrasec infants,true
MED#9382,9382,126117/1,HIDROFEROL,,0.266mg,10,"Capsule, soft",Faes Farma SA,Power Pharm S.A.R.L.,Spain,1316965.6500000001,hidroferol,true
MED#6283,6283,166816/11,HIKMA CEFAZOLIN,,1000mg,1Vial,Injection,Hikma Farmaceutica,Abela Frères S.A.L.,Portugal,215014.80000000005,hikma cefazolin,true
MED#6995,6995,97492/12,HIKMA MIDAZOLAM,,5mg/ml,10amp,,Hikma Farmaceutica,Abela Frères S.A.L.,Portugal,679984.3049999999,hikma midazolam,true
MED#12405,12405,111723/1,HISCOPINE (HYOSCINE BUTYL BROMIDE INJECTION),,20mg/ml,,IV/IM,Indus Pharma Pvt. Limited,Cure Pharmaceutical,India,3217158.945000001,hiscopine hyoscine butyl bromide injection,true
MED#11502,11502,54721/1,HISTAFEN,,2%,13ml,Topical solution,Dar Al Dawa Development & Investment Co Ltd,Sadco,Jordan,362837.4750000001,histafen,true
MED#5241,5241,24893/07,HISTALIX,,5ml/dose,150ml,Syrup,Laleham Health and Beauty Limited,Taba Chemipharm,UK,384338.95499999996,histalix,true
MED#8748,8748,20715/1,HISTAMED,,1%,30g,Gel,Mediphar Laboratories,Pharmapro,Lebanon,477384.05000000005,histamed,true
MED#4429,4429,25660,HISTAMED-F,,,90ml,Syrup,Mediphar Laboratories,Pharmapro,Lebanon,712876.4500000001,histamed f,true
MED#9927,9927,64619/1,HISTAMED-F,,,28,"Tablet, coated",Mediphar Laboratories,Pharmapro,Lebanon,579772.05,histamed f,true
MED#9907,9907,30619/1,HISTERGAN,,,25g,Cream,Laleham Health and Beauty Limited,Taba Chemipharm,UK,546943.8975,histergan,true
MED#9716,9716,172518/1,HIZENTRA 1G,,200mg/ml,1Vial x 5ml,Solution for injection for subcutaneous use,"Packed by Benta SAL Lebanon under license from CSL Behring AG, Switzerland",Benta Trading Co s.a.l.,Lebanon,9645968.280669,hizentra 1g,true
MED#9717,9717,172618/1,HIZENTRA 2G,,200mg/ml,1Vial x 10ml,Solution for injection for subcutaneous use,"Packed by Benta SAL Lebanon under license from CSL Behring AG, Switzerland",Benta Trading Co s.a.l.,Lebanon,18421867.992175203,hizentra 2g,true
MED#9718,9718,172818/1,HIZENTRA 4G,,200mg/ml,1Vial x 20ml,Solution for injection for subcutaneous use,"Packed by Benta SAL Lebanon under license from CSL Behring AG, Switzerland",Benta Trading Co s.a.l.,Lebanon,33129542.597172003,hizentra 4g,true
MED#12354,12354,22425/1,HOLOXAN,,1g,1,Vial,Baxter Oncology GmbH,Abela Frères S.A.L.,Germany,3586715.632500001,holoxan,true
MED#516,516,27263,HOLOXAN,,1g,1,Vial,Baxter Oncology GmbH,Abela Frères S.A.L.,Germany,3586850.0167500004,holoxan,true
MED#4502,4502,81/95,HUILE DE PARAFFINE,,,240ml,Liquid,Mephico SAL,Mephico S.A.L.,Lebanon,207335.7,huile de paraffine,true
MED#4504,4504,80/95,HUILE DE RICIN,,,60ml,Liquid,Mephico SAL,Mephico S.A.L.,Lebanon,163820.80000000002,huile de ricin,true
MED#10869,10869,73018/01,HUMACE PLUS,,,30,Tablet,Kwality Pharmaceuticals Limited,Multipharm,India,575164.5900000002,humace plus,true
MED#1028,1028,405474/00,HUMALOG,,100IU/ml,10ml,Vial,Eli Lilly & Co,Droguerie de l'Union,USA,1988886.9000000001,humalog,true
MED#5844,5844,219257/09,HUMALOG KWIKPEN,,100IU/ml,5 Pens,Solution for injection,Lilly France SAS,Droguerie de l'Union,France,3950896.95,humalog kwikpen,true
MED#5843,5843,219263/09,HUMALOG MIX 25 KWIKPEN,,100IU/ml,5 Pens,Suspension for injection,Lilly France SAS,Droguerie de l'Union,France,3950896.95,humalog mix 25 kwikpen,true
MED#5842,5842,219262/09,HUMALOG MIX 50 KWIKPEN,,100IU/ml,5 Pens,Suspension for injection,Lilly France SAS,Droguerie de l'Union,France,3950896.95,humalog mix 50 kwikpen,true
MED#3267,3267,405966,"HUMAN ALBUMIN ""OCTAPHARMA"" 20%",,20%,50ml,Infusion solution,Octapharma Pharmazeutika Produktions GesmbH,Mediterranean Pharmaceutical Company,Austria,4863366.0075,human albumin octapharma 20,true
MED#9604,9604,136918/1,HUMAN ALBUMIN 20% SOLUTION,,20%,50ml,Solution for infusion,"CSL Behring AG, Switzerland packed by Benta SAL Lebanon under license from CSL Behring AG, Switzerland",Benta Trading Co s.a.l.,Lebanon,4343342.868865,human albumin 20 solution,true
MED#8989,8989,20117/1,"HUMAN ALBUMIN BEHRING 20%, LOW SALT",,20%,50ml,Solution for infusion,"Packed by Benta SAL Lebanon under license from CSL Behring GmbH, Germany",Benta Trading Co s.a.l.,Lebanon,4343342.868865,human albumin behring 20 low salt,true
MED#12406,12406,111623/1,HUMAXONE (CEFTRIAXONE FOR INJECTION USP 1000MG),,1g,with 1ampoule 3.5ml of lidocaine HCl USP 1%w/v,Injection,Kwality Pharmaceuticals Limited,Cure Pharmaceutical,India,389714.32500000007,humaxone ceftriaxone for injection usp 1000mg,true
MED#5879,5879,23739/06,HUMEX RHUME,,,12Tab + 4Caps,Tablet/ Capsule,Laboratoires Urgo,Pharmamedic S.A.R.L.,France,467657.19,humex rhume,true
MED#6113,6113,167511/10,HUMEXLIB PARACETAMOL CHLORPHENAMINE,,,16,Capsule,Laboratoires Urgo,Pharmamedic S.A.R.L.,France,598009.9125,humexlib paracetamol chlorphenamine,true
MED#11409,11409,56418/1,HUMFINE,,100mg/2ml,50Ampoules of 2ml,Injection,Kwality Pharmaceuticals Limited,Multipharm,India,3514148.1375,humfine,true
MED#9597,9597,135418/1,HUMIRA,,40mg/0.4ml,2 Prefilled Pens,Solution for Injection,Vetter Pharma- Fertigung GmbH & Co KG,Interpharma S.A.L.,Germany,34045375.0182,humira,true
MED#1037,1037,26862,HUMULIN 70/30,,100UI/ml,10ml,Vial,Eli Lilly & Co,Droguerie de l'Union,USA,701485.7850000001,humulin 70 30,true
MED#1039,1039,26578,HUMULIN N U-100,,100IU/ml,10ml,Vial,Eli Lilly & Co,Droguerie de l'Union,USA,701485.7850000001,humulin n u 100,true
MED#1038,1038,26579,HUMULIN R U-100,,100UI/ml,10ml,Vial,Eli Lilly & Co,Droguerie de l'Union,USA,701485.7850000001,humulin r u 100,true
MED#554,554,148175/03,HYALGAN,,20mg/2ml,1,Prefilled syringe,Fidia Farmaceutici SpA,C. Catafago & Co,Italy,3407984.58,hyalgan,true
MED#11376,11376,45420/1,HYALO4 PLUS,,,25g,Cream,Fidia Farmaceutici SpA,C. Catafago & Co,Italy,466313.3475000001,hyalo4 plus,true
MED#11520,11520,4923/1,HYCAMTIN IV,,4mg,5 Vials,Injection,GlaxoSmithKline Manufacturing SpA,Khalil Fattal & Fils S.A.L.,Italy,52580031.189,hycamtin iv,true
MED#8862,8862,129916/1,HYCAMTIN IV,,4mg,5 Vials,Injection,GlaxoSmithKline Manufacturing SpA,Khalil Fattal & Fils S.A.L.,Italy,52580031.189,hycamtin iv,true
MED#11051,11051,81817/1,HYDROCORTISON VUAB,,100mg,1Vial,Powder for solution for injection,Vuab Pharma AS,New Europharm,Czech Republic,147822.67500000002,hydrocortison vuab,true
MED#4431,4431,2707/94,HYDROCORTISONE ACETATE,,1%,15g,Cream,Mediphar Laboratories,Medapharm Healthcare SAL,Lebanon,215014.80000000005,hydrocortisone acetate,true
MED#9729,9729,56318/1,HYDROCORTISONE ORBUCELL,,100mg,Box of 10Vials,Injection powder for IM/IV Infusion,Packed by Pharmadex SAL under license from Orbucell Canada,Medi drug International SAL (MDI),Lebanon,1091712.0500000003,hydrocortisone orbucell,true
MED#2647,2647,208286/03,HYDROCORTISONE PANPHARMA,,100mg,Boite de 50Vials,Poudre pour sol. inj.,Panpharma,Minapharm Halabi,France,11489853.375,hydrocortisone panpharma,true
MED#2645,2645,947/72,HYDROCORTISONE ROUSSEL,,10mg,25,"Tablet, scored",Opella Healthcare International SAS,Mersaco,France,260705.445,hydrocortisone roussel,true
MED#4505,4505,21365,HYDROMYCINE,,,15g,Cream,Mephico SAL,Mephico S.A.L.,Lebanon,238052.10000000006,hydromycine,true
MED#12626,12626,55926/1,HYDROXYCARBAMIDE ARROW,,500mg,20,Gélule,APL Swift Services (Malta) Limited,Darapharma S.A.L.,Malta,1006538.0325000002,hydroxycarbamide arrow,true
MED#4508,4508,24962,HYGROTON,,50mg,20,Tablet,Mephico SAL,Mephico S.A.L.,Lebanon,422350.5,hygroton,true
MED#3950,3950,148393/04,HYPODIPINE 5,,,28,Capsule,Middle East Pharmaceutical Co Midpharma,Macromed S.A.R.L.,Jordan,362837.4750000001,hypodipine 5,true
MED#11610,11610,2023/1,HYPOSEC,,20mg,56,Capsule,RAM Pharmaceutical Industries Co Ltd,Premium Serve Drugstore Co. P.S.D. SAL,Jordan,1478226.7500000005,hyposec,true
MED#3593,3593,405471/00,HYPOSEC,,20mg,14,Capsule,RAM Pharmaceutical Industries Co Ltd,Premium Serve Drugstore Co. P.S.D. SAL,Jordan,659826.6675,hyposec,true
MED#9893,9893,34319/1,HYPOTONIC SALINE,,0.45%,500ml Viaflex bag,Injectable solution,Alfa Laboratoires S.A.L.,Alfa Laboratoires S.A.L.,Lebanon,149393.4,hypotonic saline,true
MED#9894,9894,34419/1,HYPOTONIC SALINE,,0.45%,1000ml Viaflex bag,Injectable solution,Alfa Laboratoires S.A.L.,Alfa Laboratoires S.A.L.,Lebanon,163183.55999999997,hypotonic saline,true
MED#12160,12160,13224/1,HYRIMOZ,,40mg/0.4ml,2Prefilled syringe,Solution for injection,Novartis Pharmaceutical Manufacturing GmbH,Khalil Fattal & Fils S.A.L.,Austria,52871023.4808,hyrimoz,true
MED#12161,12161,13324/1,HYRIMOZ,,40mg/0.4ml,2Prefilled pen,Solution for injection,Novartis Pharmaceutical Manufacturing GmbH,Khalil Fattal & Fils S.A.L.,Austria,52871023.4808,hyrimoz,true
MED#9748,9748,41219/1,HYRIMOZ,,40mg,2Prefilled syringe,Solution for injection,Novartis Pharmaceutical Manufacturing GmbH,Khalil Fattal & Fils S.A.L.,Austria,19536162.64931499,hyrimoz,true
MED#9749,9749,41119/1,HYRIMOZ,,40mg,2Prefilled pen,Solution for injection,Novartis Pharmaceutical Manufacturing GmbH,Khalil Fattal & Fils S.A.L.,Austria,19536162.64931499,hyrimoz,true
MED#6848,6848,97889/12,HYZAAR,,100/12.5mg,28,Tablet,"Algorithm S.A.L. under license from Organon LLC 30 Hudson Street, Jersey City, NJ, USA",Droguerie de l'Union,Lebanon,1740596,hyzaar,true
MED#771,771,236879/00,IALUGEN PLUS,,,60g,Cream,IBSA,Alisar Pharma Corp,Switzerland,1064323.26,ialugen plus,true
MED#772,772,236880/00,IALUGEN PLUS,,,10,Gauze,IBSA,Alisar Pharma Corp,Switzerland,1463444.4825,ialugen plus,true
MED#10663,10663,98721/1/1,IBRANCE,,75mg,21,"Tablet, film coated",Pfizer Manufacturing Deutschland GmbH,Droguerie Fattal S.A.L.,Germany,172164215.76375002,ibrance,true
MED#10664,10664,108521/1,IBRANCE,,100mg,21,"Tablet, film coated",Pfizer Manufacturing Deutschland GmbH,Droguerie Fattal S.A.L.,Germany,172164215.76375002,ibrance,true
MED#10665,10665,108421/1,IBRANCE,,125mg,21,"Tablet, film coated",Pfizer Manufacturing Deutschland GmbH,Droguerie Fattal S.A.L.,Germany,172164215.76375002,ibrance,true
MED#8520,8520,1716/1,IBRANCE,,75mg,21,Capsule,Viatris Pharmaceuticals LLC,Droguerie Fattal S.A.L.,USA,172164215.76375002,ibrance,true
MED#8521,8521,1816/1,IBRANCE,,100mg,21,Capsule,Viatris Pharmaceuticals LLC,Droguerie Fattal S.A.L.,USA,172164215.76375002,ibrance,true
MED#8522,8522,1916/1,IBRANCE,,125mg,21,Capsule,Viatris Pharmaceuticals LLC,Droguerie Fattal S.A.L.,USA,172164215.76375002,ibrance,true
MED#7417,7417,97970/12,IBUGESIC COLD AND SINUS,,,20,"Tablet, film coated",Dar Al Dawa Development & Investment Co Ltd,Sadco,Jordan,154541.88749999998,ibugesic cold and sinus,true
MED#11486,11486,124622/1,IBUPROFEN B. BRAUN,,200mg/50ml (4mg/ml),1Bottle,Solution for infusion,B. Braun Medical SA,Droguerie de l'Union,Spain,161261.10000000003,ibuprofen b braun,true
MED#11487,11487,124722/1,IBUPROFEN B. BRAUN,,400mg/100ml (4mg/ml),1Bottle,Solution for infusion,B. Braun Medical SA,Droguerie de l'Union,Spain,231140.91000000006,ibuprofen b braun,true
MED#11488,11488,124722/1,IBUPROFEN B. BRAUN,,600mg/100ml (6mg/ml),1Bottle,Solution for infusion,B. Braun Medical SA,Droguerie de l'Union,Spain,550975.425,ibuprofen b braun,true
MED#11697,11697,142422/1,IBUSOL,,100mg/5ml,1glass bottle of 100ml,Oral suspension,Alfa Laboratoires S.A.L.,Alfa Laboratoires S.A.L.,Lebanon,309723.7,ibusol,true
MED#11419,11419,98520/1,IBUSTICK,,50mg/g,60g,Gel roll on,Farmasierra Manufacturing SL,Macromed S.A.R.L.,Spain,857371.515,ibustick,true
MED#4600,4600,2889,ICHTAMMOL OINTMENT,,10%,15g,Ointment,Pharmadex,Pharmadex,Lebanon,90869.35000000003,ichtammol ointment,true
MED#8081,8081,120114/1,ICHTAMMOL OINTMENT,,10%,30g,Ointment,Pharmadex,Pharmadex,Lebanon,174059.60000000003,ichtammol ointment,true
MED#11586,11586,8422/1,ICLUSIG,,15mg,30,"Tablet, film coated",Takeda Ireland Ltd,Droguerie de l'Union,Ireland,103555839.18387583,iclusig,true
MED#11587,11587,8322/1,ICLUSIG,,45mg,30,"Tablet, film coated",Takeda Ireland Ltd,Droguerie de l'Union,Ireland,207092650.77580896,iclusig,true
MED#3268,3268,974211/01,IFENEC,,150mg,6,Vaginal Ovule,Fulton Medicinali SpA,Droguerie Phenicia,Italy,546943.8975,ifenec,true
MED#10062,10062,92217/1,IG VENA,,50g/l,1Vial of 200ml,Solution for infusion,Kedrion SpA,Macromed S.A.R.L.,Italy,55897162.598502934,ig vena,true
MED#10063,10063,92017/1,IG VENA,,50g/l,1Vial of 50ml,Solution for infusion,Kedrion SpA,Macromed S.A.R.L.,Italy,17011322.924399998,ig vena,true
MED#10064,10064,92117/1,IG VENA,,50g/l,1Vial of 100ml,Solution for infusion,Kedrion SpA,Macromed S.A.R.L.,Italy,28622365.707599998,ig vena,true
MED#10065,10065,91917/1,IG VENA,,50g/l,1Vial of 20ml,Solution for infusion,Kedrion SpA,Macromed S.A.R.L.,Italy,7474947.985050001,ig vena,true
MED#12194,12194,88222/1,ILFLOX,,500mg,7,"Tablet, film coated",Ilko Ilac San. ve Tic. A.S,BroadMed SAL,Turkey,587259.1725000002,ilflox,true
MED#9764,9764,124018/1,ILUVIEN,,0.19mg,,Intravitreal Implant,Alliance Medical Products Inc.,Droguerie de l'Union,USA,629182629.928125,iluvien,true
MED#12242,12242,92719/1,IMAREM,,400mg,30,"Tablet, film coated",Remedica Ltd,Droguerie Columbus,Cyprus,64682116.65300002,imarem,true
MED#10956,10956,90922/1,IMATINIB NEAPOLIS,,400mg,30,"Tablet, film coated",Neapolis Pharma,Medis Pharm Drugstore,Tunisia,36046335.0744,imatinib neapolis,true
MED#10957,10957,90722/1,IMATINIB NEAPOLIS,,100mg,60,"Tablet, film coated",Neapolis Pharma,Medis Pharm Drugstore,Tunisia,31085276.040000003,imatinib neapolis,true
MED#10958,10958,90822/1,IMATINIB NEAPOLIS,,100mg,30,"Tablet, film coated",Neapolis Pharma,Medis Pharm Drugstore,Tunisia,16144207.329599999,imatinib neapolis,true
MED#12216,12216,87824/1,IMATINIB PHARMINICIO,,400mg,30,"Tablet, coated",Laboratori Fundacio DAU,Mediterranean Pharmaceutical Company,Spain,26083944.5832,imatinib pharminicio,true
MED#12217,12217,87724/1,IMATINIB PHARMINICIO,,100mg,180,"Tablet, coated",Laboratori Fundacio DAU,Mediterranean Pharmaceutical Company,Spain,26083944.5832,imatinib pharminicio,true
MED#12282,12282,128324/1,IMATINIB SHILPA MESYLATE,,100mg,30,"Tablet, film coated","Shilpa Medicare Limited, India",Levant Pulse SARL,India,14396132.494800003,imatinib shilpa mesylate,true
MED#12283,12283,128424/1,IMATINIB SHILPA MESYLATE,,400mg,30,"Tablet, film coated","Shilpa Medicare Limited, India",Levant Pulse SARL,India,21518058.6936,imatinib shilpa mesylate,true
MED#11264,11264,6521/1,IMATINIB SPC,,400mg,30,"Tablet, film coated","Pharmaline SAL Licensed by Sudair Pharma Company, KSA",Advanced Healthcare Services SAL,Lebanon,53700121.72,imatinib spc,true
MED#11265,11265,6621/1,IMATINIB SPC,,100mg,60,"Tablet, film coated","Pharmaline SAL Licensed by Sudair Pharma Company, KSA",Advanced Healthcare Services SAL,Lebanon,29473180.56,imatinib spc,true
MED#10596,10596,180920/1,IMBRUVICA,,140mg,30,"Tablet, film coated",Cilag AG,Mersaco,Switzerland,194761649.2467187,imbruvica,true
MED#10597,10597,180820/1,IMBRUVICA,,420mg,30,"Tablet, film coated",Cilag AG,Mersaco,Switzerland,584282876.7660936,imbruvica,true
MED#11728,11728,124/1,IMFINZI,,120mg/2.4ml (50mg/ml),1Vial,Injection,AstraZeneca AB,Omnipharma,Sweden,59776110.429,imfinzi,true
MED#11729,11729,74419/1,IMFINZI,,500mg/10ml (50mg/ml),1Vial,Injection,AstraZeneca AB,Omnipharma,Sweden,227939689.215,imfinzi,true
MED#9703,9703,127318/1,IMIGRAN,,50mg,2,"Tablet, film coated",Delpharm Poznan Spolka Akcyjna,Abela Frères S.A.L.,Poland,378963.5850000001,imigran,true
MED#9704,9704,127418/1,IMIGRAN,,100mg,2,"Tablet, film coated",Delpharm Poznan Spolka Akcyjna,Abela Frères S.A.L.,Poland,616823.7075,imigran,true
MED#9886,9886,13319/1,IMILASTIN,,,box of 5Vials,Powder for solution for infusion,"Packed by Pharmadex SAL Lebanon under license from ACS Dobfar SpA, Italy",Drugstore 3U S.A.R.L.,Lebanon,6101611.789273,imilastin,true
MED#6254,6254,167824/11,IMIPENEM-CILASTATIN LABATEC,,500mg,10 Vials,Injectable powder for solution for infusion,ACS Dobfar S.P.A.,Levant Alie Houses S.A.L.,Italy,8922845.149575002,imipenem cilastatin labatec,true
MED#6776,6776,97203/12,IMIPENEME CILASTATINE PANPHARMA,,500mg,10 Vials,Injectable powder for solution for infusion,ACS Dobfar S.P.A.,Minapharm Halabi,Italy,9421088.288849998,imipeneme cilastatine panpharma,true
MED#12571,12571,39823/1,IMJUDO,,25mg/1.25ml,1Vial,Injection for intravenous infusion,Vetter Pharma- Fertigung GmbH & Co KG,Omnipharma,Germany,141444422.00765625,imjudo,true
MED#12572,12572,39723/1,IMJUDO,,300mg/15ml,1Vial,Injection for intravenous infusion,Vetter Pharma- Fertigung GmbH & Co KG,Omnipharma,Germany,1487881995.8198435,imjudo,true
MED#6958,6958,97879/11,IMMUNINE,,600IU,1Vial + 1Vial (Water for injection),Injectable lyophilised powder for solution for injection or infusion +Solvent,Baxter AG,Abela Frères S.A.L.,Austria,20506214.080800004,immunine,true
MED#9031,9031,90316/1,IMMUNOGLOBULINE HUMAINE DE L'HEPATITE B LFB,,100UI/ml,Seringue preremplie,Solution injectable IM,LFB Biomedicaments,Droguerie R. Pharaon & Fils S.A.L.,France,6853730.465671642,immunoglobuline humaine de l hepatite b lfb,true
MED#9032,9032,90416/1,IMMUNOGLOBULINE HUMAINE DE L'HEPATITE B LFB,,500UI/5ml,Seringue preremplie,Solution injectable IM,LFB Biomedicaments,Codipha,France,26599934.995200004,immunoglobuline humaine de l hepatite b lfb,true
MED#12105,12105,75624/1,IMMUNOREL,,5g (5%),bottle 100ml,Solution for intravenous administration,Reliance Life Sciences pvt Ltd,Levant Pulse SARL,India,29700911.520000003,immunorel,true
MED#12106,12106,75524/1,IMMUNOREL,,2.5g (2.5%),bottle 50ml,Solution for intravenous administration,Reliance Life Sciences pvt Ltd,Levant Pulse SARL,India,14850455.760000002,immunorel,true
MED#6723,6723,166602/11,IMMUNORHO,,300mcg (1500IU),1 Vial,Injectable powder and solvent for IM,Kedrion SpA,Macromed S.A.R.L.,Italy,5794648.86,immunorho,true
MED#11547,11547,146421/1,IMNOVID,,2mg,21,"Capsule, hard",Celgene International SARL,Droguerie de l'Union,Switzerland,290515206.0004687,imnovid,true
MED#11549,11549,146721/1,IMNOVID,,4mg,21,"Capsule, hard",Celgene International SARL,Droguerie de l'Union,Switzerland,290515206.0004687,imnovid,true
MED#10094,10094,192318/1,IMODIUM,,2mg,6,Capsule,Lusomedicamenta Sociedade Tecnica Farmaceutica SA,Droguerie Columbus,Portugal,138415.7775,imodium,true
MED#7651,7651,96736/12,IMODIUM INSTANTS,,,12,"Tablet, orodispersible",Catalent UK Swindon Zydis Ltd,Droguerie Columbus,UK,451531.08,imodium instants,true
MED#11920,11920,78120/1,IMOX,,,5ml,Eye drops,Amman Pharmaceutical Industries,Germanos Health Care Supplies SARL,Jordan,464969.505,imox,true
MED#8018,8018,69914/1,IMPLANON NXT,,68mg,1,Implant for subdermal use,N.V. Organon,Droguerie de l'Union,The Netherlands,12299970.970875,implanon nxt,true
MED#12200,12200,94423/1,IMUKIN,,100mcg/0.5ml,1,Vial,Boehringer Ingelheim Pharma GmbH & Co KG,BroadMed SAL,Germany,6348311.9700000025,imukin,true
MED#5090,5090,24729/07,IMUNOCELL,,500mg,50,"Tablet, film coated",Benta SAL,Benta Trading Co s.a.l.,Lebanon,3791427.64,imunocell,true
MED#12294,12294,38623/1,IMURAN,,50mg,100,Tablet,Aspen SA Operations (pty) Ltd,Abela Frères S.A.L.,South Africa,2030546.0175000005,imuran,true
MED#7506,7506,186167/13,IMURAN,,50mg,100,Tablet,Excella GmbH & Co KG,Abela Frères S.A.L.,Germany,2030546.0174999998,imuran,true
MED#10766,10766,58120/1,INAGLIMET,,2.5/850mg,60,"Tablet, film coated",Pharmaline SAL,Pharmaline S.A.L.,Lebanon,1670844.175,inaglimet,true
MED#10767,10767,58020/1,INAGLIMET,,2.5/1000mg,60,"Tablet, film coated",Pharmaline SAL,Pharmaline S.A.L.,Lebanon,1670844.175,inaglimet,true
MED#10585,10585,30420/1,INAGLIP,,5mg,30,"Tablet, film coated",Pharmaline SAL,Pharmaline S.A.L.,Lebanon,1242606.3649999998,inaglip,true
MED#10758,10758,9720/1,INCRESYNC,,25mg/30mg,28,"Tablet, film coated","The Arab Pharmaceutical Manufacturing PSC, Sult under license from Takeda Pharmaceuticals International AG, Switzerland",Century Pharma SAL,Jordan,3147279.1350000002,incresync,true
MED#11526,11526,16922/1,INCRESYNC,,25mg/15mg,28,"Tablet, film coated","The Arab Pharmaceutical Manufacturing PSC, Sult under license from Takeda Pharmaceuticals International AG, Switzerland",Century Pharma SAL,Jordan,3147279.1350000002,incresync,true
MED#4306,4306,25489,INDOCID,,100mg,10,Suppository,Algorithm S.A.L.,Droguerie de l'Union,Lebanon,424910.2,indocid,true
MED#2451,2451,78986/98,INDOCOLLYRE,,0.1%,5ml,Collyre,Chauvin,Spephal S.A.L.,France,408528.12,indocollyre,true
MED#4602,4602,20040,INDOMEL,,25mg,30,Capsule,Pharmadex,Pharmadex,Lebanon,170220.05000000005,indomel,true
MED#4603,4603,22583,INDOMEL,,100mg,10,Suppository,Pharmadex,Pharmadex,Lebanon,222693.90000000002,indomel,true
MED#5416,5416,222406/08,INDUCTAL,,2mg,30,"Tablet, film coated",Roemmers S.A.I.C.F.,Droguerie Phenicia,Argentine,1411034.6250000002,inductal,true
MED#5417,5417,222407/08,INDUCTAL,,3mg,30,"Tablet, film coated",Roemmers S.A.I.C.F.,Droguerie Phenicia,Argentine,1693241.55,inductal,true
MED#5394,5394,23864/07,INFANRIX HEXA,,,1dose= 0.5ml,(1vial with freeze dried HIB powder +1 prefilled syringe with DTPa-HBV-IPV+2 needles) for suspension for injection,GlaxoSmithKline Biologicals SA,Abela Frères S.A.L.,Belgium,4230416.19,infanrix hexa,true
MED#34,34,973379/01,INFANRIX IPV + HIB,,,,,GlaxoSmithKline Biologicals SA,Abela Frères S.A.L.,Belgium,3014238.7274999996,infanrix ipv hib,true
MED#8456,8456,135514/1,INFASURF,,35mg/ml,1Vial x 6ml,Intratracheal suspension,ONY Inc,Droguerie de l'Union,USA,40596748.92,infasurf,true
MED#8457,8457,135414/1,INFASURF,,35mg/ml,1Vial x 3ml,Intratracheal suspension,ONY Inc,Droguerie de l'Union,USA,23344161.346800003,infasurf,true
MED#11206,11206,47819/1,INFLACAM,,20mg/ml,3Ampoules,Ampoule for IM injection,Arab Company for Pharmaceuticals and Medicinal Plants (Mepaco-Medifood),Macromed S.A.R.L.,Egypt,190825.635,inflacam,true
MED#12212,12212,95023/1,INFLACAM,,20mg/ml,3Ampoules,Ampoule for IM injection,Medical Union Pharmaceuticals (MUP),Macromed S.A.R.L.,Egypt,193513.32000000004,inflacam,true
MED#12277,12277,133924/1,INFLIXIREL,,100mg,1Vial,Powder for concentrate for solution for infusion,Reliance Life Sciences pvt Ltd,Levant Pulse SARL,India,18065956.986,inflixirel,true
MED#3938,3938,195330/04,INFLORAN,,0.25g,20,Capsule,Laboratorio Farmaceutico (SIT) Specialita Igienico Terapeutiche S.r.l.,Pharmamedic S.A.R.L.,Italy,647732.0850000001,infloran,true
MED#3188,3188,405530/00,INFLUVAC,,,0.5ml,Injectable suspension,Abbott Biologicals BV,Mersaco,The Netherlands,573820.7475,influvac,true
MED#10277,10277,121320/1,INFLUVAC TETRA,,,1pre-filled syringe,Suspension for injection,Abbott Biologicals BV,Mersaco,The Netherlands,970254.285,influvac tetra,true
MED#12239,12239,58122/1,INHALEX,,18mcg,30Hard gelatin capsules + inhalation device,Inhalation dry powder,EVA Pharma for Pharmaceuticals and Medical Appliances,C. Catafago & Co,Egypt,1906912.5075000003,inhalex,true
MED#10317,10317,149519/1,INLYTA,,5mg,56,"Tablet, film coated",Pfizer Manufacturing Deutschland GmbH,Droguerie Fattal S.A.L.,Germany,136632513.7734375,inlyta,true
MED#10318,10318,1494/19,INLYTA,,1mg,56,"Tablet, film coated",Pfizer Manufacturing Deutschland GmbH,Droguerie Fattal S.A.L.,Germany,33373253.037600003,inlyta,true
MED#2025,2025,26464,INSULATARD,,100IU/ml,10ml,Vial,Novo Nordisk AS,Mersaco,Denmark,752551.8,insulatard,true
MED#8496,8496,145014/1,INSULATARD,,100IU/ml,10ml,Vial,"Novo Nordisk Production SAS, Chartres",Mersaco,France,752551.8,insulatard,true
MED#6073,6073,167170/10,INUVER,,100mcg/6mcg/dose,120 actuations,Solution for inhalation,Chiesi Farmaceutici SpA,Sadco,Italy,3225222.000000001,inuver,true
MED#10115,10115,109019/1,INUVER NEXTHALER,,100mcg/6mcg,1Inhaler 120doses,Inhalation powder,Chiesi Farmaceutici SpA,Sadco,Italy,4031527.500000001,inuver nexthaler,true
MED#8181,8181,61115/1,INVANZ,,1g,1 Vial,Powder for concentrate for solution for infusion,Fareva Mirabel,Droguerie de l'Union,France,3203720.52,invanz,true
MED#9162,9162,84317/1,INVEGA,,3mg,28,"Tablet, prolonged release",Janssen Cilag Manufacturing LLC,Mersaco,Puerto Rico,2912106.6975000007,invega,true
MED#9163,9163,84417/1,INVEGA,,6mg,28,"Tablet, prolonged release",Janssen Cilag Manufacturing LLC,Mersaco,Puerto Rico,5825557.237500001,invega,true
MED#9164,9164,84517/1,INVEGA,,9mg,28,"Tablet, prolonged release",Janssen Cilag Manufacturing LLC,Mersaco,Puerto Rico,5825557.237500001,invega,true
MED#6797,6797,97855/11,INVEGA SUSTENNA,,100mg,1 prefilled syringe + 2 needles,"Injectable suspension, prolonged release",Janssen Pharmaceutica NV,Mersaco,Belgium,19068992.0064,invega sustenna,true
MED#6798,6798,97854/11,INVEGA SUSTENNA,,75mg,1 prefilled syringe + 2 needles,"Injectable suspension, prolonged release",Janssen Pharmaceutica NV,Mersaco,Belgium,15240594.852,invega sustenna,true
MED#6799,6799,97852/11,INVEGA SUSTENNA,,50mg,1 prefilled syringe + 2 needles,"Injectable suspension, prolonged release",Janssen Pharmaceutica NV,Mersaco,Belgium,9661754.034975,invega sustenna,true
MED#6800,6800,97856/11,INVEGA SUSTENNA,,150mg,1 prefilled syringe + 2 needles,"Injectable suspension, prolonged release",Janssen Pharmaceutica NV,Mersaco,Belgium,27480894.235200003,invega sustenna,true
MED#8587,8587,103714/1,IPNODIS MEDIS,,5mg/ml,10Ampoules x 1ml,Injectable solution,Les Laboratoires Medis SA,Medis Pharm Drugstore,Tunisia,565757.6924999999,ipnodis medis,true
MED#6939,6939,097201/12,IPPROTON,,40mg,10Vials,Lyophilised powder,Les Laboratoires Medis SA,Medis Pharm Drugstore,Tunisia,6533762.234999999,ipproton,true
MED#11751,11751,819/01,IPRASAL VEM,,,20Vialsx2.5ml,Single dose inhalation solution for nebulization,Vem Ilac San. Ve Tic AS,New Europharm,Turkey,417935.0175,iprasal vem,true
MED#8374,8374,95315/1,IPRATROPIUM ARROW ADULTES,,0.5mg/2ml,Récipient unidose boite de 10,Solution pour Inhalation par nébuliseur,Laboratoire Unither,Darapharma S.A.L.,France,303708.405,ipratropium arrow adultes,true
MED#6120,6120,24986/07,IPRAVENT,,,20x2ml,Respule,Cipla Ltd,Droguerie de l'Union,India,630262.1325000001,ipravent,true
MED#10586,10586,17921/1,IRBAVEL 150,,150mg,30,"Tablet, film coated",Benta SAL,Benta Trading Co s.a.l.,Lebanon,564413.8500000001,irbavel 150,true
MED#10587,10587,17821/1,IRBAVEL 300,,300mg,30,"Tablet, film coated",Benta SAL,Benta Trading Co s.a.l.,Lebanon,564413.8500000001,irbavel 300,true
MED#10588,10588,17721/1,IRBAVEL PLUS 150/12.5,,150/12.5mg,30,"Tablet, film coated",Benta SAL,Benta Trading Co s.a.l.,Lebanon,559294.4500000001,irbavel plus 150 12 5,true
MED#10589,10589,17621/1,IRBAVEL PLUS 300/12.5,,300/12.5mg,30,"Tablet, film coated",Benta SAL,Benta Trading Co s.a.l.,Lebanon,559294.4500000001,irbavel plus 300 12 5,true
MED#10590,10590,17521/1,IRBAVEL PLUS 300/25,,300/25mg,30,"Tablet, film coated",Benta SAL,Benta Trading Co s.a.l.,Lebanon,624566.8,irbavel plus 300 25,true
MED#12379,12379,109525/1,IRBESARTAN ARROW,,150mg,90,Comprimés,APL Swift Services (Malta) Limited,Darapharma S.A.L.,Malta,1326372.5475000003,irbesartan arrow,true
MED#12380,12380,109624/1,IRBESARTAN ARROW,,300mg,90,Comprimés,APL Swift Services (Malta) Limited,Darapharma S.A.L.,Malta,1326372.5475000003,irbesartan arrow,true
MED#9070,9070,23717/1,IRBESARTAN ARROW,,150mg,30,Comprimes,APL Swift Services (Malta) Limited,Darapharma S.A.L.,Malta,470344.87499999994,irbesartan arrow,true
MED#9071,9071,23817/1,IRBESARTAN ARROW,,300mg,30,Comprimes,APL Swift Services (Malta) Limited,Darapharma S.A.L.,Malta,470344.8750000001,irbesartan arrow,true
MED#12560,12560,133822/1,IRBESARTAN/HYDROCHLOROTHIAZIDE ARROW,,150mg/12.5mg,30,"Tablet, film coated",APL Swift Services (Malta) Limited,Darapharma S.A.L.,Malta,470344.8750000001,irbesartan hydrochlorothiazide arrow,true
MED#12561,12561,134022/1,IRBESARTAN/HYDROCHLOROTHIAZIDE ARROW,,300mg/25mg,30,"Tablet, film coated",APL Swift Services (Malta) Limited,Darapharma S.A.L.,Malta,470344.8750000001,irbesartan hydrochlorothiazide arrow,true
MED#12562,12562,134022/1,IRBESARTAN/HYDROCHLOROTHIAZIDE ARROW,,300mg/12.5mg,30,"Tablet, film coated",APL Swift Services (Malta) Limited,Darapharma S.A.L.,Malta,470344.8750000001,irbesartan hydrochlorothiazide arrow,true
MED#6238,6238,218930/10,IRESSA,,250mg,30,"Tablet, fim coated","NIPRO Pharma Corporation, Kagamiishi Plant",Omnipharma,Japan,135027508.875,iressa,true
MED#11713,11713,145823/1,IRIDINA DUE,,0.5mg/ml,Bottle 10ml,Eye drops solution,C.O.C. Farmaceutici SRL,Multipharm,Italy,469001.0325000001,iridina due,true
MED#10654,10654,13121/1,IRINOGEN,,100mg,1 vial,Solution for injection,Laboratorio Kemex SA,New Europharm,Argentine,5239641.907500001,irinogen,true
MED#5193,5193,24323/06,IRINOGEN,,100mg,1 vial,Solution for injection,Bioprofarma S.A.,New Europharm,Argentine,5239641.907500001,irinogen,true
MED#6906,6906,97467/12,IRINOTECAN HYDROCHLORIDE,,100mg/5ml,1Vial,Concentrate for solution for infusion,Hospira UK Ltd,Droguerie Fattal S.A.L.,UK,2085643.56,irinotecan hydrochloride,true
MED#12118,12118,71524/1,IRINOTECAN PHARMINICIO,,100mg/5ml,1Vial,Solution for injection,AqVida GmbH,Mediterranean Pharmaceutical Company,Germany,5239641.907500001,irinotecan pharminicio,true
MED#6463,6463,218948/10,IRINOTECAN THYMOORGAN,,40mg/2ml,1 Vial,Injectable concentrated solution for infusion,Thymoorgan Pharmazie GmbH,Abela Frères S.A.L.,Germany,2123271.15,irinotecan thymoorgan,true
MED#6464,6464,218947/10,IRINOTECAN THYMOORGAN,,100mg/5ml,1 Vial,Injectable concentrated solution for infusion,Thymoorgan Pharmazie GmbH,Abela Frères S.A.L.,Germany,6111795.6899999995,irinotecan thymoorgan,true
MED#10216,10216,56317/1,IRNOCAM 100,,100mg/5ml,1Vial,Solution for injection,"Manufactured by Hetero Labs Ltd, India for Benta SAL",Benta Trading Co s.a.l.,Lebanon,7320946.6865,irnocam 100,true
MED#10217,10217,56217/1,IRNOCAM 40,,40mg/2ml,1Vial,Solution for injection,"Manufactured by Hetero Labs Ltd, India for Benta SAL",Benta Trading Co s.a.l.,Lebanon,908693.5,irnocam 40,true
MED#12103,12103,25018/1,IRTAN,,300mg,30,Tablet,Mediphar Laboratories,Pharmapro,Lebanon,554175.0500000002,irtan,true
MED#12104,12104,25118/1,IRTAN PLUS,,300mg/25mg,30,Tablet,Mediphar Laboratories,Pharmapro,Lebanon,601529.5000000001,irtan plus,true
MED#11503,11503,53823/1,ISDN,,10mg,100,Tablet,Apotex Inc,Promopharm S.A.R.L.,Canada,311771.4600000001,isdn,true
MED#4605,4605,20377,ISODEX,,10mg,30,Tablet,Pharmadex,Pharmadex,Lebanon,138223.80000000002,isodex,true
MED#5671,5671,221979/09,ISOFLURANE HIKMA,,,100ml,Inhalation Aneasthetic,Hikma Pharmaceuticals,Abela Frères S.A.L.,Jordan,1583046.465,isoflurane hikma,true
MED#5285,5285,221420/08,ISOPTIN,,80mg,20,"Tablet, film coated","Pharmaline Licensed by Abbott Laboratories GmbH, Germany",Mersaco,Lebanon,397703.68437800003,isoptin,true
MED#5286,5286,221419/08,ISOPTIN SR,,240mg,20,"Tablet, film coated, prolonged release","Pharmaline Licensed by Abbott Laboratories GmbH, Germany",Mersaco,Lebanon,1128820.607915,isoptin sr,true
MED#4075,4075,23632/06,ISOSUPRA LIDOSE,,16mg,30,"capsule, hard",SMB Technology SA,Pharmamedic S.A.R.L.,Belgium,1826281.9575000003,isosupra lidose,true
MED#9189,9189,51117/1,ISOTONIC SALINE,,0.9%,1000ml Viaflex bag,Injectable solution,Alfa Laboratoires S.A.L.,Alfa Laboratoires S.A.L.,Lebanon,188771.968,isotonic saline,true
MED#9190,9190,51017/1,ISOTONIC SALINE,,0.9%,500ml Viaflex bag,Injectable solution,Alfa Laboratoires S.A.L.,Alfa Laboratoires S.A.L.,Lebanon,174552.7808,isotonic saline,true
MED#9892,9892,158118/1,ISOTONIC SALINE,,0.9%,100ml Viaflex bag,Injectable solution,Alfa Laboratoires S.A.L.,Alfa Laboratoires S.A.L.,Lebanon,167780.28,isotonic saline,true
MED#9895,9895,193218/1,ISOTONIC SALINE,,0.9%,50ml Viaflex bag,Injectable solution,Alfa Laboratoires S.A.L.,Alfa Laboratoires S.A.L.,Lebanon,170630.24639999997,isotonic saline,true
MED#9896,9896,158218/1,ISOTONIC SALINE,,0.9%,250ml Viaflex bag,Injectable solution,Alfa Laboratoires S.A.L.,Alfa Laboratoires S.A.L.,Lebanon,166707.712,isotonic saline,true
MED#4607,4607,2848/94,ISOTONIC SODIUM CHLORIDE,,0.9%,30ml,Solution,Pharmadex,Pharmadex,Lebanon,153582.00000000003,isotonic sodium chloride,true
MED#7204,7204,167520/10,ITRAZOL,,100mg,4,Capsule,SAJA- Saudi Arabia Japanese Pharmaceutical Co,Food & Drug Corporation FDC,Saudi Arabia,149166.51750000002,itrazol,true
MED#7205,7205,167519/10,ITRAZOL,,100mg,15,Capsule,SAJA- Saudi Arabia Japanese Pharmaceutical Co,Food & Drug Corporation FDC,Saudi Arabia,559038.48,itrazol,true
MED#10693,10693,24020/1,IVABRADINE ARROW,,5mg,56,"Tablet, film coated, scored",Laboratorios Liconsa SA,Darapharma S.A.L.,Spain,1323684.8625,ivabradine arrow,true
MED#10694,10694,24120/1,IVABRADINE ARROW,,7.5mg,56,"Tablet, film coated, scored",Laboratorios Liconsa SA,Darapharma S.A.L.,Spain,1323684.8625,ivabradine arrow,true
MED#11768,11768,11421/1,IVER,,6mg,6,Tablet,Laboratorio Elea Phoenix SA,Droguerie Phenicia,Argentine,431373.4425000001,iver,true
MED#10514,10514,13221/1,IVERMECTIN BENTA,,6mg,10,Tablet,"Manufactured by Neel Nayan Pharma Pvt, Ltd, India for Benta SAL",Benta Trading Co s.a.l.,Lebanon,784548.05,ivermectin benta,true
MED#10515,10515,13321/1,IVERMECTIN BENTA,,6mg,6,Tablet,"Manufactured by Neel Nayan Pharma Pvt, Ltd, India for Benta SAL",Benta Trading Co s.a.l.,Lebanon,470984.8000000001,ivermectin benta,true
MED#10447,10447,11321/1,IVERMECTINE BIOGARAN,,3mg,4,Comprimés,Europeenne De Pharmacotechnie- Europhartech,Commercial and Trading Ressources SAL (CTR),France,1075074,ivermectine biogaran,true
MED#5210,5210,222236/07,IVIRON,,20mg/ml,5amp x 5ml,solution for IV injection,Benta SAL,Benta Trading Co s.a.l.,Lebanon,1745203.4599999997,iviron,true
MED#9505,9505,102016/1,IVY-CALM,,,120ml,Syrup,Julphar,Pharmanet Drugstore S.A.R.L.,United Arab Emirates,251298.54750000002,ivy calm,true
MED#12007,12007,325/1,IVYMUC,,0.7g/100ml,Glass bottle of 100ml,Cough syrup,Alfa Laboratoires S.A.L.,Medis Pharm Drugstore,Lebanon,300764.75000000006,ivymuc,true
MED#10266,10266,48720/1,IXIFI,,100mg/vial,1Vial,Powder for concentrate for solution for Intravenous Infusion,Pfizer Manufacturing Belgium NV,Mersaco,Belgium,11987755.948875003,ixifi,true
MED#11704,11704,75722/1,JADENU,,360mg,30,"Tablet, film coated",Sandoz S.R.L.,Khalil Fattal & Fils S.A.L.,Romania,27123308.839786325,jadenu,true
MED#11705,11705,75622/1,JADENU,,180mg,30,"Tablet, film coated",Sandoz S.R.L.,Khalil Fattal & Fils S.A.L.,Romania,18166638.042,jadenu,true
MED#11837,11837,34623/1,JAKAVI,,5mg,56,Tablet,Novartis Pharma Stein AG,Khalil Fattal & Fils S.A.L.,Switzerland,172665871.05100033,jakavi,true
MED#11838,11838,34423/1,JAKAVI,,15mg,56,Tablet,Novartis Pharma Stein AG,Khalil Fattal & Fils S.A.L.,Switzerland,340721425.82608694,jakavi,true
MED#11839,11839,34523/1,JAKAVI,,20mg,56,Tablet,Novartis Pharma Stein AG,Khalil Fattal & Fils S.A.L.,Switzerland,340721425.82608694,jakavi,true
MED#12256,12256,26325/1,JAMP PILOCARPINE,,5mg,100,Tablet,Gracure Pharmaceuticals Limited,Wellpharm,India,3668690.0250000004,jamp pilocarpine,true
MED#11679,11679,151222/1,JAMP-CYCLOBENZAPRINE,,10mg,100,Tablet,Fourrts Laboratories Private Limited (Plant II),Bellapharma S.A.R.L.,India,4031527.500000001,jamp cyclobenzaprine,true
MED#11236,11236,54622/1,JANUMET,,50mg/500mg,56,Tablet,MSD International GmbH (Singapore Branch),Droguerie de l'Union,Singapore,3237316.5825,janumet,true
MED#11237,11237,54522/1,JANUMET,,50mg/1000mg,56,Tablet,MSD International GmbH (Singapore Branch),Droguerie de l'Union,Singapore,3093525.4350000005,janumet,true
MED#7991,7991,126314/1,JANUMET XR,,50mg/500mg,56,Tablet,"AIAC International Pharma, LLC",Droguerie de l'Union,Puerto Rico,4777360.0875,janumet xr,true
MED#7992,7992,126414/1,JANUMET XR,,"50mg/1,000mg",56,Tablet,"AIAC International Pharma, LLC",Droguerie de l'Union,Puerto Rico,4777360.0875,janumet xr,true
MED#7993,7993,126514/1,JANUMET XR,,"100mg/1,000mg",28,Tablet,"AIAC International Pharma, LLC",Droguerie de l'Union,USA,4777360.0875,janumet xr,true
MED#7871,7871,44014/1,JANUVIA,,100mg,28,"Tablet, film coated",Organon Pharma (UK) Limited,Droguerie de l'Union,UK,1884067.185,januvia,true
MED#8203,8203,55515/1,JARDIANCE,,25mg,30,"Tablet, film coated",Rottendorf Pharma GmbH,Mersaco,Germany,3282953.4738000003,jardiance,true
MED#8204,8204,55415/1,JARDIANCE,,10mg,30,"Tablet, film coated",Rottendorf Pharma GmbH,Mersaco,Germany,3282953.4738000003,jardiance,true
MED#10624,10624,100020/1,JECTIN-12,,1000mcg/1ml,5Ampoules,for IM injection,Hikma Italia SpA,Droguerie Mercury S.A.L.,Italy,567101.535,jectin 12,true
MED#11881,11881,57923/1,JEDARA,,5%,12Sachets,Cream,Jerash Pharmaceuticals Ltd. Co,Medway Healthcare SARL Single Partner,Jordan,3850108.7625,jedara,true
MED#11047,11047,136021/1,JENTADUETO,,2.5mg/850mg,60,"Tablet, film coated",Dragenopharm Apotheker Puschl GmbH,Mersaco,Germany,3542368.83,jentadueto,true
MED#11048,11048,136121/1,JENTADUETO,,"2.5mg/1,000mg",60,"Tablet, film coated",Dragenopharm Apotheker Puschl GmbH,Mersaco,Germany,3542368.83,jentadueto,true
MED#11865,11865,14724/1,JEVTANA INJECTION,,60mg/1.5ml,"1+1, 1vial of Jevtana + 1vial of diluent",Injection,Sanofi Aventis Deutschland GmbH,Mersaco,Germany,75619930.80600001,jevtana injection,true
MED#8701,8701,66016/1,JEVTANA INJECTION,,60mg/1.5ml,1vial of Jevtana + 1vial of diluent,Injection,Sanofi Aventis Deutschland GmbH,Mersaco,Germany,75619930.80600001,jevtana injection,true
MED#12288,12288,47624/1,JOFLAM,,50mg,20,FCT,Jordan River Pharmaceutical Industries LLC,Atrissi SARL,Jordan,215014.80000000005,joflam,true
MED#5180,5180,222369/08,JOFLAM,,50mg,30,"Tablet, film coated",Jordan River Pharmaceutical Industries LLC,Atrissi SARL,Jordan,322522.2,joflam,true
MED#12337,12337,141623/1,JOLITE FORTE CREAM,,4%,30g,Cream,Jerash Pharmaceuticals Ltd. Co,Medway Healthcare SARL Single Partner,Jordan,612792.1800000002,jolite forte cream,true
MED#9860,9860,131116/1,JOS-PAN,,,100ml,Syrup,Jerash Pharmaceuticals,Qualipharm,Jordan,306396.0899999999,jos pan,true
MED#9649,9649,68316/1,JOSWE ARIPAL 10,,,30,Tablet,Joswe Medical (Jordan Sweden Medical and Sterilization Co),Eva Pharm Plus,Jordan,2210620.9125,joswe aripal 10,true
MED#9650,9650,68416/1,JOSWE ARIPAL 15,,,30,Tablet,Joswe Medical (Jordan Sweden Medical and Sterilization Co),Eva Pharm Plus,Jordan,2413541.1300000004,joswe aripal 15,true
MED#9651,9651,68516/1,JOSWE ARIPAL 30,,,30,Tablet,Joswe Medical (Jordan Sweden Medical and Sterilization Co),Eva Pharm Plus,Jordan,4687322.640000001,joswe aripal 30,true
MED#9648,9648,68216/1,JOSWE ARIPAL 5,,,30,Tablet,Joswe Medical (Jordan Sweden Medical and Sterilization Co),Eva Pharm Plus,Jordan,1389533.1450000003,joswe aripal 5,true
MED#7525,7525,186173/13,JOSWE ATORVAST 10,,10mg,30,"Caplet, film coated",Joswe Medical (Jordan Sweden Medical and Sterilization Co),Eva Pharm Plus,Jordan,849308.4600000002,joswe atorvast 10,true
MED#7177,7177,166831/11,JOSWE ATORVAST 20,,20mg,30,"Caplet, film coated",Joswe Medical (Jordan Sweden Medical and Sterilization Co),Eva Pharm Plus,Jordan,956815.8599999999,joswe atorvast 20,true
MED#7526,7526,186174/13,JOSWE ATORVAST 40,,40mg,30,"Caplet, film coated",Joswe Medical (Jordan Sweden Medical and Sterilization Co),Eva Pharm Plus,Jordan,1327716.3900000001,joswe atorvast 40,true
MED#7195,7195,96695/12,JOSWE AVOXIN 500,,500mg,7,"Oral Tablet, film coated",Joswe Medical (Jordan Sweden Medical and Sterilization Co),Eva Pharm Plus,Jordan,786147.8625,joswe avoxin 500,true
MED#7196,7196,96694/12,JOSWE AVOXIN 750,,750mg,7,"Oral Tablet, film coated",Joswe Medical (Jordan Sweden Medical and Sterilization Co),Eva Pharm Plus,Jordan,1550794.245,joswe avoxin 750,true
MED#10480,10480,13017/1,JOSWE COXIT 120,,,10,"Tablet, film coated",Joswe Medical,Eva Pharm Plus,Jordan,412559.6475,joswe coxit 120,true
MED#8034,8034,186111/13,JOSWE DUBARA 10/10,,,30,"Caplet, film coated",Joswe Medical (Jordan Sweden Medical and Sterilization Co),Eva Pharm Plus,Jordan,2655432.7800000007,joswe dubara 10 10,true
MED#8035,8035,186110/13,JOSWE DUBARA 5/10,,,30,"Caplet, film coated",Joswe Medical (Jordan Sweden Medical and Sterilization Co),Eva Pharm Plus,Jordan,2370538.170000001,joswe dubara 5 10,true
MED#7246,7246,97801/11,JOSWE FLAMEX 200,,200mg,10,Capsule,Joswe Medical (Jordan Sweden Medical and Sterilization Co),Eva Pharm Plus,Jordan,225765.54,joswe flamex 200,true
MED#8463,8463,113715/1,JOSWE FLAMEX 200,,200mg,30,Capsule,Joswe Medical (Jordan Sweden Medical and Sterilization Co),Eva Pharm Plus,Jordan,636981.345,joswe flamex 200,true
MED#7176,7176,97681/11,JOSWE FLAMEX 400,,400mg,10,Capsule,Joswe Medical (Jordan Sweden Medical and Sterilization Co),Eva Pharm Plus,Jordan,585915.3300000001,joswe flamex 400,true
MED#8464,8464,113615/1,JOSWE FLAMEX 400,,400mg,30,Capsule,Joswe Medical (Jordan Sweden Medical and Sterilization Co),Eva Pharm Plus,Jordan,1400283.885,joswe flamex 400,true
MED#5927,5927,222483/08,JOSWE GLEMAX 2,,,30,Caplet,Joswe Medical (Jordan Sweden Medical and Sterilization Co),The Lebanese Pharmacists SAL,Jordan,139759.62000000005,joswe glemax 2,true
MED#5929,5929,221855/08,JOSWE GLEMAX 3,,,30,Caplet,Joswe Medical (Jordan Sweden Medical and Sterilization Co),The Lebanese Pharmacists SAL,Jordan,235172.43750000006,joswe glemax 3,true
MED#5930,5930,221854/08,JOSWE GLEMAX 4,,,30,Caplet,Joswe Medical (Jordan Sweden Medical and Sterilization Co),The Lebanese Pharmacists SAL,Jordan,235172.43750000006,joswe glemax 4,true
MED#6437,6437,167498/10,JOSWE GLEMAX 6,,6mg,30,Caplet,Joswe Medical (Jordan Sweden Medical and Sterilization Co),The Lebanese Pharmacists SAL,Jordan,663858.1950000002,joswe glemax 6,true
MED#6669,6669,219726/09,JOSWE LANZOTEC 15,,15mg,15,Capsule,Joswe Medical (Jordan Sweden Medical and Sterilization Co),The Lebanese Pharmacists SAL,Jordan,270112.3424999999,joswe lanzotec 15,true
MED#6668,6668,219725/09,JOSWE LANZOTEC 30,,30mg,15,Capsule,Joswe Medical (Jordan Sweden Medical and Sterilization Co),The Lebanese Pharmacists SAL,Jordan,271456.185,joswe lanzotec 30,true
MED#8644,8644,140815/1,JOSWE LANZOTEC 30,,30mg,30,Capsule,Joswe Medical (Jordan Sweden Medical and Sterilization Co),The Lebanese Pharmacists SAL,Jordan,514691.67749999993,joswe lanzotec 30,true
MED#8384,8384,104914/1,JOSWE QUZAL 200,,200mg,30,Tablet,Joswe Medical (Jordan Sweden Medical and Sterilization Co),Eva Pharm Plus,Jordan,1130171.5425000002,joswe quzal 200,true
MED#8385,8385,105014/1,JOSWE QUZAL 200,,200mg,60,Tablet,Joswe Medical (Jordan Sweden Medical and Sterilization Co),Eva Pharm Plus,Jordan,2147460.315,joswe quzal 200,true
MED#8382,8382,104314/1,JOSWE QUZAL 25,,25mg,30,Tablet,Joswe Medical (Jordan Sweden Medical and Sterilization Co),Eva Pharm Plus,Jordan,258017.76,joswe quzal 25,true
MED#8383,8383,104414/1,JOSWE QUZAL 25,,25mg,60,Tablet,Joswe Medical (Jordan Sweden Medical and Sterilization Co),Eva Pharm Plus,Jordan,490502.51250000007,joswe quzal 25,true
MED#8386,8386,105314/1,JOSWE QUZAL 400,,400mg,30,Tablet,Joswe Medical (Jordan Sweden Medical and Sterilization Co),Eva Pharm Plus,Jordan,2697091.897500001,joswe quzal 400,true
MED#8387,8387,105414/1,JOSWE QUZAL 400,,400mg,60,Tablet,Joswe Medical (Jordan Sweden Medical and Sterilization Co),Eva Pharm Plus,Jordan,5124071.4525000015,joswe quzal 400,true
MED#12597,12597,56726/1,JUBBONTI,,60mg/ml,1prefilled syringe,Solution for injection,Novartis Pharmaceutical Manufacturing GmbH,Khalil Fattal & Fils S.A.L.,Austria,12742789.974885652,jubbonti,true
MED#5093,5093,23714/06,JULMENTIN 2X,,1g,15,Tablet,Julphar,Pharmanet Drugstore S.A.R.L.,United Arab Emirates,401808.9075000001,julmentin 2x,true
MED#5094,5094,23715/06,JULMENTIN 2X,,457mg/5ml,70ml,Powder for suspension,Julphar,Pharmanet Drugstore S.A.R.L.,United Arab Emirates,278175.3975,julmentin 2x,true
MED#7025,7025,96599/12,JULMENTIN ES,,642.9mg/5ml,100ml,Powder for oral suspension,Julphar,Pharmanet Drugstore S.A.R.L.,United Arab Emirates,507972.465,julmentin es,true
MED#1478,1478,974455/00,JULMENTIN FORTE,,625mg,20,"Tablet, film coated",Julphar,Pharmanet Drugstore S.A.R.L.,United Arab Emirates,245923.17749999996,julmentin forte,true
MED#5061,5061,24121/06,JUSLINE,,70/30U/ml,1vial,Injection,Julphar,Pharmanet Drugstore S.A.R.L.,United Arab Emirates,401808.9075000001,jusline,true
MED#5057,5057,24122/06,JUSLINE N,,100IU/ml,1vial,Injection,Julphar,Pharmanet Drugstore S.A.R.L.,United Arab Emirates,401808.9075000001,jusline n,true
MED#5060,5060,24123/06,JUSLINE R,,100IU/ml,1vial,Injection,Julphar,Pharmanet Drugstore S.A.R.L.,United Arab Emirates,401808.9075000001,jusline r,true
MED#7753,7753,62914/1,KADCYLA,,100mg,1Vial,Injectable powder for concentrate for solution for infusion,"F. Hoffmann La Roche Ltd, Kaiseraugst",Omnipharma,Switzerland,135545977.23154685,kadcyla,true
MED#7754,7754,63014/1,KADCYLA,,160mg,1Vial,Injectable powder for concentrate for solution for infusion,"F. Hoffmann La Roche Ltd, Kaiseraugst",Omnipharma,Switzerland,216872714.4711093,kadcyla,true
MED#8067,8067,186254/13,KALUVIA,,200mg/50mg,60,"Tablet, film coated","Benta SAL (Packing) manufactured by Hetero Labs Ltd, India",Benta Trading Co s.a.l.,Lebanon,7632790.023949999,kaluvia,true
MED#10044,10044,140319/1,KANJINTI,,420mg,1Vial,Powder for concentrate for solution for infusion,Amgen Europe BV,Mersaco,The Netherlands,79305880.74937499,kanjinti,true
MED#7670,7670,187070/13,KARBOTEEN,,150mg/15ml,1Vial,IV,Thymoorgan Pharmazie GmbH,Abela Frères S.A.L.,Germany,2080268.1900000002,karboteen,true
MED#6602,6602,166824/11,KEFLEX,,250mg/5ml,60ml,Granules for suspension,"Pharmaline Licensed by Phadisco Ltd, Cyprus",Droguerie de l'Union,Lebanon,477384.05000000005,keflex,true
MED#6603,6603,166825/11,KEFLEX,,500mg,12,Capsule,"Pharmaline Licensed by Phadisco Ltd, Cyprus",Droguerie de l'Union,Lebanon,659122.7500000001,keflex,true
MED#9634,9634,179316/1,KEPAM MS,,500mg/5ml,10Vials x 5ml,Solution for intravenous infusion,MS Pharma,Bellapharma S.A.R.L.,Jordan,9170015.375325,kepam ms,true
MED#8561,8561,26616/1,KEPCITAM,,500mg,100,"Tablet, film coated",Lek Pharmaceuticals dd,Khalil Fattal & Fils S.A.L.,Slovenia,2933608.1775,kepcitam,true
MED#8562,8562,26716/1,KEPCITAM,,1000mg,100,"Tablet, film coated",Lek Pharmaceuticals dd,Khalil Fattal & Fils S.A.L.,Slovenia,3119058.442500001,kepcitam,true
MED#10535,10535,9320/1,KEPPRA,,250mg,100,"Tablet, film coated","Pharmaline Licensed by Glaxo SmithKline Export Ltd , UK",Abela Frères S.A.L.,Lebanon,3240855.287384001,keppra,true
MED#10536,10536,9420/1,KEPPRA,,500mg,100,"Tablet, film coated","Pharmaline Licensed by Glaxo SmithKline Export Ltd , UK",Abela Frères S.A.L.,Lebanon,6245576.451400002,keppra,true
MED#10537,10537,9520/1,KEPPRA,,1000mg,100,"Tablet, film coated","Pharmaline Licensed by Glaxo SmithKline Export Ltd , UK",Abela Frères S.A.L.,Lebanon,11749078.505509483,keppra,true
MED#12254,12254,66225/1,KERENDIA,,20mg,28,"Tablet, film coated",Bayer AG,Droguerie R. Pharaon & Fils S.A.L.,Germany,6353687.340000002,kerendia,true
MED#12255,12255,66125/1,KERENDIA,,10mg,28,"Tablet, film coated",Bayer AG,Droguerie R. Pharaon & Fils S.A.L.,Germany,6353687.340000002,kerendia,true
MED#11045,11045,78521/1,KERLONE,,20mg,28,"Tablet, film coated, scored",Sanofi Winthrop Industrie,Mersaco,France,575164.5900000002,kerlone,true
MED#10677,10677,153320/1,KESIMPTA,,20mg/0.4ml,1Prefilled pen,Solution for injection,Novartis Pharma Stein AG,Khalil Fattal & Fils S.A.L.,Switzerland,94290413.57859375,kesimpta,true
MED#8641,8641,47116/1,KETAMINE PANPHARMA,,50mg/ml (250mg),5Ampoules x 5ml,Injection,Panpharma GmbH,Minapharm Halabi,Germany,1534668.1349999998,ketamine panpharma,true
MED#11354,11354,63022/1,KETESSE,,50mg/2ml,5 Ampoules,Solution for injection/ infusion,A. Menarini Manufacturing Logistics and Services SRL,Mersaco,Italy,435404.9700000001,ketesse,true
MED#8508,8508,2716/1,KETESSE,,25mg,20,"Tablet, film coated",A. Menarini Manufacturing Logistics and Services SRL,Mersaco,Italy,399121.22250000003,ketesse,true
MED#10260,10260,110518/1,KETO-AVI,,30mg/ml,5Ampoules of 1ml,Injection,Aburaihan Pharmaceutical Company,Ibn Sina Pharm SARL,Iran,106163.55750000001,keto avi,true
MED#9496,9496,19818/1,KETOCONAZOLE KORHISPANA,,2%,100ml,Gel,Laboratoris Feltor S.A.,Qualipharm,Spain,599353.755,ketoconazole korhispana,true
MED#1735,1735,973337/01,KETOLAC,,10mg,20,Tablet,Amriya Pharmaceutical Industries,C. Catafago & Co,Egypt,268768.5,ketolac,true
MED#1736,1736,973336/01,KETOLAC,,30mg,5,Ampoule IM,Amriya Pharmaceutical Industries,C. Catafago & Co,Egypt,268768.5,ketolac,true
MED#9216,9216,54517/1,KETOPROFENE MACOPHARMA,,100mg/100ml,1bag,Solution pour perfusion,Maco Productions,Pharmamed,France,329241.41250000003,ketoprofene macopharma,true
MED#6192,6192,218554/10,KETOSTERIL,,,100,Tablet,Labesfal Laboratorios Almiro SA,Benta Trading Co s.a.l.,Portugal,3950896.95,ketosteril,true
MED#9215,9215,38917/1,KETREL,,0.05%,30g,Cream,Laboratoires Chemineau,Pharmamedic S.A.R.L.,France,397777.38,ketrel,true
MED#8239,8239,68815/1,KEYTRUDA,,100mg/4ml (25mg/ml),1Vial,Injection,MSD International GmbH T/A MSD Ireland (Carlow),Droguerie de l'Union,Ireland,241744802.31562495,keytruda,true
MED#11428,11428,17323/1,KIDOL-OR,,240mg/5ml,Glass bottle 100ml,,Alfa Laboratoires S.A.L.,Alfa Laboratoires S.A.L.,Lebanon,314843.10000000003,kidol or,true
MED#6473,6473,96372/11,KINODROX,,600mg,5,"Tablet, film coated",Algorithm S.A.L. under licence from Nippon Shinyaku Co Ltd Japan,Droguerie de l'Union,Lebanon,1407835.0000000002,kinodrox,true
MED#6631,6631,96213/11,KIOVIG,,100mg/ml (5g/50ml),1 Vial x 50ml,Injectable solution for infusion,Baxalta Belgium Manufacturing SA,Abela Frères S.A.L.,Belgium,35639835.3108,kiovig,true
MED#6632,6632,96214/11,KIOVIG,,100mg/ml (10g/100ml),1 Vial x 100ml,Injectable solution for infusion,Baxalta Belgium Manufacturing SA,Abela Frères S.A.L.,Belgium,56495332.14040886,kiovig,true
MED#11976,11976,59623/1,KISQALI,,200mg,63,"Tablet, film coated",Lek Pharmaceuticals dd,Khalil Fattal & Fils S.A.L.,Slovenia,200752977.2095312,kisqali,true
MED#9578,9578,46417/1,KLACID,,500mg,1 Vial,Injectable powder for solution for intravenous infusion,Delpharm Saint Remy,Mersaco,France,1428504.5775,klacid,true
MED#9579,9579,46017/1,KLACID,,500mg,14,"Tablet, film coated",Abbvie SRL,Mersaco,Italy,1329060.2325000002,klacid,true
MED#9581,9581,46217/1,KLACID,,,60ml,Granules,Abbvie SRL,Mersaco,Italy,575164.59,klacid,true
MED#9582,9582,46317/1,KLACID,,250mg/5ml,100ml,Granules for Oral suspension,Abbvie SRL,Mersaco,Italy,1698616.9200000002,klacid,true
MED#9580,9580,46117/1,KLACID RM,,500mg,7,"Tablet,coated, modified release",Abbvie SRL,Mersaco,Italy,1173174.5025000002,klacid rm,true
MED#793,793,973492/02,KLAVOX,,1g,14,"Tablet, film coated",Spimaco,Khalil Fattal & Fils S.A.L.,Saudi Arabia,338648.31,klavox,true
MED#806,806,208728/03,KLAVOX,,457mg/5ml,70ml,Suspension,Spimaco,Khalil Fattal & Fils S.A.L.,Saudi Arabia,278175.3975,klavox,true
MED#5331,5331,194489/05,KLERIMED,,500mg,14,"Tablet, film coated",Medochemie Ltd,New Allpharma,Cyprus,686703.5175000001,klerimed,true
MED#10641,10641,FE100320/1,KLOTEGO,,60mg,60,"Tablet, film coated","Algorithm S.A.L. (Packager and final batch releaser), S.C. Labormed-Pharma SA, Romania (Bulk mamufacturer)",Droguerie de l'Union,Lebanon,2598095.5,klotego,true
MED#10642,10642,FE100420/1,KLOTEGO,,90mg,60,"Tablet, film coated","Algorithm S.A.L. (Packager and final batch releaser), S.C. Labormed-Pharma SA, Romania (Bulk mamufacturer)",Droguerie de l'Union,Lebanon,2598095.5,klotego,true
MED#10783,10783,822/1,KLOTEGO,,60mg,60,"Tablet, film coated",Algorithm S.A.L.,Droguerie de l'Union,Lebanon,2598095.5,klotego,true
MED#10784,10784,922/1,KLOTEGO,,90mg,60,"Tablet, film coated",Algorithm S.A.L.,Droguerie de l'Union,Lebanon,2598095.5,klotego,true
MED#9851,9851,171218/1,KONAKION MM PEDIATRIC,,2mg/0.2ml,5,Ampoule,Cenexi SAS,Omnipharma,France,442124.1825000001,konakion mm pediatric,true
MED#7897,7897,114114/1,KONEX,,0.1%,60ml,Cutaneous solution,Laboratorios Serra Pamies SA,Levant Alie Houses S.A.L.,Spain,385682.7975,konex,true
MED#9494,9494,119216/1,KRATIUM,,10mg/2ml,10Ampoules of 2ml,Solution for injection/ infusion,Medochemie Ltd,New Allpharma,Cyprus,537537,kratium,true
MED#12340,12340,20823/1,KREVAL FORTE,,15mg/5ml,100ml,Syrup,Recordati Ilac San. ve Tic. A.S,BroadMed SAL,Turkey,385682.7975,kreval forte,true
MED#8499,8499,150015/1,KYPROLIS,,60mg,1Vial,Powder for solution for injection,Amgen Technology (Ireland) Unlimited Company (ADL),Mersaco,Ireland,96642004.6265625,kyprolis,true
MED#7612,7612,187335/13,LABDIC RELIEF,,,50g,Gel,Laborate Pharmaceuticals India Ltd,Ecopharm,India,263393.12999999995,labdic relief,true
MED#9901,9901,6319/1,LABETALOL HYDROCHLORIDE INJECTION,,100mg/20ml,Box of 1Vial x 20ml,Injection,Omega Laboratories Ltd,Medi drug International SAL (MDI),Canada,2862384.525,labetalol hydrochloride injection,true
MED#12550,12550,73625/1,LABILOR 60,,60mg,60,"Tablet, film coated",Benta SAL,Benta Trading Co s.a.l.,Lebanon,2598095.5,labilor 60,true
MED#12551,12551,73725/1,LABILOR 90,,90mg,60,"Tablet, film coated",Benta SAL,Benta Trading Co s.a.l.,Lebanon,2598095.5,labilor 90,true
MED#12407,12407,89424/1,LABIXTEN,,6mg/ml,5ml,Eye drops solution,Famar Health Care Services Madrid SAU,Pharmamedic S.A.R.L.,Spain,1647550.9050000005,labixten,true
MED#7257,7257,96665/12,LABIXTEN,,20mg,20,Tablet,Faes Farma SA,Pharmamedic S.A.R.L.,Spain,584571.4875,labixten,true
MED#9940,9940,177518/1,LABIXTEN,,2.5mg/ml,120ml,Oral solution,Faes Farma SA,Pharmamedic S.A.R.L.,Spain,463625.66250000003,labixten,true
MED#5329,5329,194127/05,LACINE 50,,,30,"Tablet, film coated",The Jordanian Pharmaceutical Manufacturing & Co Ltd,C. Catafago & Co,Jordan,671921.25,lacine 50,true
MED#12399,12399,114125/1,LACOSAMIDE ARROW,,200mg,56,"Tablet, film coated, scored",APL Swift Services (Malta) Limited,Darapharma S.A.L.,Malta,6719212.500000002,lacosamide arrow,true
MED#12400,12400,114025/1,LACOSAMIDE ARROW,,150mg,56,"Tablet, film coated, scored",APL Swift Services (Malta) Limited,Darapharma S.A.L.,Malta,5039409.375,lacosamide arrow,true
MED#12401,12401,113925/1,LACOSAMIDE ARROW,,100mg,56,"Tablet, film coated, scored",APL Swift Services (Malta) Limited,Darapharma S.A.L.,Malta,3360950.0925000007,lacosamide arrow,true
MED#12402,12402,113825/1,LACOSAMIDE ARROW,,50mg,56,"Tablet, film coated, scored",APL Swift Services (Malta) Limited,Darapharma S.A.L.,Malta,1679803.1250000005,lacosamide arrow,true
MED#10847,10847,156019/1,LACOSAMIDE/GENEPHARM,,50mg,14,Tablet,Genepharm SA,Nobel Pharm Plus SARL,Greece,614136.0225000002,lacosamide genepharm,true
MED#10848,10848,156219/1,LACOSAMIDE/GENEPHARM,,200mg,56,Tablet,Genepharm SA,Nobel Pharm Plus SARL,Greece,8284105.250400002,lacosamide genepharm,true
MED#10849,10849,156119/1,LACOSAMIDE/GENEPHARM,,100mg,56,Tablet,Genepharm SA,Nobel Pharm Plus SARL,Greece,4856646.795000001,lacosamide genepharm,true
MED#4166,4166,2704/94,LACTATED RINGER'S,,,250ml,Injectable solution,Alfa Laboratoires S.A.L.,Alfa Laboratoires S.A.L.,Lebanon,147095.04,lactated ringer s,true
MED#4167,4167,2704/94,LACTATED RINGER'S,,,500ml Viaflex bag,Injectable solution,Alfa Laboratoires S.A.L.,Alfa Laboratoires S.A.L.,Lebanon,218681.2928,lactated ringer s,true
MED#4169,4169,2704/94,LACTATED RINGER'S,,,1000ml Viaflex bag,Injectable solution,Alfa Laboratoires S.A.L.,Alfa Laboratoires S.A.L.,Lebanon,234861.7472,lactated ringer s,true
MED#9376,9376,137517/1,LACTATED RINGER'S,,,1000ml Non PVC bag,Injectable solution,Alfa Laboratoires S.A.L.,Alfa Laboratoires S.A.L.,Lebanon,268908.12,lactated ringer s,true
MED#9377,9377,145817/1,LACTATED RINGER'S,,,500ml Non PVC bag,Injectable solution,Alfa Laboratoires S.A.L.,Alfa Laboratoires S.A.L.,Lebanon,239274.5984,lactated ringer s,true
MED#12129,12129,81522/1,LACTATED RINGER'S INJECTION USP,,,500ml Non-Pvc,Injectable solution,Serum and Solutions SAL,A Pharma Solutions SAL,Lebanon,224090.1,lactated ringer s injection usp,true
MED#12130,12130,81422/1,LACTATED RINGER'S INJECTION USP,,,1000ml Non-Pvc,Injectable solution,Serum and Solutions SAL,A Pharma Solutions SAL,Lebanon,237880.25999999995,lactated ringer s injection usp,true
MED#4774,4774,2096/94,"LACTATED RINGER'S INJECTION, USP",,,1000ml,,Serum Products,Serum Products,Lebanon,232134.36,lactated ringer s injection usp,true
MED#4775,4775,2096/94,"LACTATED RINGER'S INJECTION, USP",,,500ml,,Serum Products,Serum Products,Lebanon,216045.84,lactated ringer s injection usp,true
MED#4776,4776,2096/94,"LACTATED RINGER'S INJECTION, USP",,,250ml,,Serum Products,Serum Products,Lebanon,158586.84,lactated ringer s injection usp,true
MED#8991,8991,159516/1,LADININ,,500mg,10,"Tablet, film coated","Pharmadex under license from Pharmathen SA, Greece",Bellapharma S.A.R.L.,Lebanon,595060.399934,ladinin,true
MED#9397,9397,131017/1,LADININ,,200mg,100ml,Solution for IV Infusion,"Manufactured by Pharmathen SA, Greece Packed by Pharmadex S.A.L, under license from Pharmathen SA, Greece",Bellapharma S.A.R.L.,Lebanon,892590.599901,ladinin,true
MED#5942,5942,218571/10,LAMICTAL,,100mg,30,Tablet,"Pharmaline Licensed by Glaxo SmithKline Export Ltd , UK",Abela Frères S.A.L.,Lebanon,2741209.1712720003,lamictal,true
MED#6527,6527,167701/10,LAMICTAL,,25mg,30,Tablet,"Pharmaline Licensed by Glaxo SmithKline Export Ltd , UK",Abela Frères S.A.L.,Lebanon,1088270.307696,lamictal,true
MED#6528,6528,166512/11,LAMICTAL,,50mg,30,Tablet,"Pharmaline Licensed by Glaxo SmithKline Export Ltd , UK",Abela Frères S.A.L.,Lebanon,1753894.7569000002,lamictal,true
MED#6526,6526,167702/10,LAMICTAL LIQUI-TABS,,5mg,30,Tablet,"Pharmaline Licensed by Glaxo SmithKline Export Ltd , UK",Abela Frères S.A.L.,Lebanon,361045.65239600005,lamictal liqui tabs,true
MED#7155,7155,194031/05,LAMIFEN,,250mg,7,Tablet,Jamjoum Pharmaceuticals,Droguerie Mercury S.A.L.,Saudi Arabia,245923.17749999996,lamifen,true
MED#7156,7156,194030/05,LAMIFEN,,1%,15g,Cream,Jamjoum Pharmaceuticals,Droguerie Mercury S.A.L.,Saudi Arabia,350742.89249999996,lamifen,true
MED#4714,4714,194149/05,LAMINOX,,10mg/g,15g,Cream,"Pharmaline Licensed by Tripharma, Turkey",Pharmaline S.A.L.,Lebanon,453066.9000000001,laminox,true
MED#4715,4715,194150/05,LAMINOX,,250mg,14,Tablet,"Pharmaline Licensed by Tripharma, Turkey",Pharmaline S.A.L.,Lebanon,725674.9500000001,laminox,true
MED#11975,11975,135224/1,LAMISIL,,1%,15g,Cream,Haleon CH SARL,Sadco,Switzerland,616823.7075,lamisil,true
MED#12464,12464,10325/1,LAMISIL,,1%,30ml,Spray,Delpharm Huningue SAS,Sadco,France,962191.2300000002,lamisil,true
MED#10039,10039,54419/1,LAMIVUDINE ARROW,,150mg,60,comprimés pelliculés sécables,APL Swift Services (Malta) Limited,Darapharma S.A.L.,Malta,7850906.907375002,lamivudine arrow,true
MED#10074,10074,54319/1,LAMIVUDINE ARROW,,300mg,30,Comprimés pelliculés,APL Swift Services (Malta) Limited,Darapharma S.A.L.,Malta,7850906.907375002,lamivudine arrow,true
MED#10018,10018,13119/1,LAMIVUDINE/ ZIDOVUDINE ARROW,,150mg/300mg,60,Comprimé pelliculé sécable,APL Swift Services (Malta) Limited,Darapharma S.A.L.,Malta,15643319.076000001,lamivudine zidovudine arrow,true
MED#8764,8764,74516/1,LAMOTRIGINE ARROW LAB,,25mg,30,"Tablet, dispersible/ chewable",APL Swift Services (Malta) Limited,Darapharma S.A.L.,Malta,556350.795,lamotrigine arrow lab,true
MED#8765,8765,74616/1,LAMOTRIGINE ARROW LAB,,50mg,30,"Tablet, dispersible/ chewable",APL Swift Services (Malta) Limited,Darapharma S.A.L.,Malta,1052228.6775000002,lamotrigine arrow lab,true
MED#8766,8766,74716/1,LAMOTRIGINE ARROW LAB,,100mg,30,"Tablet, dispersible/ chewable",APL Swift Services (Malta) Limited,Darapharma S.A.L.,Malta,1050884.8350000002,lamotrigine arrow lab,true
MED#10538,10538,60220/1,LAMOTRIGINE BIOGARAN,,25mg,30,Compimés dispersibles,Bluepharma Industria Farmaceutica SA,Commercial and Trading Ressources SAL (CTR),Portugal,595322.2275,lamotrigine biogaran,true
MED#10539,10539,57920/1,LAMOTRIGINE BIOGARAN,,100mg,30,Compimés dispersibles,Bluepharma Industria Farmaceutica SA,Commercial and Trading Ressources SAL (CTR),Portugal,1233647.415,lamotrigine biogaran,true
MED#9810,9810,158318/1,LAMOTRIGINE BIOGARAN,,50mg,30,Compimés dispersibles,Bluepharma Industria Farmaceutica SA,Commercial and Trading Ressources SAL (CTR),Portugal,985036.5525000002,lamotrigine biogaran,true
MED#5826,5826,218726/10,LAMOTRIGINE NORMON,,50mg,42,"Tablet, dispersible/ chewable",Normon SA,Droguerie Phenicia,Spain,1643519.3775000006,lamotrigine normon,true
MED#5827,5827,218727/10,LAMOTRIGINE NORMON,,100mg,56,"Tablet, dispersible/ chewable",Normon SA,Droguerie Phenicia,Spain,2284532.2500000005,lamotrigine normon,true
MED#7689,7689,222908/14,LANOLEPT,,100mg,60,Tablet,Synthon Hispania SL,Bellapharma S.A.R.L.,Spain,1482258.2775000003,lanolept,true
MED#7508,7508,186506/13,LANOXIN,,0.25mg,100,Tablet,Aspen Bad Oldesloe GmbH,Abela Frères S.A.L.,Germany,215014.80000000005,lanoxin,true
MED#7507,7507,186635/13,LANOXIN PG,,0.05mg/ml,60ml,Elixir,Aspen Bad Oldesloe GmbH,Abela Frères S.A.L.,Germany,307739.9325,lanoxin pg,true
MED#5134,5134,208594/03,LANTIGEN B,,,18ml,suspension orale,Bruschettini SRL,Soins et Santé,Italy,916500.5850000001,lantigen b,true
MED#2124,2124,208968/03,LANTUS,,100IU/ml,1Vial x 10ml,Injectable solution,Sanofi Aventis Deutschland GmbH,Mersaco,Germany,3327354.0300000007,lantus,true
MED#5264,5264,24862/07,LANTUS SOLOSTAR,,100IU/ml,5 Prefilled pen x3ml,Injectable solution,Sanofi Aventis Deutschland GmbH,Mersaco,Germany,4992374.8875,lantus solostar,true
MED#11735,11735,38821/1,LAROZA,,40mg,30,"Tablet, film coated",Hikma Pharmaceuticals,Abela Frères S.A.L.,Jordan,5548725.682500001,laroza,true
MED#11736,11736,38921/1,LAROZA,,80mg,30,"Tablet, film coated",Hikma Pharmaceuticals,Abela Frères S.A.L.,Jordan,5548725.682500001,laroza,true
MED#11737,11737,39021/1,LAROZA,,120mg,30,"Tablet, film coated",Hikma Pharmaceuticals,Abela Frères S.A.L.,Jordan,5548725.682500001,laroza,true
MED#12043,12043,43422/1,LASIMIDE,,20mg/2ml,50Ampoules,Injectable solution for IM/IV,Arwan Pharmaceutical Industries Lebanon SAL,Raymond Georges Abou Adal & Co,Lebanon,1300327.6,lasimide,true
MED#10877,10877,28222/1,LASIX,,500mg,20,Tablet,Opella Healthcare International,Mersaco,France,1454037.5850000004,lasix,true
MED#10878,10878,28122/1,LASIX,,40mg,20,Tablet,Opella Healthcare International SAS,Mersaco,France,120945.82500000003,lasix,true
MED#10075,10075,152519/1,LEBACEF,,1g,1 Vial of sterile powder + 1 ampoule of 3.5ml lidocaine solvent,Sterile powder and solvent for IM injectable solution,Mitim SRL Italy for Arwan Pharmaceutical Industries Lebanon SAL,Raymond Georges Abou Adal & Co,Lebanon,508100.4500000001,lebacef,true
MED#10928,10928,50622/1,LEBACEF,,1g,1 Vial of sterile powder + 1 ampoule of 3.5ml lidocaine solvent,Sterile powder and solvent for IM injectable solution,"ACS Dobfar SpA, Italy for Arwan Pharmaceutical Industries Lebanon SAL",Raymond Georges Abou Adal & Co,Lebanon,508100.4500000001,lebacef,true
MED#10929,10929,50422/1,LEBACEF,,1g,,Sterile powder and solvent for IV injectable solution,"ACS Dobfar SpA, Italy for Arwan Pharmaceutical Industries Lebanon SAL",Raymond Georges Abou Adal & Co,Lebanon,508100.4500000001,lebacef,true
MED#10930,10930,50222/1,LEBACEF,,1g,10 Vials,Sterile powder for IM/IV injectable solution,"ACS Dobfar SpA, Italy for Arwan Pharmaceutical Industries Lebanon SAL",Raymond Georges Abou Adal & Co,Lebanon,5793880.950000001,lebacef,true
MED#10931,10931,50522/1,LEBACEF,,1g,Opat kit:1 Vial of sterile powder + 1 ampoule of 10ml solvent WFI + 1 syringe + 2 needles+ swab+ banadage,Sterile powder and solvent for IV injectable solution,"ACS Dobfar SpA, Italy for Arwan Pharmaceutical Industries Lebanon SAL",Raymond Georges Abou Adal & Co,Lebanon,643764.55,lebacef,true
MED#10932,10932,50322/1,LEBACEF,,1g,Opat kit:1 Vial of sterile powder + 1 ampoule of 3.5ml solvent lidocaine + 1 syringe + 2 needles+ swab+ bandage,Sterile powder and solvent for IM injectable solution,"ACS Dobfar SpA, Italy for Arwan Pharmaceutical Industries Lebanon SAL",Raymond Georges Abou Adal & Co,Lebanon,568253.4000000001,lebacef,true
MED#11034,11034,104022/1,LEBACEF,,0.5g,1 Vial of sterile powder + 1 ampoule of 2ml solvent lidocaine,Sterile powder and solvent for IM injectable solution,Mitim SRL Italy for Arwan Pharmaceutical Industries Lebanon SAL,Raymond Georges Abou Adal & Co,Lebanon,403152.75,lebacef,true
MED#11720,11720,FE9924/1,LEBACEF,,1g,10 Vials,Sterile powder for IV injectable solution,"ACS Dobfar SpA, Italy for Arwan Pharmaceutical Industries Lebanon SAL",Raymond Georges Abou Adal & Co,Lebanon,5793880.950000001,lebacef,true
MED#11721,11721,142023/1,LEBACEF,,0.5g,1 Vial of sterile powder + 1 ampoule of 2ml solvent lidocaine,Sterile powder and solvent for IM injectable solution,"ACS Dobfar SpA, Italy for Arwan Pharmaceutical Industries Lebanon SAL",Raymond Georges Abou Adal & Co,Lebanon,403152.75,lebacef,true
MED#11722,11722,100323/1,LEBACEF,,0.5g,10 Vials,Sterile powder for IM/IV injectable solution,"ACS Dobfar SpA, Italy for Arwan Pharmaceutical Industries Lebanon SAL",Raymond Georges Abou Adal & Co,Lebanon,3455595.0000000005,lebacef,true
MED#11723,11723,81923/1,LEBACEF,,0.5g,Opat kit:1 Vial of sterile powder + 1 ampoule of 2ml solvent lidocaine + 1 syringe + 2 needles+ swab+ bandage,Sterile powder and solvent for IM injectable solution,"ACS Dobfar SpA, Italy for Arwan Pharmaceutical Industries Lebanon SAL",Raymond Georges Abou Adal & Co,Lebanon,511940.00000000006,lebacef,true
MED#11724,11724,81823/1,LEBACEF,,0.5g,Opat kit:1 Vial of sterile powder + 1 ampoule of 5ml solvent WFI + 1 syringe + 2 needles+ swab+ bandage,Sterile powder and solvent for IV injectable solution,"ACS Dobfar SpA, Italy for Arwan Pharmaceutical Industries Lebanon SAL",Raymond Georges Abou Adal & Co,Lebanon,511940.00000000006,lebacef,true
MED#6784,6784,97385/12,LEBACEF,,1g,Opat kit:1 Vial of sterile powder + 1 ampoule of 10ml solvent WFI + 1 syringe + 2 needles+ swab+ banadage,Sterile powder and solvent for IV injectable solution,Mitim SRL Italy for Arwan Pharmaceutical Industries Lebanon SAL,Raymond Georges Abou Adal & Co,Lebanon,643764.55,lebacef,true
MED#6785,6785,97384/12,LEBACEF,,1g,Opat kit:1 Vial of sterile powder + 1 ampoule of 3.5ml solvent lidocaine + 1 syringe + 2 needles+ swab+ bandage,Sterile powder and solvent for IM injectable solution,Mitim SRL Italy for Arwan Pharmaceutical Industries Lebanon SAL,Raymond Georges Abou Adal & Co,Lebanon,568253.4000000001,lebacef,true
MED#6786,6786,97386/12,LEBACEF,,0.5g,Opat kit:1 Vial of sterile powder + 1 ampoule of 2ml solvent lidocaine + 1 syringe + 2 needles+ swab+ bandage,Sterile powder and solvent for IM injectable solution,Mitim SRL Italy for Arwan Pharmaceutical Industries Lebanon SAL,Raymond Georges Abou Adal & Co,Lebanon,511940.00000000006,lebacef,true
MED#6787,6787,97389/12,LEBACEF,,0.5g,Opat kit:1 Vial of sterile powder + 1 ampoule of 5ml solvent WFI + 1 syringe + 2 needles+ swab+ bandage,Sterile powder and solvent for IV injectable solution,Mitim SRL Italy for Arwan Pharmaceutical Industries Lebanon SAL,Raymond Georges Abou Adal & Co,Lebanon,511940.00000000006,lebacef,true
MED#6891,6891,97494/12,LEBACEF,,0.5g,10 Vials,Sterile powder for IM/IV injectable solution,Mitim SRL Italy for Arwan Pharmaceutical Industries Lebanon SAL,Raymond Georges Abou Adal & Co,Lebanon,3455595.0000000005,lebacef,true
MED#6892,6892,97493/12,LEBACEF,,1g,10 Vials,Sterile powder for IM/IV injectable solution,Mitim SRL Italy for Arwan Pharmaceutical Industries Lebanon SAL,Raymond Georges Abou Adal & Co,Lebanon,5793880.950000001,lebacef,true
MED#7617,7617,45614/1,LEBACEF,,1g,1 Vial of sterile powder + 1 ampoule of 10ml solvent WFI,Sterile powder and solvent for IV injectable solution,Mitim SRL Italy for Arwan Pharmaceutical Industries Lebanon SAL,Raymond Georges Abou Adal & Co,Lebanon,508100.4500000001,lebacef,true
MED#7618,7618,45714/1,LEBACEF,,0.5g,1 Vial of sterile powder + 1 ampoule of 5ml solvent WFI,Sterile powder and solvent for IV injectable solution,Mitim SRL Italy for Arwan Pharmaceutical Industries Lebanon SAL,Raymond Georges Abou Adal & Co,Lebanon,433869.15,lebacef,true
MED#6389,6389,24896/07,LECITAL 20,,,30,Caplet,Joswe Medical (Jordan Sweden Medical and Sterilization Co),The Lebanese Pharmacists SAL,Jordan,1247085.8400000003,lecital 20,true
MED#6895,6895,97660/11,LECITAL 40,,40mg,30,Caplet,Joswe Medical (Jordan Sweden Medical and Sterilization Co),The Lebanese Pharmacists SAL,Jordan,1761777.5175000003,lecital 40,true
MED#11555,11555,23823/1,LEDOBOOK 10,,10mg,21,Capsule,Eugia Pharma Specialities Limited,Interpharma S.A.L.,India,62230245.00000001,ledobook 10,true
MED#11556,11556,23923/1,LEDOBOOK 15,,15mg,21,Capsule,Eugia Pharma Specialities Limited,Interpharma S.A.L.,India,62230245.00000001,ledobook 15,true
MED#11557,11557,24023/1,LEDOBOOK 25,,25mg,21,Capsule,Eugia Pharma Specialities Limited,Interpharma S.A.L.,India,67887540.00000001,ledobook 25,true
MED#7268,7268,166631/11,LEFFTARA,,2.5mg,30,"Tablet, film coated",The Arab Pharmaceutical Manufacturing PSC,Abela Frères S.A.L.,Jordan,2060110.5525000005,lefftara,true
MED#5270,5270,222363/08,LEFLUMAX,,500mg,7,"Tablet, coated",Laboratorio Elea Phoenix SA,Droguerie Phenicia,Argentine,752551.8,leflumax,true
MED#5271,5271,222364/08,LEFLUMAX,,750mg,5,"Tablet, coated",Laboratorio Elea Phoenix SA,Droguerie Phenicia,Argentine,1006538.0325000001,leflumax,true
MED#8777,8777,121214/1,LEJAM,,30mg,4,"Tablet, film coated",Spimaco,Khalil Fattal & Fils S.A.L.,Saudi Arabia,1269931.1624999999,lejam,true
MED#12269,12269,118823/1,LENALIDOMIDE ARROW,,25mg,21,Gélules,APL Swift Services (Malta) Limited,Darapharma S.A.L.,Malta,26651801.652271487,lenalidomide arrow,true
MED#12270,12270,118723/1,LENALIDOMIDE ARROW,,15mg,21,Gélules,APL Swift Services (Malta) Limited,Darapharma S.A.L.,Malta,26651801.652271487,lenalidomide arrow,true
MED#12271,12271,118623/1,LENALIDOMIDE ARROW,,10mg,21,Gélules,APL Swift Services (Malta) Limited,Darapharma S.A.L.,Malta,26651801.652271487,lenalidomide arrow,true
MED#12272,12272,118523/1,LENALIDOMIDE ARROW,,5mg,21,Gélules,APL Swift Services (Malta) Limited,Darapharma S.A.L.,Malta,26651801.652271487,lenalidomide arrow,true
MED#11052,11052,155322/1,LENALIDOMIDE NEAPOLIS,,5mg,21,Capsule,Neapolis Pharma,Medis Pharm Drugstore,Tunisia,68908116.018,lenalidomide neapolis,true
MED#11053,11053,155422/1,LENALIDOMIDE NEAPOLIS,,10mg,21,Capsule,Neapolis Pharma,Medis Pharm Drugstore,Tunisia,72248182.986,lenalidomide neapolis,true
MED#11054,11054,155522/1,LENALIDOMIDE NEAPOLIS,,15mg,21,Capsule,Neapolis Pharma,Medis Pharm Drugstore,Tunisia,76209420.945,lenalidomide neapolis,true
MED#11055,11055,155622/1,LENALIDOMIDE NEAPOLIS,,25mg,21,Capsule,Neapolis Pharma,Medis Pharm Drugstore,Tunisia,76719234.14531249,lenalidomide neapolis,true
MED#11260,11260,177120/1,LENALIDOMIDE SPC,,25mg,21,"Capsule, hard","Pharmaline SAL Licensed by Sudair Pharma Company, KSA",Advanced Healthcare Services SAL,Lebanon,87161381.221875,lenalidomide spc,true
MED#11261,11261,177420/1,LENALIDOMIDE SPC,,5mg,21,"Capsule, hard","Pharmaline SAL Licensed by Sudair Pharma Company, KSA",Advanced Healthcare Services SAL,Lebanon,71647216.62,lenalidomide spc,true
MED#11262,11262,177220/1,LENALIDOMIDE SPC,,10mg,21,"Capsule, hard","Pharmaline SAL Licensed by Sudair Pharma Company, KSA",Advanced Healthcare Services SAL,Lebanon,75120146.315625,lenalidomide spc,true
MED#12091,12091,4425/1,LENALIDOMIDE STRAGEN,,5mg,21,Gélule,Synthon Hispania SL,Karout pharmacy,Spain,33314752.065339364,lenalidomide stragen,true
MED#12092,12092,4125/1,LENALIDOMIDE STRAGEN,,10mg,21,Gélule,Synthon Hispania SL,Karout pharmacy,Spain,33314752.065339364,lenalidomide stragen,true
MED#12093,12093,4225/1,LENALIDOMIDE STRAGEN,,15mg,21,Gélule,Synthon Hispania SL,Karout pharmacy,Spain,33314752.065339364,lenalidomide stragen,true
MED#12094,12094,4325/1,LENALIDOMIDE STRAGEN,,25mg,21,Gélule,Synthon Hispania SL,Karout pharmacy,Spain,33314752.065339364,lenalidomide stragen,true
MED#10038,10038,76319/1,LENIZAK,,75mg/25mg,20,"Tablet, film coated",Menarini Von Heyden GmbH,Mersaco,Germany,494534.0400000001,lenizak,true
MED#10182,10182,156619/1,LENOMA,,5mg,21,Oral Hard Gelatin Capsule,Nano Fanavaran Darouei Alvand Co (Nano Alvand),Lebiran SARL,Iran,68908116.018,lenoma,true
MED#10183,10183,156719/1,LENOMA,,10mg,21,Oral Hard Gelatin Capsule,Nano Fanavaran Darouei Alvand Co (Nano Alvand),Lebiran SARL,Iran,14449636.5972,lenoma,true
MED#10184,10184,156919/1,LENOMA,,25mg,21,Oral Hard Gelatin Capsule,Nano Fanavaran Darouei Alvand Co (Nano Alvand),Lebiran SARL,Iran,15343846.8290625,lenoma,true
MED#10185,10185,156819/1,LENOMA,,15mg,21,Oral Hard Gelatin Capsule,Nano Fanavaran Darouei Alvand Co (Nano Alvand),Lebiran SARL,Iran,15241884.189,lenoma,true
MED#8719,8719,76116/1,LENVIMA,,10mg,30,"Capsule, hard",Eisai Manufacturing Limited,Abela Frères S.A.L.,UK,124450303.84171507,lenvima,true
MED#8720,8720,76016/1,LENVIMA,,4mg,30,"Capsule, hard",Eisai Manufacturing Limited,Abela Frères S.A.L.,UK,124450303.84171507,lenvima,true
MED#4433,4433,194498/06,LEPIGINE,,100mg,30,"Tablet, scored",Mediphar Laboratories,Pharmapro,Lebanon,1163383.6500000001,lepigine,true
MED#11850,11850,63922/1,LEPITAM,,500mg,60,Tablet,Mediphar Laboratories,Pharmapro,Lebanon,1100671.0000000002,lepitam,true
MED#11851,11851,64022/1,LEPITAM,,250mg,60,Tablet,Mediphar Laboratories,Pharmapro,Lebanon,700077.9500000001,lepitam,true
MED#6887,6887,166620/11,LEPITAM,,,120ml,Oral solution,Mediphar Laboratories,Pharmapro,Lebanon,1336163.4,lepitam,true
MED#9855,9855,164918/1,LEPONEX,,100mg,50,Tablet,Madaus GmbH,Omnipharma,Germany,1975448.475,leponex,true
MED#12603,12603,20921/1,LEQVIO,,284mg/1.5ml,Prefilled syringe with needle guard,Solution for injection,Novartis Pharmaceutical Manufacturing GmbH,Khalil Fattal & Fils S.A.L.,Austria,218123272.15874997,leqvio,true
MED#4311,4311,236308/98,LERCADIP,,10mg,30,"Tablet, film coated",Algorithm S.A.L. under license from Recordati Italy,Droguerie de l'Union,Lebanon,1021320.3,lercadip,true
MED#4312,4312,195142/04,LERCADIP,,20mg,30,"Tablet, film coated",Algorithm S.A.L. under license from Recordati Italy,Droguerie de l'Union,Lebanon,1679803.1249999998,lercadip,true
MED#6285,6285,218761/09,LESSFAT,,120mg,10,Capsule,Mediphar Laboratories,Pharmapro,Lebanon,391634.1000000001,lessfat,true
MED#6286,6286,218760/09,LESSFAT,,60mg,30,Capsule,Mediphar Laboratories,Pharmapro,Lebanon,1039238.2000000001,lessfat,true
MED#11876,11876,6323/1,LETROZOLE ARROW LAB,,2.5mg,30,Comprimés pelliculés,APL Swift Services (Malta) Limited,Darapharma S.A.L.,Malta,1812843.5325000002,letrozole arrow lab,true
MED#11019,11019,51522/1,LETROZOLE BIOGARAN,,2.5mg,30,Comprimés pelliculés,Laboratoires BTT,Commercial and Trading Ressources SAL (CTR),France,2402790.39,letrozole biogaran,true
MED#11013,11013,166220/1,LETROZOLE NEAPOLIS,,2.5mg,30,"Tablet, film coated",Neapolis Pharma,Medis Pharm Drugstore,Tunisia,2060110.5525000002,letrozole neapolis,true
MED#5161,5161,24350/06,LEUKOTRIS,,10mg,30,Tablet,Mediphar Laboratories,Pharmapro,Lebanon,981644.9500000002,leukotris,true
MED#5970,5970,219336/09,LEUKOTRIS,,5mg,30,Tablet,Mediphar Laboratories,Pharmapro,Lebanon,979085.2500000002,leukotris,true
MED#5971,5971,219335/09,LEUKOTRIS,,4mg,30,Tablet,Mediphar Laboratories,Pharmapro,Lebanon,783268.2000000002,leukotris,true
MED#12447,12447,91123/1,LEUZADA,,100mg,1Vial,Powder for suspension for injection,Salutas Pharma GmbH,Khalil Fattal & Fils S.A.L.,Germany,10969285.395196738,leuzada,true
MED#9822,9822,91418/1,LEVETIRACETAM ARROW,,100mg/ml,B/1 Flacon de 150ml,Solution buvable,APL Swift Services (Malta) Limited,Darapharma S.A.L.,Malta,1639487.85,levetiracetam arrow,true
MED#12397,12397,65825/1,LEVETIRACETAM ARROW LAB,,100mg/ml,10flacons de 5ml,Solution à diluer pour perfusion,APL Swift Services (Malta) Limited,Darapharma S.A.L.,Malta,8099378.029050001,levetiracetam arrow lab,true
MED#12662,12662,113425/1,LEVETIRACETAM ARROW LAB,,500mg,60,Comprimés pelliculés sécables,Generis Farmaceutica SA,Darapharma S.A.L.,Portugal,2441761.8225000007,levetiracetam arrow lab,true
MED#12663,12663,113525/1,LEVETIRACETAM ARROW LAB,,250mg,60,Comprimés pelliculés sécables,Generis Farmaceutica SA,Darapharma S.A.L.,Malta,1243054.3125000002,levetiracetam arrow lab,true
MED#12664,12664,113325/1,LEVETIRACETAM ARROW LAB,,1000mg,60,Comprimés pelliculés sécables,Generis Farmaceutica SA,Darapharma S.A.L.,Malta,2932264.3350000004,levetiracetam arrow lab,true
MED#8481,8481,157915/1,LEVETIRACETAM ARROW LAB,,250mg,60,"Tablet, film coated, breakable",APL Swift Services (Malta) Limited,Darapharma S.A.L.,Malta,1243054.3125000002,levetiracetam arrow lab,true
MED#8482,8482,158015/1,LEVETIRACETAM ARROW LAB,,500mg,60,"Tablet, film coated, breakable",APL Swift Services (Malta) Limited,Darapharma S.A.L.,Malta,2441761.8225000007,levetiracetam arrow lab,true
MED#8483,8483,158115/1,LEVETIRACETAM ARROW LAB,,1000mg,60,"Tablet, film coated, breakable",APL Swift Services (Malta) Limited,Darapharma S.A.L.,Malta,2932264.3350000004,levetiracetam arrow lab,true
MED#8809,8809,110016/1,LEVETIRACETAM BIOGARAN,,250mg,60,Comprimés pelliculés secable,Allphamed Pharbil Arzneimittel GmbH,Commercial and Trading Ressources SAL (CTR),Germany,1315621.8074999999,levetiracetam biogaran,true
MED#8810,8810,110116/1,LEVETIRACETAM BIOGARAN,,500mg,60,Comprimés pelliculés secable,Allphamed Pharbil Arzneimittel GmbH,Commercial and Trading Ressources SAL (CTR),Germany,1988886.9000000001,levetiracetam biogaran,true
MED#8811,8811,110216/1,LEVETIRACETAM BIOGARAN,,1000mg,60,Comprimés pelliculés secable,Allphamed Pharbil Arzneimittel GmbH,Commercial and Trading Ressources SAL (CTR),Germany,3090837.750000001,levetiracetam biogaran,true
MED#11158,11158,123322/1,LEVETRIMED,,,120ml,Oral solution,Mediphar Laboratories,Pharmapro,Lebanon,1336163.4,levetrimed,true
MED#11559,11559,139621/1,LEVIDOR,,20mg,4,Tablet,Kwality Pharmaceuticals Limited,Multipharm,India,774053.2800000001,levidor,true
MED#12066,12066,17224/1,LEVIDOR,,5mg,30,Tablet,Kwality Pharmaceuticals Limited,Multipharm,India,876185.31,levidor,true
MED#12208,12208,19925/1,LEVIOSA,,5mg/ml+1mg/ml,,"Eye drops, solution",Tubilux Pharma SpA,Medi drug International SAL (MDI),Italy,1427160.735,leviosa,true
MED#11426,11426,41123/1,LEVIPHAR,,500mg,100,"Tablet, film coated",Pharmaline SAL,Pharmaline S.A.L.,Lebanon,1451349.9,leviphar,true
MED#11427,11427,41223/1,LEVIPHAR,,1000mg,100,"Tablet, film coated",Pharmaline SAL,Pharmaline S.A.L.,Lebanon,2212860.65,leviphar,true
MED#10148,10148,86017/1,LEVIPRAM,,100mg/ml,150ml,Oral solution,"Manufactured by Hetero Labs Ltd, India for Benta SAL",Benta Trading Co s.a.l.,Lebanon,1285609.325,levipram,true
MED#10790,10790,3622/1,LEVIPRAM 1000,,1000mg,60,"Tablet, film coated",Benta SAL,Benta Trading Co s.a.l.,Lebanon,1663805,levipram 1000,true
MED#7350,7350,221889/08,LEVIPRAM 250,,250mg,100,"Tablet, film coated",Benta SAL,Benta Trading Co s.a.l.,Lebanon,1087872.5000000002,levipram 250,true
MED#6919,6919,221890/08,LEVIPRAM 500,,500mg,100,"Tablet, film coated",Benta SAL,Benta Trading Co s.a.l.,Lebanon,1663805,levipram 500,true
MED#9519,9519,38918/1,LEVIPRAM IV,,500mg/100ml,1poche of 100ml,Solution for infusion,"InfoRLife SA, Switzerland for Benta SAL",Benta Trading Co s.a.l.,Lebanon,1869732.8650000002,levipram iv,true
MED#9520,9520,39018/1,LEVIPRAM IV,,1000mg/100ml,1poche of 100ml,Solution for infusion,"InfoRLife SA, Switzerland for Benta SAL",Benta Trading Co s.a.l.,Lebanon,2911658.7499999995,levipram iv,true
MED#2708,2708,195005/04,LEVITRA,,20mg,4,"Tablet, film coated",Bayer AG,Droguerie R. Pharaon & Fils S.A.L.,Germany,2660808.15,levitra,true
MED#11534,11534,55523/1,LEVOFLOX,,500mg,5,"Tablet, coated, scored",Les Laboratoires Medis,Medis Pharm Drugstore,Tunisia,602041.4400000002,levoflox,true
MED#7216,7216,96598/12,LEVOFLOX-MEDIS 500,,,1 Flacon x 100ml,Solution Injectable pour perfusion par voie intraveineuse,Les Laboratoires Medis SA,Medis Pharm Drugstore,Tunisia,1834345.0125,levoflox medis 500,true
MED#7402,7402,97217/12,LEVOFLOXACIN COOPER,,500mg/100ml,1Bottle,Injectable solution for infusion,Cooper SA,Pharmamed,Greece,959503.545,levofloxacin cooper,true
MED#5694,5694,219537/09,LEVOFLOXACIN NORMON,,5mg/ml,20Bags x 100ml,Solution for infusion,Normon SA,Droguerie Phenicia,Spain,27147388.2372,levofloxacin normon,true
MED#11568,11568,105723/1,LEVOFLOXACINA BASI,,5mg/ml,50Vials,Solution for infusion,Laboratorios Basi-Industria Farmaceutica S.A.,Medis Pharm Drugstore,Portugal,56572950,levofloxacina basi,true
MED#11898,11898,21322/0,LEVOKEY 500,,500mg,5,Tablet,Emcure Pharmaceuticals Ltd,Mediterranean Pharmaceutical Company,India,141103.46250000002,levokey 500,true
MED#4434,4434,195306/04,LEVOMED,,500mg,7,Tablet,Mediphar Laboratories,Pharmapro,Lebanon,849820.4,levomed,true
MED#2520,2520,208343/97,LEVOPHTA,,0.05%,5ml,Collyre,Chauvin,Spephal S.A.L.,France,682671.99,levophta,true
MED#10792,10792,186087/13,LEVOTREX,,5mg,30,"Tablet, film coated",Benta SAL,Benta Trading Co s.a.l.,Lebanon,447947.50000000006,levotrex,true
MED#12309,12309,164623/1,LEVOXIPOLIN,,500mg/100ml,100ml 1PP bag,Solution for IV infusion,Polifarma Ilaç San. ve Tic. AS,New Europharm,Turkey,1014601.0875,levoxipolin,true
MED#10609,10609,84520/1,LEXOTANIL,,1.5mg,30,Tablet,Delpharm Milano SRL,Omnipharma,Italy,299676.8775,lexotanil,true
MED#10610,10610,84420/1,LEXOTANIL,,3mg,30,Tablet,Delpharm Milano SRL,Omnipharma,Italy,413903.49,lexotanil,true
MED#10649,10649,48117/1,LIBLAB COUGH SUPPOSITORIES,,,10,Suppository,Dar Al Dawa Development & Investment Co Ltd,Sadco,Jordan,142447.305,liblab cough suppositories,true
MED#9454,9454,162416/1,LIBLAB COUGH SYRUP,,,100ml,,Dar Al Dawa Development & Investment Co Ltd,Sadco,Jordan,237860.1225,liblab cough syrup,true
MED#8410,8410,186089/13,LIBRAX DRAGEES,,5/2.5mg,30,Dragée,ICN Polfa Rzeszow SA,Omnipharma,Poland,435404.97000000003,librax dragees,true
MED#1677,1677,24875/80,LIBROCOL,,,30,Tablet,Lagap SA,Mediterranean Pharmaceutical Company,Switzerland,338648.31000000006,librocol,true
MED#9880,9880,187189/13,LIDO-CARE,,2%,1Vial x 50ml,Injection,Swiss Parenterals Ltd,Drugstore 3U S.A.R.L.,India,100788.1875,lido care,true
MED#12235,12235,141624/1,LIDOCAINE AGUETTANT PRESERVATIVE FREE,,10mg/ml,10Ampoules,Solution for injection,Aguettant,Pharmamed,France,1284713.4300000002,lidocaine aguettant preservative free,true
MED#8661,8661,17316/1,LIDOCAINE ARWAN,,0.5%,50 ampoules x 4ml,Injectable solution,Arwan Pharmaceutical Industries Lebanon SAL,Raymond Georges Abou Adal & Co,Lebanon,1995158.1649999998,lidocaine arwan,true
MED#8662,8662,17416/1,LIDOCAINE ARWAN,,1%,50 ampoules x 3.5ml,Injectable solution,Arwan Pharmaceutical Industries Lebanon SAL,Raymond Georges Abou Adal & Co,Lebanon,1995158.1649999998,lidocaine arwan,true
MED#8663,8663,17516/1,LIDOCAINE ARWAN,,1%,50 ampoules x 2ml,Injectable solution,Arwan Pharmaceutical Industries Lebanon SAL,Raymond Georges Abou Adal & Co,Lebanon,1995158.1649999998,lidocaine arwan,true
MED#12236,12236,143023/1,LIDOCAINE HYDROCHLORIDE 1%,,10mg/ml,100Ampoules of 5ml,Injection,Tabuk Pharmaceutical Manufacturing Company,Mersaco,Saudi Arabia,5912907.000000002,lidocaine hydrochloride 1,true
MED#2735,2735,A0981/92,LIDOCAINE PANPHARMA 2%,,2%,25Vials x50ml,Injectable solution,Panpharma GmbH,Minapharm Halabi,Germany,3398577.6825,lidocaine panpharma 2,true
MED#9622,9622,28318/1,LIDOCAINE- ORBUCELL,,1%,Box of 20Vials x 50ml,Injection,Packed by Pharmadex SAL under license from Orbucell Canada,Medi drug International SAL (MDI),Lebanon,1787950.4500000004,lidocaine orbucell,true
MED#9623,9623,28418/1,LIDOCAINE- ORBUCELL,,2%,Box of 20Vials x 50ml,Injection,Packed by Pharmadex SAL under license from Orbucell Canada,Medi drug International SAL (MDI),Lebanon,1787950.4500000004,lidocaine orbucell,true
MED#12231,12231,6423/1,LIDONOSTRUM,,50mg/g,35g,Ointment,Sidefarma - Sociedade Industrial de Expansao Farmaceutica SA,Mediterranean Pharmaceutical Company,Portugal,1069698.6300000001,lidonostrum,true
MED#12262,12262,16023/1,LIDONOSTRUM BOMBA-SPRAY,,10%,80g,Cutaneous spray solution,Sidefarma - Sociedade Industrial de Expansao Farmaceutica SA,Mediterranean Pharmaceutical Company,Portugal,747176.4300000002,lidonostrum bomba spray,true
MED#12675,12675,187525/1,LIDONOSTRUM GELE,,2% 20mg/g,30g,Gel,Sidefarma - Sociedade Industrial de Expansao Farmaceutica SA,Mediterranean Pharmaceutical Company,Portugal,804961.6575000002,lidonostrum gele,true
MED#4608,4608,20111,LIF-DOL,,,30,Tablet coated,Pharmadex,Pharmadex,Lebanon,231652.85000000006,lif dol,true
MED#2739,2739,974492/00,LIKACIN,,500mg/2ml,50,Vial,Laboratorio Italiano Biochimico Farmaceutico Lisapharma SpA,Droguerie Pentamed,Italy,13751773.736400003,likacin,true
MED#11765,11765,16722/1,LINEDOR,,600mg/300ml,1Vial,IV solution for infusion,Vem Ilac San. Ve Tic AS,Pharmamed,Turkey,2045328.2850000004,linedor,true
MED#9412,9412,5218/1,LINESPAN 600,,600mg,10,"Tablet, film coated",Cipla Ltd,Droguerie de l'Union,India,3308540.2350000003,linespan 600,true
MED#12487,12487,139923/1,LINEZOLID ANFARM,,2mg/ml,10Bags x 300ml,Solution for infusion,Anfarm Hellas SA,Drugstore 3U S.A.R.L.,Greece,21394724.4,linezolid anfarm,true
MED#11369,11369,55422/1,LINEZOLID ARROW,,2mg/ml,10poches de 300ml,Solution pour perfusion,APL Swift Services (Malta) Limited,Darapharma S.A.L.,Malta,13282147.394250002,linezolid arrow,true
MED#11618,11618,31523/1,LINEZOLIDE STRAGEN,,600mg,10,Comprimés pelliculés,Pharmathen International SA,Karout pharmacy,Greece,5848402.560000001,linezolide stragen,true
MED#12477,12477,73525/1,LINGLOMET 2.5/1000,,2.5mg/1000mg,60,"Tablet, film coated",Benta SAL,Benta Trading Co s.a.l.,Lebanon,1657405.75,linglomet 2 5 1000,true
MED#12476,12476,73425/1,LINGLOMET 2.5/850,,2.5mg/850mg,60,"Tablet, film coated",Benta SAL,Benta Trading Co s.a.l.,Lebanon,1657405.75,linglomet 2 5 850,true
MED#12475,12475,73325/1,LINGLOR 5,,5mg,30,"Tablet, film coated",Benta SAL,Benta Trading Co s.a.l.,Lebanon,1209458.25,linglor 5,true
MED#7698,7698,186510/13,LINK,,20mg,4,"Tablet, film coated",Joswe Medical (Jordan Sweden Medical and Sterilization Co),Eva Pharm Plus,Jordan,1374750.8775,link,true
MED#8036,8036,126914/1,LINK,,20mg,1,"Tablet, film coated",Joswe Medical (Jordan Sweden Medical and Sterilization Co),Eva Pharm Plus,Jordan,369556.6875,link,true
MED#9545,9545,24218/1,LINK,,5mg,30,"Tablet, film coated",Joswe Medical (Jordan Sweden Medical and Sterilization Co),Eva Pharm Plus,Jordan,3926707.7849999997,link,true
MED#11955,11955,128224/1,LIPAFIB,,160mg,30,Tablet,"UBSA Pharma Industries SARL (Secondary Packaging), manufacturer: Athena Drug Delivery Solutions private Ltd, India",L. Pharm SAL,Lebanon,627126.5,lipafib,true
MED#12428,12428,89525/1,LIPANCURE,,160mg,30,Tablet,"UBSA Pharma Industries SARL (Secondary Packaging), manufacturer: Athena Drug Delivery Solutions private Ltd, India",Tamipharm,Lebanon,627126.5,lipancure,true
MED#10547,10547,1921/1,LIPANTHYL,,160mg,30,"Tablet, film coated","Pharmaline Licensed by Abbott Laboratories GmbH, Germany",Mersaco,Lebanon,1154237.760676,lipanthyl,true
MED#10580,10580,42221/1,LIPANTHYL 200 M,,200mg,30,Capsule,"Pharmaline Licensed by Abbott laboratories Ltd, UK",Mersaco,Lebanon,1115364.4682180004,lipanthyl 200 m,true
MED#11191,11191,16221/1,LIPIDEM,,,500ml,Emulsion for infusion,B. Braun Melsungen AG,Droguerie de l'Union,Germany,2486108.6250000005,lipidem,true
MED#10635,10635,92520/1,LIPOCOMB,,10mg/10mg,30,"Capsule, hard",Egis Pharmaceuticals PLC,Khalil Fattal & Fils S.A.L.,Hungary,1811499.6900000004,lipocomb,true
MED#10636,10636,92620/1,LIPOCOMB,,20mg/10mg,30,"Capsule, hard",Egis Pharmaceuticals PLC,Khalil Fattal & Fils S.A.L.,Hungary,1811499.6900000004,lipocomb,true
MED#3563,3563,194014/05,LIPONORM,,20mg,30,"Tablet, coated",Dr Lazar y.Cia. S.A.Q.eI,Droguerie Phenicia,Argentine,1249773.5250000001,liponorm,true
MED#3564,3564,194013/05,LIPONORM,,10mg,30,"Tablet, coated",Dr Lazar y.Cia. S.A.Q.eI,Droguerie Phenicia,Argentine,967566.6000000002,liponorm,true
MED#6188,6188,168223/10,LIPONORM,,40mg,30,"Tablet, coated",Dr Lazar y.Cia. S.A.Q.eI,Droguerie Phenicia,Argentine,1491665.175,liponorm,true
MED#8312,8312,78814/1,LIPONORM PLUS 10/10,,,30,Tablet,Dr Lazar Y CIa SA.Q.e.I,Droguerie Phenicia,Argentine,974285.8125000002,liponorm plus 10 10,true
MED#8313,8313,78914/1,LIPONORM PLUS 20/10,,,30,Tablet,Dr Lazar Y CIa SA.Q.e.I,Droguerie Phenicia,Argentine,1226928.2025000001,liponorm plus 20 10,true
MED#7406,7406,187304/13,LISAMETHYLE,,40mg/2ml,50Vials + 50Ampoules of solvent,Injectable powder for solution+diluent,Laboratorio Italiano Biochimico Farmaceutico Lisapharma SpA,Droguerie Pentamed,Italy,7905544.536224999,lisamethyle,true
MED#6562,6562,96205/11,LITAK 10,,,5 Vials,Solution for SC or IV injection/infusion,Haupt Pharma Wolfratshausen GmbH,Mediterranean Pharmaceutical Company,Germany,312775352.78587145,litak 10,true
MED#7068,7068,186472/12,LITAK 10,,10mg/5ml,1 Vial,Solution for SC or IV injection/infusion,Haupt Pharma Wolfratshausen GmbH,Mediterranean Pharmaceutical Company,Germany,70638937.136775,litak 10,true
MED#6100,6100,168117/10,LIVAZO,,2mg,28,"Tablet, film coated",Algorithm S.A.L. under license from KOWA Pharmaceutical Europe Co Ltd UK,Droguerie de l'Union,Lebanon,1558857.3000000003,livazo,true
MED#6101,6101,168118/10,LIVAZO,,4mg,28,"Tablet, film coated",Algorithm S.A.L. under license from KOWA Pharmaceutical Europe Co Ltd UK,Droguerie de l'Union,Lebanon,1835304.9,livazo,true
MED#2904,2904,27841,LIVIAL,,2.5mg,28,Tablet,N.V. Organon,Droguerie de l'Union,The Netherlands,1135546.9124999999,livial,true
MED#11475,11475,FE52623/1,LIVIDA,,5mg,28,"Tablet, film coated","Adamed Pharma S.A. Ksawerow, Poland for Arwan Pharmaceutical Industries Lebanon SAL",Raymond Georges Abou Adal & Co,Lebanon,447947.50000000006,livida,true
MED#12671,12671,111423/1,LIZENOR,,2mg/ml 600mg/300ml,10Bags of 300ml,Solution for infusion,Normon SA,Droguerie Phenicia,Spain,12689600.034620777,lizenor,true
MED#12672,12672,111523/1,LIZENOR,,600mg,10,"Tablet, film coated",Normon SA,Droguerie Phenicia,Spain,5416096.2280425,lizenor,true
MED#4174,4174,261320/97,LO-SODIUM INJECTION,,,500ml,Injectable solution,Alfa Laboratoires S.A.L.,Alfa Laboratoires S.A.L.,Lebanon,179455.94880000004,lo sodium injection,true
MED#4778,4778,38951/96,LO-SODIUM WITH POTASSIUM INJECTION,,,In PVC flexible containers 500ml,,Serum Products,Serum Products,Lebanon,165727.0784,lo sodium with potassium injection,true
MED#4777,4777,38950/96,LO-SODIUM WITHOUT POTASSIUM INJECTION,,,In PVC flexible containers 500ml,,Serum Products,Serum Products,Lebanon,166707.712,lo sodium without potassium injection,true
MED#1725,1725,148237/03,LOCAGEL,,,50g,Gel,Hayat Pharmaceuticals Industries Co PLC,Macromed S.A.R.L.,Jordan,223077.855,locagel,true
MED#3903,3903,195336/04,LOCERYL,,5%,2.5ml,Solution filmagene pour application locale,Galderma,Raymond Georges Abou Adal & Co,France,1076417.8424999998,loceryl,true
MED#11906,11906,119722/1,LOCOID,,0.1%,30ml,Scalp lotion,Temmler Italia SRL,UPO S.A.L.,Italy,201576.37500000006,locoid,true
MED#11908,11908,119522/1,LOCOID,,0.1%,30g,Lipocream,Temmler Italia SRL,UPO S.A.L.,Italy,221734.0125,locoid,true
MED#11909,11909,119422/1,LOCOID,,0.1%,30g,Cream,Temmler Italia SRL,UPO S.A.L.,Italy,215014.80000000005,locoid,true
MED#8931,8931,3217/1,LOCOID,,0.1%,30g,Lipocream,Astellas Pharma Europe BV,UPO S.A.L.,The Netherlands,221734.01249999998,locoid,true
MED#8932,8932,3417/1,LOCOID,,0.1%,30g,Cream,Astellas Pharma Europe BV,UPO S.A.L.,The Netherlands,215014.80000000005,locoid,true
MED#8996,8996,10117/1,LOCOID,,0.1%,30ml,Scalp lotion,Temmler Italia SRL,UPO S.A.L.,Italy,201576.375,locoid,true
MED#11907,11907,119922/1,LOCOID CRELO 0.1%,,1mg/g,30g,Topical Emulsion,Temmler Italia SRL,UPO S.A.L.,Italy,177387.21000000002,locoid crelo 0 1,true
MED#8933,8933,3317/1,LOCOID CRELO 0.1%,,1mg/g,30g,Topical Emulsion,Astellas Pharma Europe BV,UPO S.A.L.,The Netherlands,177387.21000000002,locoid crelo 0 1,true
MED#9436,9436,158717/1,LOFLAM,,100mg,60,Tablet,Medpharma Pharma and Chem Ind's LLC,C. Catafago & Co,United Arab Emirates,767334.0674999999,loflam,true
MED#9939,9939,179318/1,LOMAIRA,,8mg,90,Tablet,"KVK-TECH, Inc.",Droguerie Phenicia,USA,6138672.539999999,lomaira,true
MED#4313,4313,261479/97,LOMEXIN,,2%,30g,Cream,Algorithm S.A.L. under license from Recordati Italy,Droguerie de l'Union,Lebanon,758029.202931,lomexin,true
MED#4316,4316,261475/97,LOMEXIN,,200mg,3,Ovule,Algorithm S.A.L. under license from Recordati Italy,Droguerie de l'Union,Lebanon,810358.6350860001,lomexin,true
MED#4317,4317,261476/97,LOMEXIN,,600mg,1,Ovule,Algorithm S.A.L. under license from Recordati Italy,Droguerie de l'Union,Lebanon,850727.0541770003,lomexin,true
MED#4319,4319,261477/97,"LOMEXIN ""T""",,"1,000mg",1,Ovule,Algorithm S.A.L. under license from Recordati Italy,Droguerie de l'Union,Lebanon,909036.992864,lomexin t,true
MED#9051,9051,18817/1,LONSURF,,20mg/8.19mg,20,"Tablet, film coated",Les Laboratoires Servier Industrie,Khalil Fattal & Fils S.A.L.,France,75019126.077,lonsurf,true
MED#9052,9052,18917/1,LONSURF,,15mg/6.14mg,20,"Tablet, film coated",Les Laboratoires Servier Industrie,Khalil Fattal & Fils S.A.L.,France,58102682.56800001,lonsurf,true
MED#11518,11518,27423/1,LOPERAMIDE ARROW LAB,,2mg,30,Gélule,APL Swift Services (Malta) Limited,Darapharma S.A.L.,Malta,442124.1825000001,loperamide arrow lab,true
MED#8403,8403,63115/1,LOPID,,600mg,30,"Tablet, film coated",Pfizer Manufacturing Deutschland GmbH,Droguerie Fattal S.A.L.,Germany,498565.5675000001,lopid,true
MED#10061,10061,159316/1,LOPROSTAN,,,2.5ml,Eye drops,Amman Pharmaceutical Industries,Germanos Health Care Supplies SARL,Jordan,768677.91,loprostan,true
MED#1491,1491,973313/01,LORATIN,,10mg,20,Tablet,Julphar,Pharmanet Drugstore S.A.R.L.,United Arab Emirates,247267.02000000005,loratin,true
MED#4435,4435,2864/94,LORAZEPAM,,1mg,40,"Tablet, scored",Mediphar Laboratories,Mediphar,Lebanon,325081.9,lorazepam,true
MED#4436,4436,2865/94,LORAZEPAM,,2mg,40,"Tablet, scored",Mediphar Laboratories,Mediphar,Lebanon,485063.1500000001,lorazepam,true
MED#10035,10035,90519/1,LORBRENA,,100mg,30,Tablet,Pfizer Pharmaceuticals LLC,Droguerie Fattal S.A.L.,USA,403677370.72359365,lorbrena,true
MED#10036,10036,90419/1,LORBRENA,,25mg,30,Tablet,Pfizer Pharmaceuticals LLC,Droguerie Fattal S.A.L.,USA,134559468.736875,lorbrena,true
MED#803,803,973367/01,LORINE,,10mg,20,Tablet,Spimaco,Khalil Fattal & Fils S.A.L.,Saudi Arabia,247267.02000000005,lorine,true
MED#804,804,973366/01,LORINE,,5mg/5ml,100ml,Syrup,Spimaco,Khalil Fattal & Fils S.A.L.,Saudi Arabia,215014.80000000005,lorine,true
MED#6354,6354,221902/08,LORVAST,,20mg,30,"Tablet, film coated",Tabuk Pharmaceutical Manufacturing Company,Mersaco,Saudi Arabia,1128827.7,lorvast,true
MED#6355,6355,221901/08,LORVAST,,10mg,30,"Tablet, film coated",Tabuk Pharmaceutical Manufacturing Company,Mersaco,Saudi Arabia,1114045.4324999999,lorvast,true
MED#6356,6356,221903/08,LORVAST,,40mg,30,"Tablet, film coated",Tabuk Pharmaceutical Manufacturing Company,Mersaco,Saudi Arabia,1253805.0525,lorvast,true
MED#4745,4745,195018/04,LOSANET,,50mg,30,Tablet,Pharmaline SAL,Pharmaline S.A.L.,Lebanon,395473.65,losanet,true
MED#5244,5244,222208/07,LOSANET,,100mg,30,Tablet,Pharmaline SAL,Pharmaline S.A.L.,Lebanon,395473.65,losanet,true
MED#6817,6817,167728/10,LOSANET AM,,100/10mg,30,Tablet,Pharmaline SAL,Pharmaline S.A.L.,Lebanon,1044357.6000000001,losanet am,true
MED#6818,6818,167729/10,LOSANET AM,,100/5mg,30,Tablet,Pharmaline SAL,Pharmaline S.A.L.,Lebanon,1044357.6000000001,losanet am,true
MED#7226,7226,97236/12,LOSANET AM PLUS,,100/10/12.5 mg,30,Tablet,Pharmaline SAL,Pharmaline S.A.L.,Lebanon,1044357.6000000001,losanet am plus,true
MED#7227,7227,97237/12,LOSANET AM PLUS,,100/5/12.5 mg,30,Tablet,Pharmaline SAL,Pharmaline S.A.L.,Lebanon,1044357.6000000001,losanet am plus,true
MED#4645,4645,195019/04,LOSANET-H,,,30,Tablet,Pharmaline SAL,Pharmaline S.A.L.,Lebanon,395473.65,losanet h,true
MED#5475,5475,222489/08,LOSANET-H FORTE,,100/12.5mg,30,Tablet,Pharmaline SAL,Pharmaline S.A.L.,Lebanon,395473.65,losanet h forte,true
MED#10943,10943,154420/1,LOSARTAN BIOGARAN,,50mg,30,Comprimés pelliculés sécables,Laboratorios Liconsa SA,Commercial and Trading Ressources SAL (CTR),Spain,439436.4975,losartan biogaran,true
MED#10944,10944,154320/1,LOSARTAN BIOGARAN,,100mg,30,Comprimés pelliculés,Laboratorios Liconsa SA,Commercial and Trading Ressources SAL (CTR),Spain,439436.4975,losartan biogaran,true
MED#7173,7173,97241/12,LOSARTAN-REMEDICA,,50mg,30,"Tablet, film coated",Remedica Ltd,Droguerie Columbus,Cyprus,642356.7150000001,losartan remedica,true
MED#9286,9286,101017/1,LOSARTAN/HYDROCHLOROTHIAZIDE ARROW LAB,,50mg/12.5mg,30,"Tablet, film coated",APL Swift Services (Malta) Limited,Darapharma S.A.L.,Malta,470344.8750000001,losartan hydrochlorothiazide arrow lab,true
MED#9287,9287,101117/1,LOSARTAN/HYDROCHLOROTHIAZIDE ARROW LAB,,100mg/12.5mg,30,"Tablet, film coated",APL Swift Services (Malta) Limited,Darapharma S.A.L.,Malta,470344.8750000001,losartan hydrochlorothiazide arrow lab,true
MED#10945,10945,154220/1,LOSARTAN/HYDROCHLOROTHIAZIDE BGR,,50mg/12.5mg,30,Comprimés pelliculés,Laboratorios Liconsa SA,Commercial and Trading Ressources SAL (CTR),Spain,439436.4975,losartan hydrochlorothiazide bgr,true
MED#10946,10946,154120/1,LOSARTAN/HYDROCHLOROTHIAZIDE BGR,,100mg/25mg,30,Comprimés pelliculés,Laboratorios Liconsa SA,Commercial and Trading Ressources SAL (CTR),Spain,439436.4975,losartan hydrochlorothiazide bgr,true
MED#7174,7174,97396/12,LOSARTAN/HYDROCHLOROTHIAZIDE REMEDICA,,50/12.5mg,30,"Tablet, film coated",Remedica Ltd,Droguerie Columbus,Cyprus,635637.5025000002,losartan hydrochlorothiazide remedica,true
MED#5363,5363,24489/06,LOTEMAX,,0.5%,5ml,Sterile ophtalmic suspension,Bausch and Lomb Incorporated,Spephal S.A.L.,USA,1038790.2525000001,lotemax,true
MED#5695,5695,23648/06,LOTENSE,,5mg,30,Capsule,Tabuk Pharmaceutical Manufacturing Company,Mersaco,Saudi Arabia,388370.48250000004,lotense,true
MED#7311,7311,186372/13,LOTEVAN,,5mg/160mg,30,"Tablet, film coated",Tabuk Pharmaceutical Manufacturing Company,Mersaco,Saudi Arabia,857371.515,lotevan,true
MED#7314,7314,186370/13,LOTEVAN,,10mg/160mg,30,"Tablet, film coated",Tabuk Pharmaceutical Manufacturing Company,Mersaco,Saudi Arabia,857371.515,lotevan,true
MED#11255,11255,6220/1,LOTEVAN PLUS,,10/160/12.5mg,30,"Tablet, film coated",Tabuk Pharmaceutical Manufacturing Company,Mersaco,Saudi Arabia,911125.2150000002,lotevan plus,true
MED#11257,11257,6120/1,LOTEVAN PLUS,,5/160/12.5mg,30,"Tablet, film coated",Tabuk Pharmaceutical Manufacturing Company,Mersaco,Saudi Arabia,857371.515,lotevan plus,true
MED#8156,8156,33515/1,LOTRIDERM,,,30g,Cream,Organon Heist BV,Abela Frères S.A.L.,Belgium,470344.87499999994,lotriderm,true
MED#1752,1752,27867,LOVENOX,,"4,000UI (40mg)/0.4ml",2Prefilled syringes,Injectable solution,Sanofi Winthrop Industrie,Mersaco,France,886936.05,lovenox,true
MED#1757,1757,405445/00,LOVENOX,,8000UI (80mg)/0.8ml,2 Seringues préremplies,Injectable solution,Sanofi Winthrop Industrie,Mersaco,France,1206770.5650000002,lovenox,true
MED#1758,1758,405446/00,LOVENOX,,6000UI (60mg)/0.6ml,2 Seringues préremplies,Injectable solution,Sanofi Winthrop Industrie,Mersaco,France,1085824.7400000002,lovenox,true
MED#1759,1759,27866,LOVENOX,,"2,000UI (20mg)/0.2ml",2Prefilled syringes,Injectable solution,Sanofi Winthrop Industrie,Mersaco,France,467657.19,lovenox,true
MED#11204,11204,75317/1,LOVRAK-JULPHAR,,250mg,1Vial,Lyophilized preparation fot IV infusion,Julphar,Pharmanet Drugstore S.A.R.L.,United Arab Emirates,278175.3975,lovrak julphar,true
MED#5376,5376,194483/05,LOW-LIP,,,30,Tablet,The United Pharmaceutical Manufacturing Co Ltd,Premium Serve Drugstore Co. P.S.D. SAL,Jordan,298333.03500000003,low lip,true
MED#1858,1858,974224/01,LOWRAC 5,,5mg,28,Capsule,The Jordanian Pharmaceutical Manufacturing & Co Ltd,C. Catafago & Co,Jordan,362837.47500000003,lowrac 5,true
MED#11399,11399,84622/1,LOWZID XR,,60mg,30,"Tablet, extended release",Benta SAL,Benta Trading Co s.a.l.,Lebanon,309723.7,lowzid xr,true
MED#9426,9426,90016/1,LOXAMOX,,500mg/100ml,1bag of 100ml,Solution for Intravenous infusion,MS Pharma,Bellapharma S.A.R.L.,Jordan,747176.43,loxamox,true
MED#9221,9221,68814/1,LOXIMED,,400mg,7,Tablet,Mediphar Laboratories,Pharmapro,Lebanon,851100.2500000002,loximed,true
MED#11157,11157,122222/1,LOXIPHAR,,400mg,7,Tablet,Mediphar Laboratories,Pharmapro,Lebanon,1063555.35,loxiphar,true
MED#2974,2974,148195/03,LOXOF,,500mg,5,Tablet,Sun Pharmaceuticals Industries Ltd,Mediterranean Pharmaceutical Company,India,141103.46250000002,loxof,true
MED#3962,3962,194933/05,LOXTRA,,,5ml,Sterile Ophtalmic suspension,Jamjoum Pharmaceuticals,Droguerie Mercury S.A.L.,Saudi Arabia,423310.38750000007,loxtra,true
MED#8343,8343,97315/1,LOXYT 30,,30mg,30,"Capsule, delayed release",Benta SAL,Benta Trading Co s.a.l.,Lebanon,716716.0000000001,loxyt 30,true
MED#8342,8342,97215/1,LOXYT 60,,60mg,30,"Capsule, delayed release",Benta SAL,Benta Trading Co s.a.l.,Lebanon,716716.0000000001,loxyt 60,true
MED#9128,9128,187455/13,LOZICARE,,40mg,50 vials,Injection,Swiss Parenterals Ltd,Drugstore 3U S.A.R.L.,India,12446972.210400002,lozicare,true
MED#7613,7613,187431/13,LPZ-30,,,30,"Capsule, delayed release",Laborate Pharmaceuticals India Ltd,Ecopharm,India,360149.79000000004,lpz 30,true
MED#9588,9588,142017/1,LR,,,1000ml Viaflex bag,Injectable solution,Alfa Laboratoires S.A.L.,Alfa Laboratoires S.A.L.,Lebanon,234861.7472,lr,true
MED#9897,9897,186118/1,LR,,,500ml Viaflex bag,Injectable solution,Alfa Laboratoires S.A.L.,Alfa Laboratoires S.A.L.,Lebanon,218681.2928,lr,true
MED#10856,10856,28720/1,LUBRI-TEARS,,,30single dose units of 0.4ml,Eye drops,Neuraxpharm Pharmaceuticals SL,Mediterranean Pharmaceutical Company,Spain,792867.0750000001,lubri tears,true
MED#5209,5209,24544/07,LUCENTIS,,10mg/ml,1vial x 0.23ml,Injectable solution,Novartis Pharma Stein AG,Khalil Fattal & Fils S.A.L.,Switzerland,51255092.699999996,lucentis,true
MED#4516,4516,25926,LUDIOMIL,,10mg,50,"Tablet, sugar coated",Mephico SAL,Mephico S.A.L.,Lebanon,867738.3,ludiomil,true
MED#10925,10925,70822/1,LUGANOR,,40mg,10Vial,Sterile lyophilized powder for IV injection or infusion,Arwan Pharmaceutical Industries Lebanon SAL,Raymond Georges Abou Adal & Co,Lebanon,4146714.000000001,luganor,true
MED#7793,7793,66814/1,LUGANOR,,40mg,1Vial,Sterile lyophilized powder for IV injection or infusion,Arwan Pharmaceutical Industries Lebanon SAL,Raymond Georges Abou Adal & Co,Lebanon,463049.7300000001,luganor,true
MED#6243,6243,24951/07,LUKAST,,10mg,30,"Tablet, film coated",Pharma International Co,Picomed SARL,Jordan,802273.9724999999,lukast,true
MED#6991,6991,97368/12,LUKAST,,4mg,30,"Tablet, chewable",Pharma International Co,Picomed SARL,Jordan,783460.1775,lukast,true
MED#6992,6992,97367/12,LUKAST,,5mg,30,"Tablet, chewable",Pharma International Co,Picomed SARL,Jordan,783460.1775,lukast,true
MED#10831,10831,164420/1,LUMIFY,,0.025%,7.5ml,"Ophtalmic solution, eye drops",Bausch and Lomb Incorporated,Spephal S.A.L.,USA,1888098.7125000006,lumify,true
MED#11437,11437,138722/1,LUMIGAN,,0.1mg/ml,3ml,Eye drops solution,Allergan Pharmaceuticals Ireland,Mersaco,Ireland,740457.2175,lumigan,true
MED#6187,6187,167601/10,LUMIGAN,,0.1mg/ml,3ml,Eye drops solution,Allergan Pharmaceuticals (Ireland),Mersaco,Ireland,740457.2175,lumigan,true
MED#8822,8822,142616/1,LUMIRELAX,,500mg,20,Tablet,Laboratoires BTT,Wellpharm,France,667889.7224999999,lumirelax,true
MED#11195,11195,126921/1,LURABIL,,80mg,30,"Tablet, film coated",Tabuk Pharmaceutical Manufacturing Company,Mersaco,Saudi Arabia,2535830.797500001,lurabil,true
MED#11196,11196,126821/1,LURABIL,,40mg,30,"Tablet, film coated",Tabuk Pharmaceutical Manufacturing Company,Mersaco,Saudi Arabia,2535830.797500001,lurabil,true
MED#11197,11197,126721/1,LURABIL,,20mg,30,"Tablet, film coated",Tabuk Pharmaceutical Manufacturing Company,Mersaco,Saudi Arabia,2535830.797500001,lurabil,true
MED#3717,3717,27873,LUSOPRESS,,20mg,28,"Tablet, scored",Berlin Chemie AG,Mersaco,Germany,757927.17,lusopress,true
MED#7243,7243,219270/09,LUSTRA,,5mg,30,Tablet,Bluepharma Industria Farmaceutica SA,Qualipharm,Portugal,485127.1425,lustra,true
MED#10371,10371,70120/1,LYNPARZA,,100mg,56,"Tablet, film coated",Abbvie Ltd,Omnipharma,USA,230789349.525,lynparza,true
MED#10372,10372,70020/1,LYNPARZA,,150mg,56,"Tablet, film coated",Abbvie Ltd,Omnipharma,USA,230789349.525,lynparza,true
MED#12168,12168,80924/1,LYRICA,,75mg,56,"Capsule, hard",Pfizer Manufacturing Deutschland GmbH,Droguerie Fattal S.A.L.,Germany,2131334.205,lyrica,true
MED#12169,12169,127824/1,LYRICA,,75mg,14,"Capsule, hard",Pfizer Manufacturing Deutschland GmbH,Droguerie Fattal S.A.L.,Germany,598009.9125000002,lyrica,true
MED#12170,12170,127724/1,LYRICA,,150mg,56,"Capsule, hard",Pfizer Manufacturing Deutschland GmbH,Droguerie Fattal S.A.L.,Germany,3041115.577500001,lyrica,true
MED#6007,6007,219238/09,LYRICA,,150mg,56,"Capsule, hard",Pfizer Manufacturing Deutschland GmbH,Droguerie Fattal S.A.L.,Germany,3041115.577500001,lyrica,true
MED#6008,6008,219237/09,LYRICA,,75mg,14,"Capsule, hard",Pfizer Manufacturing Deutschland GmbH,Droguerie Fattal S.A.L.,Germany,598009.9125000002,lyrica,true
MED#11213,11213,165820/1,LYTIOX,,5mg,30,"Tablet, film coated","Algorithm S.A.L. (Packager and final batch releaser), Macleods Pharmaceuticals Limited, India (Bulk mamufacturer)",Droguerie de l'Union,Lebanon,1270379.1099999999,lytiox,true
MED#11214,11214,166020/1,LYTIOX,,20mg,30,"Tablet, film coated","Algorithm S.A.L. (Packager and final batch releaser), Macleods Pharmaceuticals Limited, India (Bulk mamufacturer)",Droguerie de l'Union,Lebanon,3290622.3349999995,lytiox,true
MED#11215,11215,165920/1,LYTIOX,,10mg,30,"Tablet, film coated","Algorithm S.A.L. (Packager and final batch releaser), Macleods Pharmaceuticals Limited, India (Bulk mamufacturer)",Droguerie de l'Union,Lebanon,2064142.0799999998,lytiox,true
MED#12350,12350,16823/1,LYXIA,,0.5mg,28,"Capsule, hard",The Arab Pharmaceutical Manufacturing PSC,Abela Frères S.A.L.,Jordan,32406714.900000002,lyxia,true
MED#12351,12351,16923/1,LYXIA,,0.25mg,28,"Capsule, hard",The Arab Pharmaceutical Manufacturing PSC,Abela Frères S.A.L.,Jordan,32406714.900000002,lyxia,true
MED#10164,10164,192219/1,"M-M-R II (MEASLES, MUMPS AND RUBELLA VIRUS VACCINE LIVE)",,,10single doses 0.5ml vials +10single doses 0.7ml vials of sterile diluent,Solution for injection,Merck Sharp & Dohme LLC,Droguerie de l'Union,USA,12924401.014874998,m m r ii measles mumps and rubella virus vaccine live,true
MED#10207,10207,100219/1,MAALOX PLUS,,,250ml,Oral Suspension,Opella Healthcare Italy SRL,Mersaco,Italy,438092.655,maalox plus,true
MED#3345,3345,208964/03,MAALOX PLUS,,,30,"Tablet, chewable",Sanofi SRL,Mersaco,Italy,166636.47,maalox plus,true
MED#10810,10810,89321/1,MABIXEN 100,,100mg/10ml,2Vials,Concentrate for solution for infusion,"Manufactured by JSC Biocad, Russia for Benta SAL",Benta Trading Co s.a.l.,Lebanon,22183392.672,mabixen 100,true
MED#11668,11668,130723/1,MABIXEN 100,,100mg/10ml,1Vial,Concentrate for solution for infusion,"Manufactured by JSC Biocad, Russia for Benta SAL",Benta Trading Co s.a.l.,Lebanon,11091696.336,mabixen 100,true
MED#10809,10809,89121/1,MABIXEN 500,,500mg/50ml,2Vials,Concentrate for solution for infusion,"Manufactured by JSC Biocad, Russia for Benta SAL",Benta Trading Co s.a.l.,Lebanon,136761210.01874998,mabixen 500,true
MED#11669,11669,6424/1,MABIXEN 500,,500mg/50ml,1Vial,Concentrate for solution for infusion,"Manufactured by JSC Biocad, Russia for Benta SAL",Benta Trading Co s.a.l.,Lebanon,74718319.61999999,mabixen 500,true
MED#5043,5043,195477/04,MABRON,,100mg/2ml,5ampoules,Injection,Medochemie Ltd,New Allpharma,Cyprus,146478.83250000002,mabron,true
MED#5573,5573,219565/09,MABTHERA,,500mg/50ml,1,Vial,Roche Diagnostics GmbH,Omnipharma,Germany,80211931.90171874,mabthera,true
MED#5574,5574,219561/09,MABTHERA,,100mg/10ml,2,Vial,Roche Diagnostics GmbH,Omnipharma,Germany,35722423.54800001,mabthera,true
MED#9394,9394,138015/1,MABTIN 440,,440mg,1Vial of trastuzumab for injection + 1Vial of bacteriostatic water for injection (multi-dose),Lyophilized powder for IV infusion,"Biocon Biologics Limited, India, for Benta SAL",Benta Trading Co s.a.l.,Lebanon,70042700,mabtin 440,true
MED#12593,12593,55526/1,MACIVIA,,10mg,30,"Tablet, film coated","Manufactured by Humanis Sagik Anonim Sirketi, Turkey Packed by Alfa Laboratoires S.A.L.",Levant Pulse SARL,Lebanon,107186714.22812499,macivia,true
MED#7194,7194,187339/13,MADRONATE,,35mg,4,"Tablet, film coated","Adamed Pharma S.A. Ksawerow, Poland for Arwan Pharmaceutical Industries Lebanon SAL",Raymond Georges Abou Adal & Co,Lebanon,724907.0400000002,madronate,true
MED#1682,1682,405928/00,MAGNACEF,,100mg/5ml,30ml,Suspension,RAM Pharmaceutical Industries Co Ltd,Premium Serve Drugstore Co. P.S.D. SAL,Jordan,349399.04999999993,magnacef,true
MED#3591,3591,405473/00,MAGNACEF,,100mg,60ml,Suspension,RAM Pharmaceutical Industries Co Ltd,Premium Serve Drugstore Co. P.S.D. SAL,Jordan,700141.9425,magnacef,true
MED#3590,3590,405472/00,MAGNACEF 400,,400mg,6,Capsule,RAM Pharmaceutical Industries Co Ltd,Premium Serve Drugstore Co. P.S.D. SAL,Jordan,1232303.5725,magnacef 400,true
MED#11396,11396,49422/1,MAGNE B6,,,60,Comprimé Enrobé,Opella Healthcare Hungary Limited Liability Company (Opella Healthcare Hungary Ltd),Mersaco,Hungary,365525.1600000001,magne b6,true
MED#8438,8438,111815/1,MAGNE B6,,,50,Comprimé Enrobé,Chinoin Pharmaceutical and Chemical Works Private Co Ltd,Mersaco,Hungary,365525.16000000003,magne b6,true
MED#4175,4175,2797/94,MAGNESIUM SULFATE,,50g/100ml,10 x 4ml,Injectable solution,Alfa Laboratoires S.A.L.,Alfa Laboratoires S.A.L.,Lebanon,897509.5800000001,magnesium sulfate,true
MED#4176,4176,2798/94,MAGNESIUM SULFATE,,10g/100ml,100 x 10ml,Injectable solution,Alfa Laboratoires S.A.L.,Alfa Laboratoires S.A.L.,Lebanon,5040303.48,magnesium sulfate,true
MED#8758,8758,109215/1,MAGNESIUM SULFATE,,15g/100ml,10 x 10ml,Injectable solution,Alfa Laboratoires S.A.L.,Alfa Laboratoires S.A.L.,Lebanon,756160.44,magnesium sulfate,true
MED#7614,7614,186971/14,MAKOACHE,,10mg/ml,10 Vials x 100ml,Injectable solution for IV infusion,"Solupharm Pharmazeutische Erzeugnisse GmbH, Germany for Arwan Pharmaceutical Industries Lebanon SAL",Raymond Georges Abou Adal & Co,Lebanon,1403867.465,makoache,true
MED#11841,11841,57022/1,MALTOFER,,50mg/5ml,150ml,Sirop,Iberfar Industria Farmaceutica SA,UPO S.A.L.,Portugal,589946.8575,maltofer,true
MED#11842,11842,57322/1/1,MALTOFER,,50mg/ml,30ml,Drops,Iberfar Industria Farmaceutica SA,UPO S.A.L.,Portugal,649075.9275000001,maltofer,true
MED#9155,9155,4717/1,MALTOFER,,50mg/5ml,150ml,Sirop,Vifor (International) Inc,UPO S.A.L.,Switzerland,589946.8574999998,maltofer,true
MED#9156,9156,4617/1,MALTOFER,,50mg/ml,30ml,Drops,Vifor (International) Inc,UPO S.A.L.,Switzerland,649075.9275,maltofer,true
MED#9154,9154,4517/1,MALTOFER FOL,,100mg,30,"Tablet, chewable",Vifor (International) Inc,UPO S.A.L.,Switzerland,854683.8300000001,maltofer fol,true
MED#10900,10900,24122/1,MANICARB SR-400,,400mg,100,"Tablet, prolonged release",Psychotropics India Ltd,Unipharm S.A.L.,India,1431192.2625000004,manicarb sr 400,true
MED#4177,4177,2745/94,MANNITOL,,20g/100ml,250ml Viaflex bag,Injectable solution,Alfa Laboratoires S.A.L.,Alfa Laboratoires S.A.L.,Lebanon,406809.72,mannitol,true
MED#4179,4179,2745/94,MANNITOL,,20g/100ml,500ml Viaflex bag,Injectable solution,Alfa Laboratoires S.A.L.,Alfa Laboratoires S.A.L.,Lebanon,579064.1407999999,mannitol,true
MED#4187,4187,2779/94,MANNITOL,,10g/100ml,250ml Viaflex bag,Injectable solution,Alfa Laboratoires S.A.L.,Alfa Laboratoires S.A.L.,Lebanon,329814.66000000003,mannitol,true
MED#4189,4189,2779/94,MANNITOL,,10g/100ml,500ml Viaflex bag,Injectable solution,Alfa Laboratoires S.A.L.,Alfa Laboratoires S.A.L.,Lebanon,494147.4,mannitol,true
MED#9587,9587,141917/1,MANNITOL,,20g/100ml,500ml Non PVC bag,Injectable solution,Alfa Laboratoires S.A.L.,Alfa Laboratoires S.A.L.,Lebanon,613662.12,mannitol,true
MED#4780,4780,118/95,MANNITOL 10% USP INJECTION,,10%,500ml,,Serum Products,Serum Products,Lebanon,430942.50000000006,mannitol 10 usp injection,true
MED#4781,4781,118/95,MANNITOL 10% USP INJECTION,,10%,250ml,,Serum Products,Serum Products,Lebanon,326367.11999999994,mannitol 10 usp injection,true
MED#10936,10936,137821/1,MANNITOL 20% INJECTION USP,,,500ml,,Serum and Solutions SAL,A Pharma Solutions SAL,Lebanon,374632.68,mannitol 20 injection usp,true
MED#11150,11150,9823/1,MANNITOL 20% INJECTION USP,,,500ml non pvc,,Serum and Solutions SAL,A Pharma Solutions SAL,Lebanon,613662.12,mannitol 20 injection usp,true
MED#12177,12177,115124/1,MANNITOL 20% INJECTION USP,,,250ml non pvc,,Serum and Solutions SAL,A Pharma Solutions SAL,Lebanon,401063.82,mannitol 20 injection usp,true
MED#4782,4782,2097/94,"MANNITOL 20% INJECTION, USP",,20g/100ml,500ml,,Serum Products,Serum Products,Lebanon,402213,mannitol 20 injection usp,true
MED#4783,4783,2097/94,"MANNITOL 20% INJECTION, USP",,20g/100ml,250ml,,Serum Products,Serum Products,Lebanon,402213,mannitol 20 injection usp,true
MED#11375,11375,79119/1,MAROVAREX,,240mg,56,"Capsule, hard, gastro-resistant",Hikma Pharmaceuticals,Droguerie Mercury S.A.L.,Jordan,60848733.561,marovarex,true
MED#11377,11377,79019/1,MAROVAREX,,120mg,14,"Capsule, hard, gastro-resistant",Hikma Pharmaceuticals,Droguerie Mercury S.A.L.,Jordan,9838675.880775,marovarex,true
MED#2905,2905,26894,MARVELON,,,1x21,Tablet,N.V. Organon,Droguerie de l'Union,The Netherlands,319834.51499999996,marvelon,true
MED#9857,9857,191218/1,MARVIL 70,,70mg,4,"Tablet, coated",Gador SA,Droguerie Phenicia,Argentine,1173174.5025000002,marvil 70,true
MED#6059,6059,218330/09,MATADOR,,500mg,7,"Tablet, film coated",Dar Al Dawa Development & Investment Co Ltd,Sadco,Jordan,787491.7050000001,matador,true
MED#6143,6143,167460/10,MATADOR,,750mg,5,"Tablet, film coated",Dar Al Dawa Development & Investment Co Ltd,Sadco,Jordan,1126140.0150000001,matador,true
MED#12197,12197,146322/1,MATURUS,,100mg,Vial,Lyophilized powder for injection,Laboratorio Kemex SA,New Europharm,Argentine,9401574.849975,maturus,true
MED#10977,10977,15522/1,MAVENCLAD,,10mg,1,Tablet,R-Pharm Germany GmbH,Food & Drug Corporation FDC,Germany,200244811.87698188,mavenclad,true
MED#9222,9222,76615/1,MAVIT,,,60,Tablet,Mediphar Laboratories,Pharmapro,Lebanon,654003.3500000001,mavit,true
MED#9923,9923,22619/1,MAXALT,,10mg,3,Tablet,Zhejiang Huahai Pharmaceutical Co Ltd,Droguerie de l'Union,China,439436.4975000001,maxalt,true
MED#7589,7589,222903/14,MAXI-D 10.000,,"10,000IU",30,Capsule,Benta SAL,Medi M SAL,Lebanon,895895.0000000001,maxi d 10 000,true
MED#4438,4438,973304/01,MAXIFEN,,,10,"Tablet, scored",Mediphar Laboratories,Pharmapro,Lebanon,225253.60000000003,maxifen,true
MED#9240,9240,40816/1,MAXIL 750,,,1vial,IV/IM Injection,Hikma Farmaceutica,Abela Frères S.A.L.,Portugal,159917.25749999998,maxil 750,true
MED#11234,11234,148821/1,MAXILASE MAUX DE GORGE,,200U.CEIP/ml,125ml,Sirop,Unither Liquid Manufacturing,Mersaco,France,342679.8375,maxilase maux de gorge,true
MED#10629,10629,114620/1,MAYZENT,,0.25mg,12,"Tablet, film coated",Novartis Pharma Stein AG,Khalil Fattal & Fils S.A.L.,Switzerland,13899019.780800002,mayzent,true
MED#10630,10630,114420/1,MAYZENT,,0.25mg,120,"Tablet, film coated",Novartis Pharma Stein AG,Khalil Fattal & Fils S.A.L.,Switzerland,108114165.44578125,mayzent,true
MED#10631,10631,114520/1,MAYZENT,,2mg,28,"Tablet, film coated",Novartis Pharma Stein AG,Khalil Fattal & Fils S.A.L.,Switzerland,111617218.07249999,mayzent,true
MED#8455,8455,167616/10,"MEASLES, MUMPS AND RUBELLA VACCINE LIVE ATTENUATED (FREEZE-DRIED) MMR",,,1Dose + + 0.5ml sterile water for injection,Powder for injection,Serum Institute of India Ltd,Unipharm S.A.L.,India,739113.375,measles mumps and rubella vaccine live attenuated freeze dried mmr,true
MED#1499,1499,236433/98,MEBO,,,30g,Herbal Ointment,Julphar,Pharmanet Drugstore S.A.R.L.,United Arab Emirates,760614.855,mebo,true
MED#4439,4439,236679/99,MED-ERYTHROMYCIN 4%,,40mg/ml,60ml,Solution,Mediphar Laboratories,Medapharm Healthcare SAL,Lebanon,235492.40000000005,med erythromycin 4,true
MED#4440,4440,208366/97,MED-FOLIC ACID,,5mg,50,Tablet,Mediphar Laboratories,Medapharm Healthcare SAL,Lebanon,355798.3000000001,med folic acid,true
MED#8710,8710,138715/1,MED-PRINCO-B FORT,,,30,"Tablet, coated",Mediphar Laboratories,Pharmapro,Lebanon,386514.70000000007,med princo b fort,true
MED#6336,6336,219279/09,MEDACIN T,,,30ml,Topical solution,Medpharma Pharma and Chem Ind's LLC,C. Catafago & Co,United Arab Emirates,314459.14499999996,medacin t,true
MED#5201,5201,194126/05,MEDAXONUM,,1g,1Vial,Powder for injection + solvent,Medochemie Ltd,New Allpharma,Cyprus,438092.6549999999,medaxonum,true
MED#5202,5202,194125/05,MEDAXONUM,,500mg,1vial,powder for injection + solvent (Lidocaine 1%),Medochemie Ltd,New Allpharma,Cyprus,307739.9325,medaxonum,true
MED#6912,6912,96709/12,MEDAXONUM,,1g,50 vials,Powder for injection,Medochemie Ltd,New Allpharma,Cyprus,15482229.386399997,medaxonum,true
MED#11726,11726,159223/1,MEDCLINIDERM-T,,1%/0.025%,30g,Gel,Mediphar Laboratories,Mediphar,Lebanon,801186.1000000001,medcliniderm t,true
MED#11727,11727,159323/1,MEDCLINIDERM-T,,1%/0.05%,30g,Gel,Mediphar Laboratories,Mediphar,Lebanon,890775.6000000001,medcliniderm t,true
MED#7645,7645,185838/13,MEDICAINE 2% WITH ADRENALINE,,,50Cartridges x 1.8ml,Injectable solution,Les Laboratoires Medis SA,Medis Pharm Drugstore,Tunisia,1652926.2750000004,medicaine 2 with adrenaline,true
MED#8743,8743,42215/1,MEDICAINE 3% SANS VASOCONSTRICTEUR,,3%,50 Cartridges x 1.8ml,Injectable solution,Les Laboratoires Medis SA,Medis Pharm Drugstore,Tunisia,954128.175,medicaine 3 sans vasoconstricteur,true
MED#12123,12123,18824/1,MEDIMOX-CV,,1000mg,14,Tablet,Medicef Pharma,Ibn Sina Pharm SARL,India,430029.6000000001,medimox cv,true
MED#12019,12019,57723/1,MEDIPREX,,10mg,30,"Tablet, film coated",Les Laboratoires Medis,Medis Pharm Drugstore,Tunisia,456906.45,mediprex,true
MED#4442,4442,195467/04,MEDISTAN,,"500,000IU/5ml",60ml,Suspension,Mediphar Laboratories,Droguerie Cedarspharm S.A.R.L.,Lebanon,415951.25,medistan,true
MED#8844,8844,119016/1,MEDISTAN,,"500,000IU",20,Capsule,Mediphar Laboratories,Droguerie Cedarspharm S.A.R.L.,Lebanon,417231.10000000003,medistan,true
MED#9495,9495,40516/1,MEDISTAN,,200.000IU,30,Lozenge,Mediphar Laboratories,Droguerie Cedarspharm S.A.R.L.,Lebanon,418510.95000000007,medistan,true
MED#11472,11472,118321/1,MEDIZOLE GP,,20mg,56,"Capsule, hard, gastro-resistant",Medinfar Manufacturing SA,Elite Pharma SARL,Portugal,503940.9375000001,medizole gp,true
MED#8397,8397,68715/1,MEDSPIRAGYL,,,20,Tablet,Mediphar Laboratories,Pharmapro,Lebanon,474824.3500000001,medspiragyl,true
MED#4517,4517,25925,MEFIDIOMIL,,25mg,30,"Tablet, sugar coated",Mephico SAL,Mephico S.A.L.,Lebanon,909973.3500000001,mefidiomil,true
MED#4519,4519,25692,MEFIDIOMIL,,75mg,20,"Tablet, sugar coated",Mephico SAL,Mephico S.A.L.,Lebanon,958607.6500000001,mefidiomil,true
MED#6351,6351,168247/10,MEGAMOX-JPI,,1g,14,Tablet,Jazeera Pharmaceutical Industries,Droguerie de l'Union,Saudi Arabia,456906.44999999995,megamox jpi,true
MED#6457,6457,96224/11,MEGAMOX-JPI,,625mg,20,Tablet,Jazeera Pharmaceutical Industries,Droguerie de l'Union,Saudi Arabia,245923.17749999996,megamox jpi,true
MED#6988,6988,97453/12,MEGAMOX-JPI,,457mg,70ml,Suspension,Jazeera Pharmaceutical Industries,Droguerie de l'Union,Saudi Arabia,435404.9699999999,megamox jpi,true
MED#11609,11609,132320/0,MEGAMOX-JPI ES,,600mg,100ml,Powder for oral suspension,Jazeera Pharmaceutical Industries,Droguerie de l'Union,Saudi Arabia,507972.465,megamox jpi es,true
MED#9341,9341,101217/1,MEGAVIT-D 25,,25000IU,15,Capsule,"Manufactured by Lambo Laboratoria NV, Belgium For Benta SAL, Lebanon On Behalf of Laboratoire Surveal, Belgium",Benta Trading Co s.a.l.,Lebanon,1130107.55,megavit d 25,true
MED#9759,9759,14619/1,MEGAVIT-D 25,,25000IU,30,Capsule,"Manufactured by Lambo Laboratoria NV, Belgium For Benta SAL, Lebanon On Behalf of Laboratoire Surveal, Belgium",Benta Trading Co s.a.l.,Lebanon,2147588.3000000003,megavit d 25,true
MED#9473,9473,46618/1,MEGAVIT-D 50,,50000IU,15,Capsule,"Manufactured by Lambo Laboratoria NV, Belgium For Benta SAL, Lebanon On Behalf of Laboratoire Surveal, Belgium",Benta Trading Co s.a.l.,Lebanon,1940252.6000000003,megavit d 50,true
MED#9758,9758,14419/1,MEGAVIT-D 50,,50000IU,30,Capsule,"Manufactured by Lambo Laboratoria NV, Belgium For Benta SAL, Lebanon On Behalf of Laboratoire Surveal, Belgium",Benta Trading Co s.a.l.,Lebanon,3687247.85,megavit d 50,true
MED#7818,7818,69714/1,MEGION-A,,1g/3.5ml,3.5ml,1Vial powder & 1Amp solvent for IM,"Pharmaline under license from Sandoz GmbH, Austria",Khalil Fattal & Fils S.A.L.,Lebanon,623467.805961,megion a,true
MED#7819,7819,69614/1,MEGION-A,,0.5g/2ml,2ml,1Vial powder & 1Amp solvent for IM,"Pharmaline under license from Sandoz GmbH, Austria",Khalil Fattal & Fils S.A.L.,Lebanon,355840.138654,megion a,true
MED#10985,10985,173220/1,MEGMENTO,,100mg,1Vial,Powder for solution for infusion,Hikma Farmaceutica SA,Droguerie Mercury S.A.L.,Portugal,17158568.9688,megmento,true
MED#10986,10986,173320/1,MEGMENTO,,50mg,1Vial,Powder for solution for infusion,Hikma Farmaceutica SA,Droguerie Mercury S.A.L.,Portugal,9530363.546550002,megmento,true
MED#12250,12250,76822/1,MEKTOVI,,15mg,84,"Tablet, film coated",Almac Pharma Services Limited,Droguerie Fattal S.A.L.,UK,257694409.05796877,mektovi,true
MED#12209,12209,98624/1,MELATONINE ARROW LP,,2mg,30,Compromés à libération prolongée,APL Swift Services (Malta) Limited,Darapharma S.A.L.,Malta,1716086.8725000003,melatonine arrow lp,true
MED#9201,9201,103017/1,MELIXITE,,,90,"Tablet, film coated",Benta SAL,New Allpharma,Lebanon,600249.6500000001,melixite,true
MED#9284,9284,116517/1,MEMANTINE ARROW LAB,,10mg,56,"Tablet, film coated, scored",APL Swift Services (Malta) Limited,Darapharma S.A.L.,Malta,1404315.4125000003,memantine arrow lab,true
MED#9285,9285,116417/1,MEMANTINE ARROW LAB,,20mg,28,"Tablet, film coated",APL Swift Services (Malta) Limited,Darapharma S.A.L.,Malta,1342498.6575000002,memantine arrow lab,true
MED#8796,8796,84616/1,MEMANTINE BIOGARAN,,20mg,28,Comprimes pellicules,Farmea,Commercial and Trading Ressources SAL (CTR),France,2410853.4450000003,memantine biogaran,true
MED#8797,8797,84516/1,MEMANTINE BIOGARAN,,10mg,56,Comprimés pelliculés sécables,Farmea,Commercial and Trading Ressources SAL (CTR),France,2410853.4450000003,memantine biogaran,true
MED#8419,8419,138614/1,MEMORA,,10mg,30,"Tablet, film coated",Pharmaline SAL,Pharmaline S.A.L.,Lebanon,849820.4,memora,true
MED#8420,8420,138514/1,MEMORA,,20mg,30,"Tablet, film coated",Pharmaline SAL,Pharmaline S.A.L.,Lebanon,1593413.25,memora,true
MED#6584,6584,96240/11,MENACTRA MENINGOCOCCAL POLYSACCHARIDE DIPHTERIA TOXOID CONJUGATE VACCINE,,,1Vial,Injection,Sanofi Pasteur Inc,Mersaco,USA,6144047.910000001,menactra meningococcal polysaccharide diphteria toxoid conjugate vaccine,true
MED#11581,11581,39623/1,MENFIVE,,,1Vial+1Diluent ampoule,Powder for injection,Serum Institute of India Pvt Ltd,Unipharm S.A.L.,India,3527586.5625,menfive,true
MED#9269,9269,109116/1,MENO-CLAIR HP-HMG,,75IU,1 ampoule powder with 1 ampoule solvent,Injectable powder with solvent for solution for injection (IM and SC),BBT- Biotech GmbH,Mediterranean Pharmaceutical Company,Germany,1045509.4650000001,meno clair hp hmg,true
MED#9270,9270,109216/1,MENO-CLAIR HP-HMG,,150IU,1 ampoule powder with 1 ampoule solvent,Injectable powder with solvent for solution for injection (IM and SC),BBT- Biotech GmbH,Mediterranean Pharmaceutical Company,Germany,2005013.01,meno clair hp hmg,true
MED#5612,5612,221995/09,MENOPUR,,75IU,10 vials of powder +10 ampoules of solvent,Powder for injection and solvent,Ferring GmbH,Sadco,Germany,16864076.88,menopur,true
MED#7178,7178,096728/12,MENOPUR,,600IU,"1Vial + 1 prefilled syringe with solvent for reconstitution, 1needle for reconstitution, 9alcohol pads, 9disposable syringes",Injectable powder,Ferring GmbH,Sadco,Germany,13907829.373200003,menopur,true
MED#7179,7179,096729/12,MENOPUR,,1200IU,"1Vial + 2 prefilled syringes with solvent for reconstitution, 1needle for reconstitution, 18alcohol pads, 18disposable syringes",Injectable powder,Ferring GmbH,Sadco,Germany,27815658.746400006,menopur,true
MED#11066,11066,151121/1,MENQUADFI,,,1single dose vial (0.5ml),Solution for intramuscular injection,Sanofi Pasteur Inc,Mersaco,USA,4859334.48,menquadfi,true
MED#6762,6762,219256/09,MENTEX,,,125ml,Syrup,Tabuk Pharmaceutical Manufacturing Company,Mersaco,Saudi Arabia,323866.04250000004,mentex,true
MED#4523,4523,21359,MEPHICYCLINE DERMIQUE,,3%,20g,Ointment,Mephico SAL,Mephico S.A.L.,Lebanon,145902.90000000002,mephicycline dermique,true
MED#4525,4525,21457,MEPHIGASTRYL,,,20,Capsule,Mephico SAL,Mephico S.A.L.,Lebanon,296925.2,mephigastryl,true
MED#12490,12490,39925/1,MEPTID,,100mg,Box of 10Ampoules of 1ml,Solution for injection,Biosyn Arzneimittel GmbH,Pharmamed,Germany,3495334.3425000007,meptid,true
MED#11905,11905,96524/1,MERIONAL HG,,900IU,Vial + solvent in prefilled syringe for injection (2ml),Powder,IBSA Institut Biochimique SA,Alisar Pharma Corp,Switzerland,25830983.430000003,merional hg,true
MED#12456,12456,133925/1,MERIONAL HG,,75IU,1powder vial + 1solvent ampoule,Powder and solvent for solution for injection,IBSA Institut Biochimique SA,Alisar Pharma Corp,Switzerland,1946184.1056157502,merional hg,true
MED#9356,9356,122817/1,MERIONAL HG,,150IU,10vials + 10ampoules of solvent,Powder and solvent for solution for injection,IBSA Institut Biochimique SA,Alisar Pharma Corp,Switzerland,36496882.800000004,merional hg,true
MED#9357,9357,122917/1,MERIONAL HG,,75IU,10vials + 10ampoules of solvent,Powder and solvent for solution for injection,IBSA Institut Biochimique SA,Alisar Pharma Corp,Switzerland,18248441.400000002,merional hg,true
MED#9134,9134,186116/13,MERO CARE,,1g,1 vial,Injection,Swiss Parenterals Ltd,Swiss Pharm S.A.R.L.,India,643700.5575,mero care,true
MED#12677,12677,70025/1,MERO-ORBUCELL,,1g,10Vials,Powder for solution for infusion or injection,Packed by Pharmadex SAL Lebanon under license from Orbucell Pharma Canada,Pharmadex,Lebanon,7755817.610000001,mero orbucell,true
MED#10097,10097,29319/1,MEROLIN,,1g,Box of 3Vials,Powder for solution for injection or infusion,"Packed by Pharmadex SAL Lebanon under license from ACS Dobfar SpA, Italy",Drugstore 3U S.A.R.L.,Lebanon,2402668.499231,merolin,true
MED#10187,10187,105319/1,MERONEM,,1g,10 Vial x30ml,IV,ACS Dobfar S.P.A.,Droguerie Fattal S.A.L.,Italy,10398061.128525,meronem,true
MED#10189,10189,105419/1,MERONEM,,500mg,10 Vial x20ml,IV,ACS Dobfar S.P.A.,Droguerie Fattal S.A.L.,Italy,10398061.128525,meronem,true
MED#6542,6542,166843/11,MEROPENEM LABATEC,,1g,10 Vials,Injectable powder for Infusion/IV,ACS Dobfar S.P.A.,Levant Alie Houses S.A.L.,Italy,7278512.700375,meropenem labatec,true
MED#12000,12000,142623/1,MEROPENEM MEDIS,,1g/vial,10Vials,Injection or infusion,Shenzhen Haibin Pharmaceutical Co. Ltd,Medis Pharm Drugstore,China,6443724.787500001,meropenem medis,true
MED#6997,6997,186261/13,MEROPENEM PANPHARMA,,1g,10 Flacons/ Boite,Poudre pour solution injectable ou pour perfusion,ACS Dobfar S.P.A.,Minapharm Halabi,Italy,7278512.700375,meropenem panpharma,true
MED#7198,7198,97227/12,MEROPENEM/ ANFARM,,1000mg,10 Vials,powder for solution for injection or infusion,Anfarm Hellas SA,Medi drug International SAL (MDI),Greece,6443724.787500001,meropenem anfarm,true
MED#11372,11372,112620/1,MEROZAN,,1g,10Vials,Powder for solution for injection or infusion,Demo SA,Macromed S.A.R.L.,Greece,6443724.787500001,merozan,true
MED#7923,7923,106514/1,MESPORIN-1000 IM,,,1Vial x 3.5ml,Injectable powder for solution+solvent,Labesfal Laboratorios Almiro SA,Mectapharm S.A.L.,Portugal,417935.0175,mesporin 1000 im,true
MED#7779,7779,87414/1,MESPORIN-1000 IV,,,1Vial x 10ml,Injectable powder for solution+solvent,Labesfal Laboratorios Almiro SA,Mectapharm S.A.L.,Portugal,417935.0175,mesporin 1000 iv,true
MED#8459,8459,173715/1,MESTINON,,60mg,150,"Tablet, sugar coated",ICN Polfa Rzeszow SA,Omnipharma,Poland,3090837.75,mestinon,true
MED#4642,4642,194482,MET-FORTE,,850mg,30,Tablet,Pharmadex licensed by Orbucell pharma Canada,Medi drug International SAL (MDI),Lebanon,355798.3,met forte,true
MED#2217,2217,974004/02,METALYSE,,"10,000U",1Vial/ 1Prefilled syringe,powder and solvent for solution for injection,Boehringer Ingelheim Pharma GmbH & Co KG,Mersaco,Germany,77816092.72500001,metalyse,true
MED#11885,11885,51323/1,METAPRO,,40mg,56,"Tablet, gastroresistant",Pharminicio SL,Mediterranean Pharmaceutical Company,Spain,639669.0300000001,metapro,true
MED#6027,6027,221948/09,METASONE,,0.1%,30g,Cream,Mediphar Laboratories,Medapharm Healthcare SAL,Lebanon,335320.70000000007,metasone,true
MED#6834,6834,166621/11,METASONE,,,120 sprays,Aqueous nasal Spray,Mediphar Laboratories,Medapharm Healthcare SAL,Lebanon,419790.80000000005,metasone,true
MED#9530,9530,62417/1,METASONE,,0.1%,30ml,Lotion,Mediphar Laboratories,Medapharm,Lebanon,239331.95000000004,metasone,true
MED#9531,9531,86516/1,METASONE-D,,,120sprays,Nasal spray,Mediphar Laboratories,Medapharm,Lebanon,534977.3,metasone d,true
MED#5624,5624,23631/06,METASPRAY,,50mcg/dose,100 metered doses,nasal spray,Cipla Ltd,Droguerie de l'Union,India,349399.05,metaspray,true
MED#3058,3058,236818/99,METEOSPASMYL,,,30,Capsule,Mayoly Spindler,Droguerie de l'Union,France,474376.40249999997,meteospasmyl,true
MED#3896,3896,194120/05,METFORKEY,,850mg,30,"Tablet, extended release",Pharminicio SL,Mediterranean Pharmaceutical Company,Spain,357462.10500000004,metforkey,true
MED#3897,3897,194121/05,METFORKEY,,"1,000mg",30,"Tablet, extended release",Pharminicio SL,Mediterranean Pharmaceutical Company,Spain,374932.0575,metforkey,true
MED#11932,11932,67524/1,METFORMINE ARROW LAB,,500mg,90,"Tablet, film coated",APL Swift Services (Malta) Limited,Darapharma S.A.L.,Malta,560382.3225,metformine arrow lab,true
MED#11933,11933,67324/1,METFORMINE ARROW LAB,,850mg,90,"Tablet, film coated",APL Swift Services (Malta) Limited,Darapharma S.A.L.,Malta,689391.2025,metformine arrow lab,true
MED#11934,11934,67424/1,METFORMINE ARROW LAB,,1000mg,90,"Tablet, film coated, scored",APL Swift Services (Malta) Limited,Darapharma S.A.L.,Malta,689391.2025,metformine arrow lab,true
MED#12081,12081,67324/1,METFORMINE ARROW LAB,,850mg,30,"Tablet, film coated",Generis Farmaceutica SA,Darapharma S.A.L.,Portugal,237860.1225,metformine arrow lab,true
MED#12082,12082,15424/1,METFORMINE ARROW LAB,,500mg,30,"Tablet, film coated",Generis Farmaceutica SA,Darapharma S.A.L.,Portugal,193513.32000000004,metformine arrow lab,true
MED#12083,12083,15224/1,METFORMINE ARROW LAB,,1000mg,30,"Tablet, film coated, scored",Generis Farmaceutica SA,Darapharma S.A.L.,Portugal,237860.1225,metformine arrow lab,true
MED#9011,9011,169116/1,METFORMINE ARROW LAB,,1000mg,30,"Tablet, film coated, scored",APL Swift Services (Malta) Limited,Darapharma S.A.L.,Malta,237860.1225,metformine arrow lab,true
MED#9012,9012,169016/1,METFORMINE ARROW LAB,,850mg,30,"Tablet, film coated",APL Swift Services (Malta) Limited,Darapharma S.A.L.,Malta,237860.1225,metformine arrow lab,true
MED#9115,9115,98117/1,METFORMINE ARROW LAB,,500mg,30,"Tablet, film coated",APL Swift Services (Malta) Limited,Darapharma S.A.L.,Malta,193513.32000000004,metformine arrow lab,true
MED#10321,10321,63720/1,METHOFEN PLATINUM,,,Box of 20,Tablet,Packed by Pharmadex SAL Lebanon under license from Marcan Pharmaceuticals Inc. Canada,Medi Drug S.A.R.L.,Lebanon,668081.7,methofen platinum,true
MED#6206,6206,167486/10,METHOTREXAT EBEWE,,500mg,1vialx50ml,Injection,Fareva Unterach GmbH,Khalil Fattal & Fils S.A.L.,Austria,1842408.0675000001,methotrexat ebewe,true
MED#5498,5498,222459/08,METHYL PREDNISOLONE VIATRIS 120MG,,120mg,1 Vial IM/IV,Injectable powder for solution,"Benta SAL under license from Viatris Santé, France",Benta Trading Co s.a.l.,Lebanon,602536.0330990001,methyl prednisolone viatris 120mg,true
MED#6904,6904,97214/12,METHYL PREDNISOLONE VIATRIS 1G,,1g,1 Vial,Powder for solution for injection (IV),"Benta SAL under license from Viatris Santé, France",Benta Trading Co s.a.l.,Lebanon,1348604.222966,methyl prednisolone viatris 1g,true
MED#5497,5497,222460/08,METHYL PREDNISOLONE VIATRIS 40MG,,40mg,1Vial IM/IV,Injectable dry powder for solution,"Benta SAL under license from Viatris Santé, France",Benta Trading Co s.a.l.,Lebanon,258656.907509,methyl prednisolone viatris 40mg,true
MED#4610,4610,2891,METHYL SALICYLATE COMPOUND UNGUENTUM,,,30g,Ointment,Pharmadex,Pharmadex,Lebanon,165100.65000000005,methyl salicylate compound unguentum,true
MED#2855,2855,L0344/91,METHYL SULFATE DE NEOSTIGMINE RENAUDIN,,0.5mg/ml,bt de 10Amps (1ml),Sol inj,Renaudin,Minapharm Halabi,France,467657.19,methyl sulfate de neostigmine renaudin,true
MED#9884,9884,47719/1,METHYLPREDNISOLONE ORBUCELL INJ.,,125mg,box of 10Vials,Injection,Packed by Pharmadex SAL under license from Orbucell Canada,Medi drug International SAL (MDI),Lebanon,5784922.000000001,methylprednisolone orbucell inj,true
MED#9885,9885,47619/1,METHYLPREDNISOLONE ORBUCELL INJ.,,40mg,box of 10Vials,Injection,Packed by Pharmadex SAL under license from Orbucell Canada,Medi drug International SAL (MDI),Lebanon,2143748.75,methylprednisolone orbucell inj,true
MED#12258,12258,129325/1,METOCLOPRAMIDE,,10mg,40 (4*10),Tablet,Ronald Pharmaceuticals Pvt Ltd,Cure Pharmaceutical,India,172011.84000000003,metoclopramide,true
MED#9605,9605,90318/1,METOCLOPRAMIDE S.A.L.F.,,10mg/2ml,5Ampoules x 2ml,Injectable solution,SALFSpA Laboratorio Farmacologico,New Europharm,Italy,255330.07499999998,metoclopramide s a l f,true
MED#10800,10800,87720/1,METOFLEX,,750mg,50,Tablet,Labatec Farmaceutica SA,Levant Alie Houses S.A.L.,Portugal,2941671.2325000004,metoflex,true
MED#8063,8063,140014/1,METOJECT,,10mg (50mg/ml),1Prefilled syringe of 0.2ml,Injectable solution,Medac Gesellschaft Fur Klinische Spezialpraparate mbH,Mersaco,Germany,1553481.9300000002,metoject,true
MED#8064,8064,140114/1,METOJECT,,15mg (50mg/ml),1Prefilled syringe of 0.3ml,Injectable solution,Medac Gesellschaft Fur Klinische Spezialpraparate mbH,Mersaco,Germany,1968729.2625000002,metoject,true
MED#8065,8065,140214/1,METOJECT,,20mg (50mg/ml),1Prefilled syringe of 0.4ml,Injectable solution,Medac Gesellschaft Fur Klinische Spezialpraparate mbH,Mersaco,Germany,2134021.89,metoject,true
MED#8066,8066,140314/1,METOJECT,,25mg (50mg/ml),1Prefilled syringe of 0.5ml,Injectable solution,Medac Gesellschaft Fur Klinische Spezialpraparate mbH,Mersaco,Germany,2582865.2849999997,metoject,true
MED#7713,7713,48014/1,METORAM,,10mg/2ml,5Ampoules,Injectable solution IV/IM,Arwan Pharmaceutical Industries Lebanon SAL,Raymond Georges Abou Adal & Co,Lebanon,421070.6500000001,metoram,true
MED#9087,9087,63217/1,METORAM,,10mg/2ml,50Ampoules,Injectable solution IV/IM,Arwan Pharmaceutical Industries Lebanon SAL,Raymond Georges Abou Adal & Co,Lebanon,3026845.2500000005,metoram,true
MED#5833,5833,194113/05,METRIS,,0.5%,100ml,Solution for infusion,Otsuka Pharmaceutical India Private Limited,Macromed S.A.R.L.,India,142447.305,metris,true
MED#12131,12131,78224/1,METRO-SOLUTIONS,,500mg/100ml,100ml bag,Injectable solution,Serum and Solutions SAL,A Pharma Solutions SAL,Lebanon,166380.50000000003,metro solutions,true
MED#12434,12434,38825/1,METRODAZ-UBSA,,500mg,20,Tablet,UBSA Pharma Industries SARL,L. Pharm SAL,Lebanon,325081.9,metrodaz ubsa,true
MED#11159,11159,16522/1,METROGYL,,200mg/5ml,100ml,Powder for oral suspension,"Fulton Medicinali SpA, Italy for Chaoul Pharmaceuticals (Cha-pha) SAL, (Packing)",Germanos Health Care Supplies SARL,Lebanon,500867.4220550001,metrogyl,true
MED#1685,1685,24873/80,METROLAG,,250mg,20,Tablet,Lagap SA,Mediterranean Pharmaceutical Company,Switzerland,130352.7225,metrolag,true
MED#1686,1686,,METROLAG,,500mg,24,Tablet,Lagap SA,Mediterranean Pharmaceutical Company,Switzerland,389714.325,metrolag,true
MED#4345,4345,208033/03,METROLAG,,125mg/5ml,100ml,Syrup,Chaoul Pharmaceuticals (Cha-Pha) SAL under licence from Lagap Pharmaceuticals Switzerland,Pharmamedic S.A.R.L.,Lebanon,391634.1000000001,metrolag,true
MED#12006,12006,425/1,METROLE,,125mg/5ml,Bottle of 100ml,Syrup,Alfa Laboratoires S.A.L.,Medis Pharm Drugstore,Lebanon,391634.1000000001,metrole,true
MED#11693,11693,39923/1,METRONIDAL,,125mg/5ml,Bottle of 100ml,Syrup,Alfa Laboratoires S.A.L.,Alfa Laboratoires S.A.L.,Lebanon,391634.1000000001,metronidal,true
MED#4611,4611,43,METRONIDAZOLE,,250mg,1000,Tablet,Pharmadex,Pharmadex,Lebanon,6540033.500000001,metronidazole,true
MED#958,958,973386/01,METRONIDAZOLE,,500mg/100ml,1,Solution,Pharmaceutical Solutions Industry Ltd,Pharmamed,Saudi Arabia,162604.94249999998,metronidazole,true
MED#6713,6713,167738/11,METRONIDAZOLE 250,,250mg,20,Tablet,Pharmadex,Pharmadex,Lebanon,131824.55000000002,metronidazole 250,true
MED#1191,1191,MPO822/92,METRONIDAZOLE B. BRAUN,,500mg (5mg/ml),Ecoflac Plus Bottles 100ml,Infusion IV,B. Braun Melsungen AG,Droguerie de l'Union,Germany,102132.03,metronidazole b braun,true
MED#12507,12507,80523/1,METRONIDAZOLE BIOGARAN,,500mg,14,Comprrimés pelliculés,Inpharmasci,Commercial and Trading Ressources SAL (CTR),France,216358.64250000002,metronidazole biogaran,true
MED#12508,12508,80423/1,METRONIDAZOLE BIOGARAN,,250mg,20,Comprrimés pelliculés,Inpharmasci,Commercial and Trading Ressources SAL (CTR),France,143791.14750000005,metronidazole biogaran,true
MED#2661,2661,236669,METRONIDAZOLE FRESENIUS,,500mg,10x100ml,Solution for Infusion,Fresenius Kabi Deutschland GmbH,Benta Trading Co s.a.l.,Germany,1866597.2325000002,metronidazole fresenius,true
MED#8402,8402,138815/1,METRONIDAZOLE PANPHARMA,,500mg/100ml,10Vials x 100ml,Injection,Panpharma GmbH,Minapharm Halabi,Germany,1624705.5825,metronidazole panpharma,true
MED#11830,11830,20324/1,METRONOR,,5mg/ml,50Bags of 100ml,Solution for infusion,Normon SA,Droguerie Phenicia,Spain,5359243.890000001,metronor,true
MED#11122,11122,74621/1,MEXAZIL XR 14/10,,14mg/10mg,30,Capsule,Benta SAL,Benta Trading Co s.a.l.,Lebanon,3432173.745,mexazil xr 14 10,true
MED#11123,11123,74721/1,MEXAZIL XR 28/10,,28mg/10mg,30,Capsule,Benta SAL,Benta Trading Co s.a.l.,Lebanon,4333444.114999999,mexazil xr 28 10,true
MED#10027,10027,87219/1,MIACALCIC,,100IU/ml,5x1ml,Ampoule,Solupharm Pharmazeutische Erzeugnisse GmbH,Khalil Fattal & Fils S.A.L.,Germany,1720118.4000000004,miacalcic,true
MED#9973,9973,40119/1,MIACALCIC 200 UI/ACTUATION,,200IU,,Nasal Spray,Delpharm Huningue SAS Huningue,Khalil Fattal & Fils S.A.L.,France,5399559.165000001,miacalcic 200 ui actuation,true
MED#8745,8745,130714/1,MIACIN,,500mg/2ml,6 Ampoules,injection IV/IM,Hikma Farmaceutica SA,Abela Frères S.A.L.,Portugal,2015763.75,miacin,true
MED#2265,2265,974489/00,MICARDIS,,40mg,28,Tablet,Rottendorf Pharma GmbH,Mersaco,Germany,760614.855,micardis,true
MED#2308,2308,974488/00,MICARDIS,,80mg,28,Tablet,Rottendorf Pharma GmbH,Mersaco,Germany,998474.9774999999,micardis,true
MED#2326,2326,974085/02,MICARDIS PLUS,,80mg/12.5mg,28,Tablet,Rottendorf Pharma GmbH,Mersaco,Germany,1101950.85,micardis plus,true
MED#11035,11035,84522/1,MICOGYL,,,6,Vaginal Suppositories,"Chaoul Pharmaceuticals (Cha-pha) SAL, Lebanon (Packing) Manufactured by Fulton Medicinali SpA, Italy",Pharmamedic S.A.R.L.,Lebanon,362197.55000000005,micogyl,true
MED#4646,4646,26580/89,MICONAZ,,20mg/g,30g,Topical gel,Pharmaline SAL,Pharmaline S.A.L.,Lebanon,427469.9,miconaz,true
MED#4648,4648,28560/93,MICONAZ,,20mg/g,30g,Oral gel,Pharmaline SAL,Pharmaline S.A.L.,Lebanon,229093.15000000002,miconaz,true
MED#11663,11663,3323/1,MICOTER GYNO OVULE,,500mg,1Pessary,,"Chaoul Pharmaceuticals (Cha-pha) SAL, Lebanon (Packing) Manufactured by Bliss GVS Pharma Limited, India",Pharmamedic S.A.R.L.,Lebanon,447947.50000000006,micoter gyno ovule,true
MED#6868,6868,166907/11,MICOZOLE,,2g,20g,Oral gel,Medical Union Pharmaceuticals (MUP),Macromed S.A.R.L.,Egypt,104819.71500000001,micozole,true
MED#141,141,22411,MICROGYNON '30',,,21,Dragée,Bayer AG,Droguerie R. Pharaon & Fils S.A.L.,Germany,161261.1,microgynon 30,true
MED#10474,10474,34220/1,MICTONORM,,5mg,56,"Tablet, coated",Apogepha Arzneimittel GmbH,Abela Frères S.A.L.,Germany,1917663.2475000003,mictonorm,true
MED#5792,5792,219588/09,MICTONORM,,15mg,28,"Tablet, coated",Apogepha Arzneimittel GmbH,Abela Frères S.A.L.,Germany,1245741.9974999998,mictonorm,true
MED#10106,10106,97519/1,MICTONORM XL,,45mg,28,"Capsule, modified release",Apogepha Arzneimittel GmbH,Abela Frères S.A.L.,Germany,1877347.9725000001,mictonorm xl,true
MED#5979,5979,168028/10,MICTONORM XL,,30mg,28,"Capsule, modified release",Apogepha Arzneimittel GmbH,Abela Frères S.A.L.,Germany,1648894.7475000003,mictonorm xl,true
MED#3909,3909,194042/05,MIDAZOLAM PANPHARMA,,5mg/ml/amp,10,Injectable solution,Panpharma GmbH,Minapharm Halabi,Germany,826463.1375000002,midazolam panpharma,true
MED#6850,6850,97356/12,MIDAZOLAM PANPHARMA,,1mg/ml,10x5ml,Injectable solution,Panpharma GmbH,Minapharm Halabi,Germany,697454.2575000001,midazolam panpharma,true
MED#8529,8529,149415/1,MILRINONE,,1mg/ml,10Ampoules x 10ml,Concentrate for solution for infusion,Cenexi,BroadMed SAL,France,28486446.281999998,milrinone,true
MED#8589,8589,166611/11,MINGO,,0.4mg,30,Capsule,Pharmadex licensed by Orbucell pharma Canada,Medi drug International SAL (MDI),Lebanon,673201.1000000001,mingo,true
MED#6712,6712,218671/10,MINILAX,,,4 Tubes x 10ml,Rectal Solution,Pharmadex (Packing) licensed by Orbucell pharma Canada,Medi drug International SAL (MDI),Lebanon,474824.3500000001,minilax,true
MED#6914,6914,96689/12,MINIRIN MELT,,60mcg,30 Units,Oral lyophilisate tablets,Catalent UK Swindon Zydis Ltd,Sadco,UK,2484764.7824999997,minirin melt,true
MED#6915,6915,96688/12,MINIRIN MELT,,120mcg,30 Units,Oral lyophilisate tablets,Catalent UK Swindon Zydis Ltd,Sadco,UK,4970873.407500001,minirin melt,true
MED#11404,11404,144321/1,MINOCET,,300mg,10,Capsule,Tabuk Pharmaceutical Manufacturing Company,Mersaco,Saudi Arabia,1407003.0975000004,minocet,true
MED#5163,5163,24368/06,MINOR,,1g,30,Tablet,Mediphar Laboratories,Pharmapro,Lebanon,266208.80000000005,minor,true
MED#6096,6096,24906/07,MINOXIDIL BAILLEUL,,5%,3 flaconsx60ml,Solution pour application cutanée,Delpharm Huningue SAS,Pharmamedic S.A.R.L.,France,3675409.2375,minoxidil bailleul,true
MED#6402,6402,166842/11,MINOXIDIL BAILLEUL,,2%,3Flacons x 60ml,Solution pour application cutanée,Delpharm Huningue SAS,Pharmamedic S.A.R.L.,France,2839539.2025,minoxidil bailleul,true
MED#12505,12505,66325/1,MINOXIDIL BIOGARAN CONSEIL,,2%,Boite de 3Flacons de 60ml,Solution pour application cutanée,Laboratoires Chemineau,Commercial and Trading Ressources SAL (CTR),France,2168961.7950000004,minoxidil biogaran conseil,true
MED#12506,12506,66425/1,MINOXIDIL BIOGARAN CONSEIL,,5%,Boite de 3Flacons de 60ml,Solution pour application cutanée,Laboratoires Chemineau,Commercial and Trading Ressources SAL (CTR),France,3297789.4950000006,minoxidil biogaran conseil,true
MED#3733,3733,236885,MIOSTAT STERIL INTRAOCULAR,,,12 x 1.5ml,Solution,Alcon Laboratories Inc,Khalil Fattal & Fils S.A.L.,USA,7987500.9795,miostat steril intraocular,true
MED#10016,10016,54219/1,MIOVISIN,,20mg/2ml,6Ampoules powder + 6Ampoules solvent 2ml,Powder and solvent for solution for injection for intraocular use,Farmigea SpA,New Larys Pharm SARL,Italy,6449100.157500001,miovisin,true
MED#7021,7021,97003/12,MIRAN,,1g,1 Vial,Injectable powder,ACS Dobfar S.P.A.,Pharmanet Drugstore S.A.R.L.,Italy,819743.925,miran,true
MED#10031,10031,112816/1,MIRATA,,100mg,30,"Tablet, film coated",The Arab Pharmaceutical Manufacturing PSC,Droguerie Mercury S.A.L.,Jordan,77379008.68725081,mirata,true
MED#10032,10032,112916/1,MIRATA,,150mg,30,"Tablet, film coated",The Arab Pharmaceutical Manufacturing PSC,Droguerie Mercury S.A.L.,Jordan,88599922.67148297,mirata,true
MED#11832,11832,12124/1,MIRENA 20mcg/24h Levonorgestrel,,20mcg/24h,,Intra-uterine System,Bayer OY,Droguerie R. Pharaon & Fils S.A.L.,Finland,10530752.512875,mirena 20mcg 24h levonorgestrel,true
MED#8556,8556,142215/1,MIRTA TAD,,30mg,30,"Tablet, film coated","Kr Ka, d.d, Novo Mesto",Pharmamedic S.A.R.L.,Slovenia,1138234.5975000001,mirta tad,true
MED#10394,10394,12120/1,MISOFAR,,25mcg,8,Vaginal tablet,Industria Quimica Farmaceutica Vir SA,Levant Alie Houses S.A.L.,Spain,1855846.4925,misofar,true
MED#10395,10395,12020/1,MISOFAR,,200mcg,4,Vaginal tablet,Industria Quimica Farmaceutica Vir SA,Levant Alie Houses S.A.L.,Spain,1546762.7174999998,misofar,true
MED#12676,12676,78524/1,MITONCO,,10mg,1Vial,Injection,Korea United Pharm. Inc.,Droguerie Phenicia,Korea,2279156.880000001,mitonco,true
MED#3952,3952,194342/05,MITOXANTRON EBEWE,,20mg/10ml,1Vial,Concentrate for solution for infusion,Fareva Unterach GmbH,Khalil Fattal & Fils S.A.L.,Austria,11064119.842125,mitoxantron ebewe,true
MED#2029,2029,27173,MIXTARD 30,,100IU/ml,10ml,Vial,Novo Nordisk AS,Mersaco,Denmark,752551.8,mixtard 30,true
MED#8088,8088,144914/1,MIXTARD 30,,100IU/ml,10ml,Vial,"Novo Nordisk Production SAS, Chartres",Mersaco,France,752551.8,mixtard 30,true
MED#9370,9370,67417/1,MIXTE SIMPLE (1),,,500ml Viaflex bag,Injectable solution,Alfa Laboratoires S.A.L.,Alfa Laboratoires S.A.L.,Lebanon,182719.62,mixte simple 1,true
MED#9371,9371,67517/1,MIXTE SIMPLE (1),,,1.000ml Viaflex bag,Injectable solution,Alfa Laboratoires S.A.L.,Alfa Laboratoires S.A.L.,Lebanon,205933.05599999998,mixte simple 1,true
MED#9710,9710,130818/1,MIXTE SIMPLE (2),,,500ml Viaflex bag,Injectable solution,Alfa Laboratoires S.A.L.,Alfa Laboratoires S.A.L.,Lebanon,182719.62,mixte simple 2,true
MED#9713,9713,130918/1,MIXTE SIMPLE (2),,,1000ml Viaflex bag,Injectable solution,Alfa Laboratoires S.A.L.,Alfa Laboratoires S.A.L.,Lebanon,207894.3232,mixte simple 2,true
MED#7644,7644,97205/12,MMF,,500mg,56,"Tablet, coated",Les Laboratoires Medis SA,Medis Pharm Drugstore,Tunisia,4087968.885000001,mmf,true
MED#7706,7706,185830/13,MOBITIL,,15mg,10,"Tablet, film coated",Medical Union Pharmaceuticals (MUP),Macromed S.A.R.L.,Egypt,212327.11500000002,mobitil,true
MED#12658,12658,106325/1,MODAFINIL ARROW,,100mg,30,Comprimé,Generis Farmaceutica SA,Darapharma S.A.L.,Portugal,5361931.575,modafinil arrow,true
MED#9007,9007,173116/1,MODAFINIL ARROW,,100mg,30,Comprimé,APL Swift Services (Malta) Limited,Darapharma S.A.L.,Malta,5361931.575,modafinil arrow,true
MED#5056,5056,24706/07,MODODOM,,10mg,20,"Tablet, film coated",Julphar,Pharmanet Drugstore S.A.R.L.,United Arab Emirates,147822.67500000002,mododom,true
MED#4321,4321,25483,MODUCREN,,,30,Tablet,Algorithm S.A.L.,Droguerie de l'Union,Lebanon,915092.7500000002,moducren,true
MED#4267,4267,25486,MODURETIC,,5/50mg,30,Tablet,Algorithm S.A.L.,Droguerie de l'Union,Lebanon,798397.6220219999,moduretic,true
MED#9656,9656,72716/1,MOFLOXINE,,400mg/250ml,1 bag,Injectable solution for intravenous infusion,MS Pharma,Bellapharma S.A.R.L.,Jordan,1638144.0074999998,mofloxine,true
MED#6374,6374,167628/10,MOLCET,,,20,Tablet,Pharmadex licensed by Orbucell pharma Canada,Medi drug International SAL (MDI),Lebanon,317402.80000000005,molcet,true
MED#9462,9462,167617/1,MOLSIDOMINE BIOGARAN,,2mg,30,Comprimés sécables,Laboratoires BTT,Commercial and Trading Ressources SAL (CTR),France,256673.91750000004,molsidomine biogaran,true
MED#9463,9463,167717/1,MOLSIDOMINE BIOGARAN,,2mg,90,Comprimés sécables,Laboratoires BTT,Commercial and Trading Ressources SAL (CTR),France,713580.3675,molsidomine biogaran,true
MED#9464,9464,167817/1,MOLSIDOMINE BIOGARAN,,4mg,30,Comprimés,Laboratoires BTT,Commercial and Trading Ressources SAL (CTR),France,344023.68000000005,molsidomine biogaran,true
MED#12509,12509,34524/1,MOMENEX RECORDATI,,0.05%,18g/140doses,Nasal spray suspension,Recordati Ilac San. ve Tic. A.S,BroadMed SAL,Turkey,369556.6875000001,momenex recordati,true
MED#11229,11229,26621/1,MOMETASONE BIOGARAN,,50mcg/dose,Flacon de 120doses,Suspension pour pulvérisation nasale,Farmea,Commercial and Trading Ressources SAL (CTR),France,501253.2525000001,mometasone biogaran,true
MED#12600,12600,24924/1,MOMETIX AQ,,0.05%,140metered actuations,Nasal spray,Drogsan Ilaclari San ve Tic AS,New Larys Pharm SARL,Turkey,369556.6875000001,mometix aq,true
MED#12260,12260,67623/1,MONODOKS,,100mg,14,Capsule,Deva Holding AS,New Europharm,Turkey,248610.86250000002,monodoks,true
MED#9797,9797,173318/1,MONOPROST,,50mcg/ml,30single dose container,eye drops solution,Excelvision,Square One Group Pharma SAL,France,1187956.77,monoprost,true
MED#8761,8761,62516/1,MONTADIOL,,0.01%,25g,Vaginal cream,Pharmazeutische Fabrik Montavit GmbH,Mediterranean Pharmaceutical Company,Austria,1105982.3775000002,montadiol,true
MED#11686,11686,16523/1,MONTELUKAST ARROW LAB,,4mg,28,"Tablet, chewable",APL Swift Services (Malta) Limited,Darapharma S.A.L.,Malta,851996.145,montelukast arrow lab,true
MED#11687,11687,16623/1,MONTELUKAST ARROW LAB,,5mg,28,"Tablet, chewable",APL Swift Services (Malta) Limited,Darapharma S.A.L.,Malta,851996.145,montelukast arrow lab,true
MED#11688,11688,16723/1,MONTELUKAST ARROW LAB,,10mg,28,"Tablet, film coated",APL Swift Services (Malta) Limited,Darapharma S.A.L.,Malta,978317.3400000003,montelukast arrow lab,true
MED#7770,7770,222934/14,MONTELUKAST-SANDOZ,,4mg,28,"Tablet, chewable","Pharmaline under license from Sandoz GmbH, Austria",Khalil Fattal & Fils S.A.L.,Lebanon,1184140.2933360003,montelukast sandoz,true
MED#7771,7771,222933/14,MONTELUKAST-SANDOZ,,5mg,28,"Tablet, chewable","Pharmaline under license from Sandoz GmbH, Austria",Khalil Fattal & Fils S.A.L.,Lebanon,1184140.2933360003,montelukast sandoz,true
MED#7772,7772,222932/14,MONTELUKAST-SANDOZ,,10mg,28,"Tablet, film coated","Pharmaline under license from Sandoz GmbH, Austria",Khalil Fattal & Fils S.A.L.,Lebanon,1136296.24108,montelukast sandoz,true
MED#5916,5916,221709/08,MONUROL,,3g,1 Sachet,Granules,Zambon Switzerland Ltd,BiofinPharma Middle East S.A.L.,Switzerland,571133.0625,monurol,true
MED#11665,11665,52923/1,MORPHILINE,,10mg/5ml,60ml,Oral solution,Pharmaline SAL,Pharmaline S.A.L.,Lebanon,189417.80000000002,morphiline,true
MED#2280,2280,973343/01,MORPHINE (CHLORHYDRATE) RENAUDIN,,1mg/ml,Bt 10Ampoules x 1ml,Sol inj,Renaudin,Minapharm Halabi,France,626230.605,morphine chlorhydrate renaudin,true
MED#11153,11153,69221/1,MORPHINE MEDIS,,10mg/ml,10Ampoules of 1ml,Injectable solution,Les Laboratoires Medis,Medis Pharm Drugstore,Tunisia,1050884.8350000002,morphine medis,true
MED#3969,3969,194340/05,MOSAR,,5mg,20,"Tablet, coated",Laboratorio Elea Phoenix SA,Droguerie Phenicia,Argentine,798242.4450000001,mosar,true
MED#3970,3970,194341/05,MOSAR PLUS,,,30,"Tablet, coated",Laboratorio Elea Phoenix SA,Droguerie Phenicia,Argentine,865434.5700000001,mosar plus,true
MED#12015,12015,131724/1,MOTIDOL ODT,,10mg,30,"Tablet, orodispersible","UBSA Pharma Industries SARL (Secondary Packaging), manufacturer: Athena Drug Delivery Solutions private Ltd, India",L. Pharm SAL,Lebanon,327641.60000000003,motidol odt,true
MED#1689,1689,973376/01,MOTILAT,,10mg,30,Tablet,RAM Pharmaceutical Industries Co Ltd,Premium Serve Drugstore Co. P.S.D. SAL,Jordan,221734.0125,motilat,true
MED#12539,12539,98825/1,MOTILCURE,,10mg,30,"Tablet, orodispersible",UBSA Pharma Industries SARL,Tamipharm,Lebanon,259809.55000000002,motilcure,true
MED#11798,11798,99623/1,MOTILIUM,,10mg,30,Tablet,Lusomedicamenta Sociedade Tecnica Farmaceutica SA,Droguerie Columbus,Portugal,353430.5775000001,motilium,true
MED#6293,6293,167833/11,MOTRINEX,,10mg,30,"Tablet, film coated",Dar Al Dawa Development & Investment Co Ltd,Sadco,Jordan,802273.9724999999,motrinex,true
MED#11854,11854,126624/1,MOUNJARO KWIKPEN,,10mg/dose,1prefilled pen (4doses),Solution for injection,Eli Lilly Italia SpA,Droguerie de l'Union,Italy,39601065,mounjaro kwikpen,true
MED#11855,11855,126724/1,MOUNJARO KWIKPEN,,12.5mg/dose,1prefilled pen (4doses),Solution for injection,Eli Lilly Italia SpA,Droguerie de l'Union,Italy,39601065,mounjaro kwikpen,true
MED#11856,11856,126824/1,MOUNJARO KWIKPEN,,15mg/dose,1prefilled pen (4doses),Solution for injection,Eli Lilly Italia SpA,Droguerie de l'Union,Italy,39601065,mounjaro kwikpen,true
MED#11857,11857,126524/1,MOUNJARO KWIKPEN,,7.5mg/dose,1prefilled pen (4doses),Solution for injection,Eli Lilly Italia SpA,Droguerie de l'Union,Italy,39601065,mounjaro kwikpen,true
MED#11858,11858,126324/1,MOUNJARO KWIKPEN,,2.5mg/dose,1prefilled pen (4doses),Solution for injection,Eli Lilly Italia SpA,Droguerie de l'Union,Italy,39601065,mounjaro kwikpen,true
MED#11859,11859,126424/1,MOUNJARO KWIKPEN,,5mg/dose,1prefilled pen (4doses),Solution for injection,Eli Lilly Italia SpA,Droguerie de l'Union,Italy,39601065,mounjaro kwikpen,true
MED#9645,9645,65318/1,MOVICOL,,,20,Sachet,Norgine Ltd,Mectapharm S.A.L.,UK,853339.9874999999,movicol,true
MED#9646,9646,84418/1,MOVICOL PEDIATRIC PLAIN,,,30 Sachets,Powder for oral solution,Norgine Ltd,Mectapharm S.A.L.,UK,624886.7625000001,movicol pediatric plain,true
MED#1855,1855,148391/04,MOXICLAV,,1g,14,Tablet,Medochemie Ltd,New Allpharma,Cyprus,430029.6000000001,moxiclav,true
MED#8412,8412,218131/09,MOXICLAV,,1200mg,1Vial,Powder for solution for injection/ infusion,Medochemie Ltd,New Allpharma,Cyprus,169324.155,moxiclav,true
MED#9367,9367,100015/1,MOXICLAV BIS,,457mg/5ml,70ml,Powder for oral suspension,Medochemie Ltd,New Allpharma,Cyprus,309083.77499999997,moxiclav bis,true
MED#1854,1854,405602/00,MOXICLAV FORTE,,312.5mg/5ml,100ml,Powder for oral suspension,Medochemie Ltd,New Allpharma,Cyprus,298333.03500000003,moxiclav forte,true
MED#3881,3881,405601/00,MOXILEN,,500mg,50x10,Capsule,Medochemie Ltd,New Allpharma,Cyprus,3717068.355,moxilen,true
MED#5044,5044,195476/04,MOXILEN,,1g,10vials,powder for injection,Medochemie Ltd,New Allpharma,Cyprus,998474.9774999999,moxilen,true
MED#9829,9829,186618/1,MOXITEC,,5mg/ml,,Eye drops solution,"Famar SA, batch releaser: pharmathen SA, Greece",Levant Alie Houses S.A.L.,Greece,464969.505,moxitec,true
MED#7267,7267,166612/11,MOZOBIL,,20mg/ml,1Vial,Injectable solution,Euroapi UK Limited,Mersaco,UK,413801327.428125,mozobil,true
MED#8744,8744,159715/1,MP 40,,40mg,1Vial + 1ampoule solvent of 2ml,Freeze dried,Les Laboratoires Medis SA,Medis Pharm Drugstore,Tunisia,219046.3275,mp 40,true
MED#7868,7868,186480/12,MP 500,,500mg,10Vials,Freeze dried,Les Laboratoires Medis SA,Medis Pharm Drugstore,Tunisia,5316240.930000001,mp 500,true
MED#3632,3632,236276,MST CONTINUS,,10mg,60,"Tablet, prolonged release",Bard Pharmaceuticals Ltd,Mersaco,UK,972941.9700000002,mst continus,true
MED#3633,3633,38940,MST CONTINUS,,30mg,60,"Tablet, prolonged release",Bard Pharmaceuticals Ltd,Mersaco,UK,2289907.62,mst continus,true
MED#3634,3634,38941,MST CONTINUS,,60mg,60,"Tablet, prolonged release",Bard Pharmaceuticals Ltd,Mersaco,UK,3839358.0225000004,mst continus,true
MED#7393,7393,187413/13,MUCINEX,,,20,"Tablet, extended release bilayer","Reckitt Benckiser Healthcare International Ltd, Nottingham",Droguerie Columbus,UK,749864.115,mucinex,true
MED#12425,12425,98725/1,MUCOCURE SR,,75mg,10,Capsule,"UBSA Pharma Industries SARL (Secondary Packaging), manufacturer: Livealth Biopharma Pvt. Ltd, India",Tamipharm,Lebanon,276447.60000000003,mucocure sr,true
MED#9739,9739,154118/1,MUCOSOLVAN,,30mg/5ml,100ml,Syrup,Delpharm Reims,Mersaco,France,380307.4275,mucosolvan,true
MED#9391,9391,9118/1,MUCOSOLVAN LA,,75mg,10,Capsule,Delpharm Reims,Mersaco,France,345367.5224999999,mucosolvan la,true
MED#4649,4649,27807/94,MUCOTAL ADULTE,,250mg/5ml,150ml,Syrup,Pharmaline SAL,Pharmaline S.A.L.,Lebanon,308443.85000000003,mucotal adulte,true
MED#4650,4650,27808/94,MUCOTAL PEDIATRIQUE,,100mg/5ml,150ml,Syrup,Pharmaline SAL,Pharmaline S.A.L.,Lebanon,298205.05000000005,mucotal pediatrique,true
MED#4651,4651,27809/94,MUCOTAL PROMETHAZINE,,,150ml,Syrup,Pharmaline SAL,Pharmaline S.A.L.,Lebanon,243171.5,mucotal promethazine,true
MED#11451,11451,30523/1,MUCOVIC FORTE,,30mg/5ml,150ml,Oral solution sans sucre,Chaoul Pharmaceuticals (Cha-Pha) SAL,Pharmamedic S.A.R.L.,Lebanon,440268.4000000001,mucovic forte,true
MED#5859,5859,218109/09,MUCOVIC FORTE,,30mg/5ml,100ml,Oral solution sans sucre,Chaoul Pharmaceuticals (Cha-Pha) SAL,Pharmamedic S.A.R.L.,Lebanon,293085.65,mucovic forte,true
MED#12426,12426,98725/1,MUCOXELLIN LA,,75mg,10,Capsule,"UBSA Pharma Industries SARL (Secondary Packaging), manufacturer: Livealth Biopharma Pvt. Ltd, India",Nova Pharm SARL,Lebanon,276447.60000000003,mucoxellin la,true
MED#3491,3491,208592/03,MUCUM,,,100ml,"Syrup, sugar free",Julphar,Pharmanet Drugstore S.A.R.L.,United Arab Emirates,98100.5025,mucum,true
MED#10296,10296,143819/1,MUCUS RELIEF DM,,,Box of 10,Tablet,Allegiant Health,Medis Pharm Drugstore,USA,413903.49,mucus relief dm,true
MED#11227,11227,132620/1,MUKORAL,,30mg,20,Tablet,Biofarma Ilac San. ve Tic. AS,BroadMed SAL,Turkey,201576.37500000006,mukoral,true
MED#12084,12084,7521/1,MUKORAL,,30mg/5ml,150ml,Syrup,Biofarma Ilac San. ve Tic. AS,BroadMed SAL,Turkey,341335.99500000005,mukoral,true
MED#12307,12307,54823/1,MUKORAL,,15mg/5ml,150ml,Pediatric syrup,Biofarma Ilac San. ve Tic. AS,BroadMed SAL,Turkey,194857.16250000003,mukoral,true
MED#12339,12339,110323/1,MUKOZERO,,600mg,20,"Tablet, effervescent",Humanis Saglik Anonim Sirketi,BroadMed SAL,Turkey,646388.2425000002,mukozero,true
MED#10647,10647,108216/1,MUREX,,100mg/5ml,60ml,powder for oral suspension,Dar Al Dawa Development & Investment Co Ltd,Sadco,Jordan,524098.575,murex,true
MED#12371,12371,70724/1,MUREX,,100mg/5ml,30ml,powder for oral suspension,Dar Al Dawa Development & Investment Co Ltd,Sadco,Jordan,274143.8700000001,murex,true
MED#7677,7677,186974/14,MUREX,,400mg,5,Capsule,Dar Al Dawa Development & Investment Co Ltd,Sadco,Jordan,679984.3049999999,murex,true
MED#9039,9039,108416/1,MUREX 200,,200mg,8,Capsule,Dar Al Dawa Development & Investment Co Ltd,Sadco,Jordan,430029.6000000001,murex 200,true
MED#4652,4652,194751/04,MUSCEROL 2,,,20,"Tablet, scored",Pharmaline SAL,Pharmaline S.A.L.,Lebanon,177899.15000000005,muscerol 2,true
MED#7602,7602,187181/13,MUSCEROL 3,,,30,"Tablet, film coated",Pharmaline SAL,Pharmaline S.A.L.,Lebanon,593850.4,muscerol 3,true
MED#4653,4653,194752/04,MUSCEROL EXTRA,,,20,"Tablet, scored",Pharmaline SAL,Pharmaline S.A.L.,Lebanon,267488.65,muscerol extra,true
MED#10116,10116,189019/1,MYCAMINE,,50mg,,for infusion,"Astellas Pharma Tech Co, Ltd Takaoka Plant",Khalil Fattal & Fils S.A.L.,Japan,13170340.638000002,mycamine,true
MED#4612,4612,22581,MYCICORT,,,10ml,Drops suspension,Pharmadex,Pharmadex,Lebanon,166380.50000000003,mycicort,true
MED#4613,4613,22577,MYCICORT,,,30g,Ointment,Pharmadex,Pharmadex,Lebanon,485063.1500000001,mycicort,true
MED#11310,11310,105717/1,MYCODERM-V,,,40g,Vaginal cream,Amman Pharmaceutical Industries,Germanos Health Care Supplies SARL,Jordan,361493.6325,mycoderm v,true
MED#6687,6687,218913/10,MYCOHEAL,,,40g,Oral gel,Dar Al Dawa Development & Investment Co Ltd,Sadco,Jordan,210983.27250000002,mycoheal,true
MED#12612,12612,46226/1,MYCOPHENOLATE MOFETIL ARROW,,500mg,50,comprimés pelliculés,APL Swift Services (Malta) Limited,Darapharma S.A.L.,Malta,4257522.600130801,mycophenolate mofetil arrow,true
MED#11788,11788,130023/1,MYCOSTER,,8%,3ml,Film forming solution for topical application,Pierre Fabre Medicament Production,Mersaco,France,756583.3275000001,mycoster,true
MED#11986,11986,130223/1,MYCOSTER,,1%,30g,Cream,Pierre Fabre Medicament Production,Mersaco,France,325209.885,mycoster,true
MED#3902,3902,194782/04,MYCOSTER,,8%,3ml,Film forming solution for topical application,Pierre Fabre Medicament Production,Mersaco,France,756583.3275,mycoster,true
MED#5683,5683,18987,MYDOCALM,,,30,"Tablet, film coated",Labatec Farmaceutica SA,Levant Alie Houses S.A.L.,Portugal,839901.5625,mydocalm,true
MED#11675,11675,139123/1,MYDRIACYL,,1%,15ml,Ophtalmic solution,SA Alcon Couvreur NV,Khalil Fattal & Fils S.A.L.,Belgium,430029.6000000001,mydriacyl,true
MED#12446,12446,13025/1,MYFORTIC,,360mg,120,"Tablet, gastroresistant","Novartis Pharma Produktions GmbH, Wehr",Khalil Fattal & Fils S.A.L.,Germany,16698052.834344,myfortic,true
MED#10226,10226,17620/1,MYLOTARG,,4.5mg/Vial,1Vial,Injection for intravenous infusion only,Wyeth Pharmaceutical Division of Wyeth Holding LLC,Droguerie Fattal S.A.L.,USA,748160089.8187498,mylotarg,true
MED#7912,7912,186807/14,MYORA,,500mg,50,"Tablet, film coated",The Arab Pharmaceutical Manufacturing PSC,Droguerie de l'Union,Jordan,3643157.017500001,myora,true
MED#8281,8281,9815/1,MYOZYME,,50mg,1Vial,Powder for concentrate for solution for infusion,Genzyme Ireland Ltd,Mersaco,Ireland,56536307.18360647,myozyme,true
MED#4324,4324,208886/03,MYXEN,,50mg,10,Tablet,Algorithm S.A.L.,Droguerie de l'Union,Lebanon,755111.5000000001,myxen,true
MED#4325,4325,208885/03,MYXEN,,150mg,1,Tablet,Algorithm S.A.L.,Droguerie de l'Union,Lebanon,255970.00000000003,myxen,true
MED#4326,4326,208035/03,MYXEN,,50mg/5ml,35ml,Powder for suspension,Algorithm S.A.L.,Droguerie de l'Union,Lebanon,793507.0000000001,myxen,true
MED#6400,6400,221671/08,NADIXA,,,25g,Cream,Ferrer Internacional SA,Spephal S.A.L.,Spain,850652.3024999999,nadixa,true
MED#12557,12557,115925/1,NADIXA CHAPHA,,1%,25g,Cream,Chaoul Pharmaceuticals (Cha-Pha) SAL,Spephal S.A.L.,Lebanon,850727.0541770003,nadixa chapha,true
MED#11032,11032,101819/1,NAFLOX,,3mg/ml,10ml,Eye drops,Farmigea SpA,Pharmamedic S.A.R.L.,Italy,370900.53,naflox,true
MED#6441,6441,219226/09,NAFTILUX,,200mg,20,Gélules,Millmount Healthcare Limited,Droguerie R. Pharaon & Fils S.A.L.,Ireland,533505.4725,naftilux,true
MED#11594,11594,115123/1,NAFTIPRAX,,200mg,30,"Tablet, film coated","Manufactured by Benta Lyon, France for Benta SAL",Benta Trading Co s.a.l.,Lebanon,614328.0000000001,naftiprax,true
MED#12029,12029,30524/1,NAJAT,,,28,"Tablet, coated",Naari Pharma Private Limited,Raymond Georges Abou Adal & Co,India,417935.0175,najat,true
MED#5047,5047,24125/06,NALBUPHINE RENAUDIN 1%,,20mg/2ml,10ampoules,solution injectable,Renaudin,Minapharm Halabi,France,1181237.5575,nalbuphine renaudin 1,true
MED#12678,12678,125224/1,NAMBROL ADULTS,,1mg/ml,30Single-dose containers of 1ml,Solution for nebulization,Genetic Spa,New Europharm,Italy,2279156.880000001,nambrol adults,true
MED#5811,5811,218025/09,NANOFIB,,145mg,30,"Tablet, film coated",Benta SAL,Benta Trading Co s.a.l.,Lebanon,1371615.245,nanofib,true
MED#3074,3074,27365,NAPHCON A,,,15ml,Ophtalmic solution,SA Alcon Couvreur NV,Khalil Fattal & Fils S.A.L.,Belgium,369556.6875,naphcon a,true
MED#9823,9823,158918/1,NAPROXENE SODIQUE ARROW,,550mg,16,Comprimé pelliculé sécable,APL Swift Services (Malta) Limited,Darapharma S.A.L.,Malta,255330.07499999998,naproxene sodique arrow,true
MED#10153,10153,70916/1,NARIX,,,12ml,Nasal spray,Mediphar Laboratories,Pharmapro,Lebanon,518339.25,narix,true
MED#11400,11400,62022/1,NASACORT AQ,,55mcg/dose,120Spray,Nasal Spray,Recipharm HC Limited,Mersaco,UK,1003850.3475,nasacort aq,true
MED#1781,1781,974473/00,NASACORT AQ,,55mcg/dose,120Spray,Nasal Spray,Recipharm HC Limited,Mersaco,UK,1003850.3475,nasacort aq,true
MED#12293,12293,39024/1,NASONEX,,0.05%,120 Puffs,Aqueous Nasal Spray,Organon Heist BV,Abela Frères S.A.L.,Belgium,529473.9450000001,nasonex,true
MED#9600,9600,103318/1,NASONEX,,0.05%,120 Puffs,Aqueous Nasal Spray,Schering Plough Labo NV,Abela Frères S.A.L.,Belgium,529473.9449999998,nasonex,true
MED#12543,12543,157825/1,NAURASIA ODT,,8mg,10,"Tablet, orodispersible","UBSA Pharma Industries SARL (Secondary Packaging), manufacturer: Hiral Labs Ltd, India",Nova Pharm SARL,Lebanon,998283,naurasia odt,true
MED#4446,4446,194499/06,NAUSETRON,,8mg,10,"Tablet, scored",Mediphar Laboratories,Pharmapro,Lebanon,1023880.0000000001,nausetron,true
MED#9491,9491,118016/1,NAUSETRON,,,100ml,Oral solution,Mediphar Laboratories,Pharmapro,Lebanon,958607.6500000001,nausetron,true
MED#9928,9928,67919/1,NAUSETRON,,,60ml,Oral solution,Mediphar Laboratories,Pharmapro,Lebanon,802465.9500000001,nausetron,true
MED#12542,12542,167525/1,NAUZECURE ODT,,8mg,10,"Tablet, orodispersible",UBSA Pharma Industries SARL,Tamipharm,Lebanon,998283,nauzecure odt,true
MED#4447,4447,973305/01,NAUZEX,,10mg,30,Tablet,Mediphar Laboratories,Pharmapro,Lebanon,258529.70000000007,nauzex,true
MED#2805,2805,208848/03,NAVELBINE,,20mg,1,"Capsule, soft",Fareva Pau,Mersaco,France,4048997.4525000006,navelbine,true
MED#2813,2813,208849/03,NAVELBINE,,30mg,1,"Capsule, soft",Fareva Pau,Mersaco,France,6072824.257500001,navelbine,true
MED#9330,9330,123315/1,NAXIDERM,,1%,30g,Topical gel,Mediphar Laboratories,Pharmapro,Lebanon,826783.1000000002,naxiderm,true
MED#4262,4262,974046/02,NEANXETIN,,20mg,14,Capsule,Algorithm S.A.L.,Droguerie de l'Union,Lebanon,422350.5,neanxetin,true
MED#3686,3686,236734,NEBILET,,5mg,30,Tablet,Berlin Chemie AG,Mersaco,Germany,694766.5725,nebilet,true
MED#6338,6338,96410/11,NEBILET PLUS,,5mg/12.5mg,30,"Tablet, film coated",Berlin Chemie AG,Mersaco,Germany,716268.0525,nebilet plus,true
MED#6339,6339,96411/11,NEBILET PLUS,,5mg/25mg,30,"Tablet, film coated",Berlin Chemie AG,Mersaco,Germany,716268.0525,nebilet plus,true
MED#12398,12398,20325/1,NEBIVOLOL ARROW LAB,,5mg,90,tablets,APL Swift Services (Malta) Limited,Darapharma S.A.L.,Malta,1370719.35,nebivolol arrow lab,true
MED#10973,10973,51122/1,NEBIVOLOL BIOGARAN,,5mg,30,Comprimés quadrisecables,Stada Arzneimittel AG,Commercial and Trading Ressources SAL (CTR),Germany,529473.9450000001,nebivolol biogaran,true
MED#5717,5717,219710/09,NEGACEF,,1g,10Vials,IM/IV,Julphar,Pharmanet Drugstore S.A.R.L.,United Arab Emirates,4421241.825,negacef,true
MED#9919,9919,55619/1,NEO SULFA,,12g,12g,Powder,Pharmadex,Pharmadex,Lebanon,151022.3,neo sulfa,true
MED#2289,2289,38852,NEO-CODION,,,20,Comprimés enrobés,Sophartex,Pharmamedic S.A.R.L.,France,258017.76,neo codion,true
MED#12199,12199,129924/1,NEO-PAN,,20mg/2ml,10Ampoules x 2ml,Solution for injection,Medochemie Ltd,New Allpharma,Cyprus,483783.3000000001,neo pan,true
MED#5343,5343,222447/08,NEOGRASTIM 30,,30MU= 300mcg,1ml,Injectable SC/IV,Benta SAL,Benta Trading Co s.a.l.,Lebanon,1970969,neograstim 30,true
MED#12067,12067,51823/1,NEOOPRAZOLE,,20mg,56,"Capsule, hard, gastro-resistant",Pharminicio SL,Mediterranean Pharmaceutical Company,Spain,407184.2775,neooprazole,true
MED#12113,12113,69924/1,NEOSET,,3mg/3ml,1Ampoule,Solution for IV injection,Deva Holding AS,New Europharm,Turkey,405840.4350000001,neoset,true
MED#8578,8578,13416/1,NEOSTIGMINE RENAUDIN,,5mg/5ml,10 ampoules,Injectable solution,Renaudin,Minapharm Halabi,France,2460575.6175,neostigmine renaudin,true
MED#12573,12573,10423/1,NEPEXTO,,50mg/ml,4prefilled pen,Solution for injection,Neutec Inhaler Ilac San. ve Tic AS,Omnipharma,India,37663524.5364,nepexto,true
MED#12574,12574,10623/1,NEPEXTO,,50mg/ml,4prefilled syringes,Solution for injection,Neutec Inhaler Ilac San. ve Tic AS,Omnipharma,India,37663524.5364,nepexto,true
MED#12575,12575,10523/1,NEPEXTO,,25mg/0.5ml,4prefilled syringes,Solution for injection,Neutec Inhaler Ilac San. ve Tic AS,Omnipharma,India,18662492.2428,nepexto,true
MED#8691,8691,171415/1,NEPHARED,,125mg,1vial,Injectable powder for solution,Neon Laboratories Limited,Drugstore 3U S.A.R.L.,India,469001.0325000001,nephared,true
MED#9411,9411,151916/1,NEPHARED,,40mg,1vial,Injectable powder for solution,Neon Laboratories Limited,Drugstore 3U S.A.R.L.,India,188137.95,nephared,true
MED#7339,7339,96652/12,NEPINE,,200mg,60,Tablet,"Benta SAL (Packing) manufactured by Hetero Labs Ltd, India",Benta Trading Co s.a.l.,Lebanon,5921678.250599999,nepine,true
MED#12683,12683,113821/1,NERLYX,,40mg,180,"Tablet, film coated",Excella GmbH & Co KG,Mersaco,Germany,399248511.88245517,nerlyx,true
MED#7857,7857,186458/12,NERVAX,,75mg,20,Capsule,Tabuk Pharmaceutical Manufacturing Company,Mersaco,Saudi Arabia,513347.8350000001,nervax,true
MED#7858,7858,186459/12,NERVAX,,150mg,60,Capsule,Tabuk Pharmaceutical Manufacturing Company,Mersaco,Saudi Arabia,1955290.8375000001,nervax,true
MED#6360,6360,218050/09,NETILDEX,,0.1% + 0.3%,5ml,Eye drops solution,S.I.F.I. SpA,BiofinPharma Middle East S.A.L.,Italy,752551.8,netildex,true
MED#7839,7839,80314/1,NETTACIN,,0.3%,5ml,Eye drops solution,S.I.F.I. SpA,BiofinPharma Middle East S.A.L.,Italy,681328.1475000001,nettacin,true
MED#8957,8957,151016/1,NETTACIN,,0.3%,5g,Ophtalmic Ointment,S.I.F.I. SpA,BiofinPharma Middle East S.A.L.,Italy,593978.385,nettacin,true
MED#7966,7966,4915/1,NEULASTIM,,6mg/0.6ml,1Prefilled syringe x 0.6ml,,Amgen Europe BV,Mersaco,The Netherlands,56925965.20800001,neulastim,true
MED#9245,9245,78417/1,NEUMOTROPIO,,10mcg,30 Hard capsules (2bottles of 15capsules and 1zephir inhaler),Inhalation powder,"Pharmaline under license from Exeltis Healthcare SL, Spain",Abela Frères S.A.L.,Lebanon,3115843.9031720003,neumotropio,true
MED#7965,7965,4815/1,NEUPOGEN,,30MIU,1Prefilled syringe x 0.5ml,Injectable solution,Amgen Europe BV,Mersaco,The Netherlands,5250392.6475,neupogen,true
MED#9450,9450,69118/1,NEUPRO,,2mg/24h,28,Transdermal Patch,"UCB Pharma SA, Chemin Du Foriest",Sadco,Belgium,4427961.0375000015,neupro,true
MED#9451,9451,69218/1,NEUPRO,,4mg/24h,28,Transdermal Patch,"UCB Pharma SA, Chemin Du Foriest",Sadco,Belgium,7292822.555550002,neupro,true
MED#9452,9452,69318/1,NEUPRO,,6mg/24h,28,Transdermal Patch,"UCB Pharma SA, Chemin Du Foriest",Sadco,Belgium,9427592.768475,neupro,true
MED#9453,9453,69418/1,NEUPRO,,8mg/24h,28,Transdermal Patch,"UCB Pharma SA, Chemin Du Foriest",Sadco,Belgium,12394936.373400003,neupro,true
MED#10338,10338,172619/1,NEURALGINE EXTRA IBU-LYSINAT,,684mg,20,"Tablet, film coated",Dr. R. Pfleger Chemische Fabrik GmbH,Evix SARL,Germany,833182.35,neuralgine extra ibu lysinat,true
MED#11811,11811,55924/1,NEUREXAL,,75mg,30,Capsule,Pharmaline SAL,Pharmaline S.A.L.,Lebanon,637365.3,neurexal,true
MED#6879,6879,167720/10,NEUREXAL,,150mg,30,Capsule,Pharmaline SAL,Pharmaline S.A.L.,Lebanon,754855.53,neurexal,true
MED#6880,6880,167719/10,NEUREXAL,,75mg,14,Capsule,Pharmaline SAL,Pharmaline S.A.L.,Lebanon,335576.67000000004,neurexal,true
MED#7732,7732,48214/1,NEUREXAL,,25mg,20,Capsule,Pharmaline SAL,Pharmaline S.A.L.,Lebanon,321754.2900000001,neurexal,true
MED#11491,11491,154221,NEUROBION,,,20,"Tablet, coated",P&G Health Austria GmbH & Co. OG.,Food & Drug Corporation FDC,Austria,364181.3175,neurobion,true
MED#11492,11492,154321,NEUROBION,,,30,"Tablet, coated",P&G Health Austria GmbH & Co. OG.,Food & Drug Corporation FDC,Austria,550975.425,neurobion,true
MED#11757,11757,79222/1,NEUROBION,,,6Ampoules of 3ml,Solution for injection,Cenexi HSC,Food & Drug Corporation FDC,France,545600.055,neurobion,true
MED#11758,11758,79122/1,NEUROBION,,,3Ampoules of 3ml,Solution for injection,Cenexi HSC,Food & Drug Corporation FDC,France,287582.2950000001,neurobion,true
MED#12647,12647,105525/1,NEUROLIEF,,75mg,30,Capsule,"Manufactured by Impulse Pharma Pvt Ltd, India Packed by UBSA Pharma Industries SARL",L. Pharm SAL,Lebanon,669361.5500000002,neurolief,true
MED#12648,12648,105625/1,NEUROLIEF,,150mg,30,Capsule,"Manufactured by Impulse Pharma Pvt Ltd, India Packed by UBSA Pharma Industries SARL",L. Pharm SAL,Lebanon,752551.8,neurolief,true
MED#9220,9220,94817/1,NEUROMED,,,20,"Tablet, coated",Mediphar Laboratories,Pharmapro,Lebanon,257249.84999999998,neuromed,true
MED#6645,6645,221151/08,NEURONOX,,100units,1 Vial,Injectable lyophilised powder,"Benta SAL under license from Medy-Tox Inc, Korea",Medica Pharmaceuticals SAL,Lebanon,13011437.147,neuronox,true
MED#7956,7956,186798/14,NEURONOX,,50units,1 Vial,Injectable lyophilised powder,"Benta SAL under license from Medy-Tox Inc, Korea",Medica Pharmaceuticals SAL,Lebanon,8904322.8695,neuronox,true
MED#7957,7957,186797/14,NEURONOX,,200units,1 Vial,Injectable lyophilised powder,"Benta SAL under license from Medy-Tox Inc, Korea",Medica Pharmaceuticals SAL,Lebanon,25175058.336000003,neuronox,true
MED#6569,6569,218591/10,NEUROPLEX,,400mg,50,Capsule,Tabuk Pharmaceutical Manufacturing Company,Mersaco,Saudi Arabia,1290088.8000000003,neuroplex,true
MED#6570,6570,218590/10,NEUROPLEX,,300mg,50,Capsule,Tabuk Pharmaceutical Manufacturing Company,Mersaco,Saudi Arabia,1107326.2200000004,neuroplex,true
MED#7597,7597,186151/13,NEURORUBINE,,,5x3ml,Ampoule,Haupt Pharma Wulfing GmbH,Mectapharm S.A.L.,Germany,279519.24,neurorubine,true
MED#7666,7666,186793/14,NEURORUBINE-FORTE,,,20,"Tablet, film coated",Acino Pharma AG,Mectapharm S.A.L.,Switzerland,229797.0675,neurorubine forte,true
MED#49,49,38699,NEUROTOP RETARD,,300mg,50,Tablet,GL Pharma GmbH,Bellapharma S.A.R.L.,Austria,931282.8525000002,neurotop retard,true
MED#531,531,973718/02,NEUROTOP RETARD,,600mg,50,Tablet,GL Pharma GmbH,Bellapharma S.A.R.L.,Austria,1569608.04,neurotop retard,true
MED#1097,1097,973354/01,NEUTROMAX,,300mcg = 30MUI,1Vial,Injectable,BioSidus SAU,Droguerie Phenicia,Argentine,2553300.75,neutromax,true
MED#10778,10778,85821/1,NEVILOC,,5mg,30,Tablet,Pharmaline SAL,Pharmaline S.A.L.,Lebanon,476104.2000000001,neviloc,true
MED#12367,12367,90024/1,NEWBUTIN SR,,300mg,30,"Tablet, film coated, sustained release",Korea United Pharm. Inc.,Droguerie Phenicia,Korea,1654270.1175000006,newbutin sr,true
MED#5319,5319,221744/08,NEXAVAR,,200mg,60,"Tablet, film coated",Patheon France SAS,Droguerie R. Pharaon & Fils S.A.L.,France,86139059.66859375,nexavar,true
MED#12424,12424,94925/1,NEXICURE,,40mg,30,Capsule,UBSA Pharma Industries SARL,Tamipharm,Lebanon,646324.2500000001,nexicure,true
MED#11070,11070,61421/1,NEXIUM,,10mg,28 Sachets,,AstraZeneca AB,Omnipharma,Sweden,1721462.2425000002,nexium,true
MED#11217,11217,97821/1,NEXIUM,,20mg,28,"Tablet, gastroresistant",AstraZeneca AB,Omnipharma,Sweden,1005194.1900000002,nexium,true
MED#11218,11218,97921/1,NEXIUM,,40mg,28,"Tablet, gastroresistant",AstraZeneca AB,Omnipharma,Sweden,1138234.5975000001,nexium,true
MED#11461,11461,61321/1,NEXIUM,,40mg,10,Injectable powder for solution for injection and infusion,AstraZeneca AB,Omnipharma,Sweden,5254424.175000001,nexium,true
MED#1510,1510,973437/01,NEXIUM,,20mg,28,"Tablet, gastroresistant",AstraZeneca AB,Omnipharma,Sweden,1005194.1900000001,nexium,true
MED#1511,1511,973436/01,NEXIUM,,40mg,28,"Tablet, gastroresistant",AstraZeneca AB,Omnipharma,Sweden,1138234.5975000001,nexium,true
MED#6181,6181,221697/10,NEXIUM,,10mg,28 Sachets,"Granules, gastroresistant, for oral suspension",AstraZeneca AB,Omnipharma,Sweden,1721462.2425,nexium,true
MED#12510,12510,5825/1,NEXIUM IV,,40mg,10,Injectable powder for solution for injection and infusion,AstraZeneca Pharmaceuticals Co. Ltd. WUXI,Omnipharma,China,5254424.175000001,nexium iv,true
MED#12433,12433,157525/1,NEXOREST,,40mg,30,Capsule,UBSA Pharma Industries SARL,Nova Pharm SARL,Lebanon,646324.2500000001,nexorest,true
MED#7840,7840,222479/08,NEXPRAZOL 20,,20mg,10,"Tablet, enteric coated",Manufactured by Benta SAL Trademark owner Abbott HealthCare Products BV,Benta Trading Co s.a.l.,Lebanon,275167.75000000006,nexprazol 20,true
MED#12388,12388,130525/1,NGENLA,,60mg/1.2ml,1pre-filled pen,Solution for injection,Pfizer Manufacturing Belgium NV,Mersaco,Belgium,46927262.025,ngenla,true
MED#12389,12389,130425/1,NGENLA,,24mg/1.2ml,1pre-filled pen,Solution for injection,Pfizer Manufacturing Belgium NV,Mersaco,Belgium,21959796.8268,ngenla,true
MED#12489,12489,141724/1,NICARDIPINE AGUETTANT,,10mg/10ml,10Ampoules 10ml,Solution for injection,Aguettant,Pharmamed,France,2801911.6125000007,nicardipine aguettant,true
MED#10835,10835,149520/1,NICARDIPINE ARROW,,10mg/10ml,boite de 10ampoules,Solution injectable,Haupt Pharma Livron SAS,Darapharma S.A.L.,France,2590928.3400000003,nicardipine arrow,true
MED#11931,11931,110623/1,NICARDIPINE MEDIS,,10mg/10ml,5Ampoules of 10ml,IV solution for injection,Les Laboratoires Medis,Medis Pharm Drugstore,Tunisia,1295464.1700000004,nicardipine medis,true
MED#11388,11388,65921/1,NICORANDIL BIOGARAN,,10mg,30,Comprimes secables,Holsten Pharma GmbH,Commercial and Trading Ressources SAL (CTR),Germany,431373.4425000001,nicorandil biogaran,true
MED#11389,11389,66021/1,NICORANDIL BIOGARAN,,20mg,30,Comprimes,Holsten Pharma GmbH,Commercial and Trading Ressources SAL (CTR),Germany,822431.6100000002,nicorandil biogaran,true
MED#9023,9023,174216/1,NICORANDIL BIOGARAN,,20mg,30,Comprimes,Laboratoires BTT,Commercial and Trading Ressources SAL (CTR),France,822431.6100000002,nicorandil biogaran,true
MED#9024,9024,174116/1,NICORANDIL BIOGARAN,,10mg,30,Comprimes secables,Laboratoires BTT,Commercial and Trading Ressources SAL (CTR),France,431373.4425,nicorandil biogaran,true
MED#12408,12408,7424/1,NICTUR,,360mcg/ml,15ml,Oral solution,Laboratorio Reig Jofre SA,Mediterranean Pharmaceutical Company,Spain,5270550.285,nictur,true
MED#10773,10773,6821/1,NIFE-PAR,,5mg/ml,30ml,Oral solution,Laboratorio Reig Jofre SA,Mediterranean Pharmaceutical Company,Spain,37934959.347474,nife par,true
MED#6681,6681,167745/11,NIFELAT 30 LA,,,30,"Tablet, prolonged release",Remedica Ltd,Droguerie Columbus,Cyprus,1007881.8750000002,nifelat 30 la,true
MED#6682,6682,167744/11,NIFELAT 60 LA,,,30,"Tablet, prolonged release",Remedica Ltd,Droguerie Columbus,Cyprus,1290088.8000000003,nifelat 60 la,true
MED#7167,7167,96655/12,NIFELAT R,,20mg,30,"Tablet, sustained release",Remedica Ltd,Droguerie Columbus,Cyprus,388370.48250000004,nifelat r,true
MED#12289,12289,54022/1,NIFUNAL,,200mg,28,"Capsule, hard gelatin",Amriya Pharmaceutical Industries,C. Catafago & Co,Egypt,217702.48500000004,nifunal,true
MED#12412,12412,78122/1,NIFUNAL,,220mg/5ml,60ml,Oral suspension,Amriya Pharmaceutical Industries,C. Catafago & Co,Egypt,227109.3825,nifunal,true
MED#12341,12341,129024/1,NILORA,,200mg,56,"Capsule, hard",Shilpa Medicare Ltd,Droguerie Mercury S.A.L.,India,94388784.84656247,nilora,true
MED#12629,12629,194525/1,NILOSTAD,,200mg,112,"Capsule, hard",PharOS MT Ltd,Mersaco,Malta,223665198.74999997,nilostad,true
MED#12630,12630,194425/1,NILOSTAD,,150mg,112,"Capsule, hard",PharOS MT Ltd,Mersaco,Malta,167748899.06249997,nilostad,true
MED#11925,11925,127322/1,NIMBEX,,2mg/ml,5Ampoules x 10ml,Injectable,Aspen SA Sterile Operations (pty) Ltd,Abela Frères S.A.L.,South Africa,2010388.3800000004,nimbex,true
MED#12537,12537,5425/1,NIMBEX,,2mg/ml,5Ampoules x 10ml,Injectable,Aspen SA Sterile Operations (pty) Ltd,Abela Frères S.A.L.,South Africa,2010388.3800000004,nimbex,true
MED#9489,9489,22018/1,NIMBEX,,2mg/ml,5Ampoules x 10ml,Injectable,GlaxoSmithKline Manufacturing SpA,Abela Frères S.A.L.,Italy,2010388.3800000001,nimbex,true
MED#11243,11243,43320,NIMENRIX,,,1Vial powder + 1Prefilled syringe solvent +2needles (1dose 0.5ml),Powder and solvent for solution in pre-filled syringe conjugate vaccine,Pfizer Manufacturing Belgium NV,Mersaco,Belgium,4483058.58,nimenrix,true
MED#2688,2688,261012,NIMOTOP,,30mg,Box of 30,Tablet,Bayer AG,Droguerie R. Pharaon & Fils S.A.L.,Germany,573820.7475,nimotop,true
MED#9172,9172,64917/1,NINLARO,,4mg,3 packs of 1 hard capsule,"Capsule, hard",Takeda Ireland Ltd,Century Pharma SAL,Ireland,388991058.15937495,ninlaro,true
MED#9173,9173,64817/1,NINLARO,,3mg,3 packs of 1 hard capsule,"Capsule, hard",Takeda Ireland Ltd,Century Pharma SAL,Ireland,348420676.27500004,ninlaro,true
MED#9174,9174,64717/1,NINLARO,,2.3mg,3 packs of 1 hard capsule,"Capsule, hard",Takeda Ireland Ltd,Century Pharma SAL,Ireland,272619919.1264062,ninlaro,true
MED#12595,12595,27426/1,NINTAVA,,150mg,60,Capsule,"Manufactured Qilu Pharmaceutical Co Ltd, China Packed by Alfa Laboratoires S.A.L.",Levant Pulse SARL,Lebanon,138064937.49999997,nintava,true
MED#12326,12326,19924/1,NIPIDOL,,10mg,20,Tablet,Biofarma Ilac San. ve Tic. AS,BroadMed SAL,Turkey,377619.7425000001,nipidol,true
MED#12327,12327,21224/1,NIPIDOL,,5mg,20,Tablet,Biofarma Ilac San. ve Tic. AS,BroadMed SAL,Turkey,255330.075,nipidol,true
MED#6599,6599,166529/11,NITRODERM TTS 5,,5mg/24h,10,Patch,"Pharmaline Licensed by Novartis Pharma AG, Switzerland",Khalil Fattal & Fils S.A.L.,Lebanon,682450.03827,nitroderm tts 5,true
MED#11494,11494,54023/1,NITROFURANTOIN,,100mg,100,Tablet,Apotex Inc,Promopharm S.A.R.L.,Canada,925907.4825,nitrofurantoin,true
MED#9921,9921,51218/1,NITROGLICERINA BIOINDUSTRIA L.I.M.,,50mg/50ml,1Flacon x 50ml,Concentrate for solution for intravenous infusion,Bioindustria L.I.M. SpA,Mediterranean Pharmaceutical Company,Italy,1057604.0475,nitroglicerina bioindustria l i m,true
MED#8421,8421,92215/1,NITROJECT INJECTION,,5mg/ml,5Vials x 10ml,Injection,Omega Laboratories Ltd,Medi drug International SAL (MDI),Canada,6563326.7700000005,nitroject injection,true
MED#11493,11493,160820/1,NIVESTIM,,30MIU/0.5ml,5Prefilled syringes,Injectable solution for injection/ infusion,Hospira Zagreb D.O.O.,Mersaco,Croatia,17110745.467200004,nivestim,true
MED#12188,12188,18922/1,NIVOL,,5mg,30,Tablet,Mediphar Laboratories,Pharmapro,Lebanon,590010.8500000001,nivol,true
MED#12189,12189,19022/1,NIVOL PLUS,,5mg/12.5mg,30,Tablet,Mediphar Laboratories,Pharmapro,Lebanon,609208.6,nivol plus,true
MED#12229,12229,70523/1,NIZORTAN,,40mg,28,Tablet,Tabuk Pharmaceutical Manufacturing Company,Mersaco,Saudi Arabia,455562.6075000001,nizortan,true
MED#12230,12230,70623/1,NIZORTAN,,80mg,28,Tablet,Tabuk Pharmaceutical Manufacturing Company,Mersaco,Saudi Arabia,598009.9125000002,nizortan,true
MED#10198,10198,5520/1,NOMAL,,500mg,100,Tablet,Pharmadex,Pharmadex,Lebanon,305884.1500000001,nomal,true
MED#1137,1137,208273/96,NOPAIN DS,,500mg,10,"Tablet, film coated",Al-Hikma Pharmaceuticals,Abela Frères S.A.L.,Jordan,235172.43749999997,nopain ds,true
MED#10114,10114,99119/1,NORADRENALINE HIKMA,,4mg/4ml,10Ampoules,Concentrate for solution for infusion,Hikma Italy SpA,Abela Frères S.A.L.,Italy,1279338.0599999998,noradrenaline hikma,true
MED#11513,11513,73421/1,NORADRENALINE NOREPINEPHRINE (tartrate) Aguettant,,2mg/ml sulfite free,4ml x 10amp,concentrate for solution for infusion,Haupt Pharma Livron,Pharmamed,France,1896161.7675000003,noradrenaline norepinephrine tartrate aguettant,true
MED#5213,5213,24352/06,NORADRENALINE NOREPINEPHRINE (tartrate) Aguettant,,2mg/ml sulfite free,4ml x 10amp,concentrate for solution for infusion,Aguettant,Pharmamed,France,1896161.7674999998,noradrenaline norepinephrine tartrate aguettant,true
MED#2871,2871,148228/03,NORADRENALINE RENAUDIN,,(2mg/ml) 8mg/4ml,10Ampoules,Injectable solution (IV) Sans conservateur,Renaudin,Minapharm Halabi,France,2000981.4825000002,noradrenaline renaudin,true
MED#2015,2015,208834/03,NORDITROPIN FLEXPRO,,10mg/1.5ml,1 x 1.5ml,Prefilled pen,Novo Nordisk AS,Mersaco,Denmark,18877698.000000004,norditropin flexpro,true
MED#2014,2014,208835/03,NORDITROPIN NORDIFLEX,,5mg/1.5ml,1 x 1.5ml,Prefilled pen,Novo Nordisk AS,Mersaco,Denmark,7582922.346825002,norditropin nordiflex,true
MED#11829,11829,20224/1,NORFEN 400,,,30,FCT,Normon SA,Droguerie Phenicia,Spain,173355.68250000002,norfen 400,true
MED#8573,8573,63114/1,NORGESIC,,,30,Tablet,"Fine Foods & Pharmaceuticals N.T.M., SpA",Omnipharma,Italy,412559.6475,norgesic,true
MED#6938,6938,96590/12,NORMIGORE,,75mg,28,"Tablet, film coated","Adamed Pharma S.A. Ksawerow, Poland for Arwan Pharmaceutical Industries Lebanon SAL",Raymond Georges Abou Adal & Co,Lebanon,1184117.22,normigore,true
MED#3754,3754,405939/00,NORMIX TAB,,200mg,12,"Tablet, film coated",Alfasigma SpA,Droguerie Phenicia,Italy,827806.98,normix tab,true
MED#8526,8526,119815/1,NORMOCOXIB,,200mg,30,"Capsule, hard",Normon SA,Droguerie Phenicia,Spain,798242.4450000001,normocoxib,true
MED#11817,11817,20024/1,NORMODEX,,25mg,20,FCT,Normon SA,Droguerie Phenicia,Spain,279519.2400000001,normodex,true
MED#11956,11956,20124/1,NORMODEX,,50mg/2ml,6Ampoules of 2ml,Solution for injection / infusion,Normon SA,Droguerie Phenicia,Spain,329241.4125000001,normodex,true
MED#7710,7710,186056/13,NORMOPRIL,,2.5mg,28,Tablet,Normon SA,Droguerie Phenicia,Spain,229797.0675,normopril,true
MED#7711,7711,186057/13,NORMOPRIL,,5mg,28,Tablet,Normon SA,Droguerie Phenicia,Spain,474376.40249999997,normopril,true
MED#7712,7712,186058/13,NORMOPRIL,,10mg,28,Tablet,Normon SA,Droguerie Phenicia,Spain,599353.755,normopril,true
MED#4327,4327,25618,NOROXIN,,400mg,14,"Tablet, film coated",Algorithm S.A.L.,Droguerie de l'Union,Lebanon,574652.6500000001,noroxin,true
MED#10221,10221,86518/1,NOSPAZM,,40mg,30,"Tablet, film coated",Humanis Saglik Anonim Sirketi,BroadMed SAL,Turkey,282206.925,nospazm,true
MED#12142,12142,99023/1,NOSTIFIX,,0.5mg,8,Tablet,Jazeera Pharmaceutical Industries,Droguerie de l'Union,Saudi Arabia,976973.4975,nostifix,true
MED#12143,12143,99123/1,NOSTIFIX,,0.5mg,2,Tablet,Jazeera Pharmaceutical Industries,Droguerie de l'Union,Saudi Arabia,248610.86250000002,nostifix,true
MED#7455,7455,185829/13,NOVADOM,,10mg,30,Tablet,ABC Farmaceutici SpA,Macromed S.A.R.L.,Italy,274143.87,novadom,true
MED#7980,7980,89114/1,NOVOEIGHT,,500IU,1Vial,Injectable powder and solvent for solution,Novo Nordisk AS,Mersaco,Denmark,29783973.391200006,novoeight,true
MED#2016,2016,208836/03,NOVOMIX 30,,100IU/ml,5 x 3ml Prefilled pen,Flexpen,Novo Nordisk AS,Mersaco,Denmark,4264012.252500001,novomix 30,true
MED#8085,8085,145114/1,NOVOMIX 30,,100IU/ml,5 x 3ml Prefilled pen,Flexpen,"Novo Nordisk Production SAS, Chartres",Mersaco,France,4264012.252500001,novomix 30,true
MED#8111,8111,42415/1,NOVOMIX 30,,100IU/ml,5 x 3ml Prefilled pen,Flexpen,Novo Nordisk Produçao Farmacêutica Do Brazil Ltda,Mersaco,Brazil,4264012.252500001,novomix 30,true
MED#2010,2010,973042/01,NOVONORM,,2mg,30,Tablet,Boehringer Ingelheim Pharma GmbH & Co KG,Mersaco,Germany,666545.8800000001,novonorm,true
MED#2036,2036,236884/99,NOVONORM,,0.5mg,30,Tablet,Boehringer Ingelheim Pharma GmbH & Co KG,Mersaco,Germany,475720.245,novonorm,true
MED#2038,2038,236882/99,NOVONORM,,1mg,30,Tablet,Boehringer Ingelheim Pharma GmbH & Co KG,Mersaco,Germany,571133.0625000001,novonorm,true
MED#2017,2017,208837/03,NOVORAPID FLEXPEN,,100U/ml,5 x 3ml Prefilled pen,,Novo Nordisk AS,Mersaco,Denmark,3123089.97,novorapid flexpen,true
MED#8087,8087,145214/1,NOVORAPID FLEXPEN,,100U/ml,5 x 3ml Prefilled pen,,"Novo Nordisk Production SAS, Chartres",Mersaco,France,3123089.97,novorapid flexpen,true
MED#8113,8113,42615/1,NOVORAPID FLEXPEN,,100U/ml,5 x 3ml Prefilled pen,,Novo Nordisk Produçao Farmacêutica Do Brazil Ltda,Mersaco,Brazil,3123089.97,novorapid flexpen,true
MED#5539,5539,218018/09,NOVOSEVEN RT,,2mg/Vial (100KIU),1,Injectable powder (Vial) and solvent for solution (in prefilled syringe),Novo Nordisk AS,Mersaco,Denmark,110192387.9175,novoseven rt,true
MED#5540,5540,218019/09,NOVOSEVEN RT,,1mg/Vial (50KIU),1,Injectable powder (Vial) and solvent for solution (in prefilled syringe),Novo Nordisk AS,Mersaco,Denmark,60203801.93100001,novoseven rt,true
MED#5541,5541,218017/09,NOVOSEVEN RT,,5mg/Vial (250KIU),1,Injectable powder (Vial) and solvent for solution (in prefilled syringe),Novo Nordisk AS,Mersaco,Denmark,275483040.7678125,novoseven rt,true
MED#9817,9817,109318/1,NOXAFIL,,100mg,24,"Tablet, gastroresistant",N.V. Organon,Droguerie de l'Union,The Netherlands,62027713.83900002,noxafil,true
MED#10336,10336,183019/1,NOZAMET,,4mg,10,"Film, orodispersible","Packed by Pharmadex SAL Lebanon under license from APR Applied Pharma Research SA, Switzerland","IPS ""Integrated Pharma Solutions SARL""",Lebanon,3234180.9499999997,nozamet,true
MED#10337,10337,183119/1,NOZAMET,,8mg,10,"Film, orodispersible","Packed by Pharmadex SAL Lebanon under license from APR Applied Pharma Research SA, Switzerland","IPS ""Integrated Pharma Solutions SARL""",Lebanon,6075447.950000001,nozamet,true
MED#10435,10435,115220/1,NOZENTRIX,,8mg,10,"Tablet, film coated","Algorithm S.A.L. (Packager and final batch releaser), Pharmathen SA, Greece (Bulk manufacturer)",Droguerie de l'Union,Lebanon,1151865,nozentrix,true
MED#7521,7521,186525/13,NPLATE,,250mcg,1 Vial,Injectable powder for solution,Amgen Europe BV,Mersaco,The Netherlands,67369331.77800001,nplate,true
MED#8408,8408,126515/1,NU-SEALS,,75mg,56,"Tablet, enteric coated",Chanelle Medical,Droguerie de l'Union,Ireland,403152.75,nu seals,true
MED#10645,10645,126320/1,NUBEQA,,300mg,112,"Tablet, film coated",Orion Corporation Orion Pharma,Droguerie R. Pharaon & Fils S.A.L.,Finland,239808441.5671875,nubeqa,true
MED#2731,2731,26932,NUCLEO C.M.P. FORTE,,,30,Capsule,Ferrer Internacional SA,Spephal S.A.L.,Spain,665202.0375,nucleo c m p forte,true
MED#9322,9322,171417/1,NUCLEOBUVIR,,400mg,28,"Tablet, film coated",EVA Pharma for Pharmaceuticals and Medical Appliances,Sigmamed SARL,Egypt,50670439.548225,nucleobuvir,true
MED#8826,8826,93216/1,NUTRYELT,,,10 ampoules x 10ml,Solution a diluer pour perfusion IV,Aguettant,Droguerie Solupharm SAL,France,3483239.7600000002,nutryelt,true
MED#2936,2936,208819/03,NUVARING,,0.120mg/0.015mg,1Sachet,Vaginal Ring,N.V. Organon,Droguerie de l'Union,The Netherlands,1052228.6775000002,nuvaring,true
MED#8558,8558,9516/1,NUWIQ,,500IU,"1powder vial + 1prefilled syringe, 1butterfly needle, 2alcohol swabs+ 1vial adapter",Powder and solvent for solution for injection for IV use,Octapharma AB,Mediterranean Pharmaceutical Company,Sweden,47418699.184342496,nuwiq,true
MED#9890,9890,41419/1,OCALIVA,,10mg,30,"Tablet, film coated",Almac Pharma Services Limited,Droguerie Mercury S.A.L.,UK,224503943.24531248,ocaliva,true
MED#9891,9891,41319/1,OCALIVA,,5mg,30,"Tablet, film coated",Almac Pharma Services Limited,Droguerie Mercury S.A.L.,UK,224503943.24531248,ocaliva,true
MED#12314,12314,27625/1,OCREVUS,,920mg/23ml,1Vial,solution for injection,Roche Diagnostics GmbH,Omnipharma,Germany,1095034628.6330388,ocrevus,true
MED#9549,9549,35218/1,OCREVUS,,300mg/10ml,1Vial of 10ml,Concentrate for solution for infusion,Roche Diagnostics GmbH,Omnipharma,Germany,547517314.3165194,ocrevus,true
MED#3272,3272,405919,OCTAGAM,,2.5g,50ml,Solution for IV use,Octapharma Pharmazeutika Produktions GesmbH,Mediterranean Pharmaceutical Company,Austria,19540934.456400003,octagam,true
MED#3273,3273,405920,OCTAGAM,,5g,100ml,Solution for IV use,Octapharma Pharmazeutika Produktions GesmbH,Mediterranean Pharmaceutical Company,Austria,37672334.1288,octagam,true
MED#3274,3274,405921,OCTAGAM,,10g,200ml,Solution for IV use,Octapharma Pharmazeutika Produktions GesmbH,Mediterranean Pharmaceutical Company,Austria,74515098.7182525,octagam,true
MED#7318,7318,97806/11,OCTAGAM 10%,,5g,50ml,Injectable solution for infusion,Octapharma Pharmazeutika Produktions GesmbH,Mediterranean Pharmaceutical Company,Austria,37672334.1288,octagam 10,true
MED#3279,3279,208373/02,OCTANATE,,250IU (50IU/ml),1Vial + 5ml solvent,Lyophilised powder,Octapharma Pharmazeutika Produktions GesmbH,Mediterranean Pharmaceutical Company,Austria,13247109.9432,octanate,true
MED#3280,3280,208374/02,OCTANATE,,500IU (50IU/ml),1Vial + 10ml solvent,Lyophilised powder,Octapharma Pharmazeutika Produktions GesmbH,Mediterranean Pharmaceutical Company,Austria,26495478.3996,octanate,true
MED#3281,3281,208375/02,OCTANATE,,1000IU (100IU/ml),1Vial + 10ml solvent,Lyophilised powder,Octapharma Pharmazeutika Produktions GesmbH,Mediterranean Pharmaceutical Company,Austria,46817510.502000004,octanate,true
MED#6539,6539,96419/11,OCTANINE F,,500IU (100IU/ml),1vial+ 1 ampoule of 5ml water for injection,Injectable freeze dried powder + diluent,Octapharma Pharmazeutika Produktions GesmbH,Mediterranean Pharmaceutical Company,Austria,31425074.604000002,octanine f,true
MED#7193,7193,97840/11,OCTAPLEX,,500IU,,,Octapharma Pharmazeutika Produktions GesmbH,Mediterranean Pharmaceutical Company,Austria,49501331.25000001,octaplex,true
MED#9987,9987,41716/1,ODNATRON,,8mg/4ml,5Ampoules,Injectable solution,Kleva Pharmaceuticals S.A.,Soin Bio Pharmaceuticals sarl,Greece,952784.3325,odnatron,true
MED#9988,9988,86716/1,ODNATRON,,4mg/2ml,5Ampoules,Injectable solution,Kleva Pharmaceuticals S.A.,Soin Bio Pharmaceuticals sarl,Greece,880216.8374999999,odnatron,true
MED#9455,9455,140217/1,OESTRACLIN,,0.6mg/g,80g,Gel,Seid SA,New Europharm,Spain,448843.39499999996,oestraclin,true
MED#8225,8225,120714/1,OESTRODOSE,,0.06%,80g,Gel pour application locale,Besins Manufacturing,Droguerie Columbus,Belgium,642356.715,oestrodose,true
MED#8524,8524,161315/1,OFEV,,150mg,60,"Capsule, soft",Boehringer Ingelheim Pharma GmbH & Co KG,Mersaco,Germany,209943960.09890622,ofev,true
MED#8525,8525,161215/1,OFEV,,100mg,60,"Capsule, soft",Boehringer Ingelheim Pharma GmbH & Co KG,Mersaco,Germany,104970426.81890626,ofev,true
MED#3594,3594,974147/01,OFLACIN,,200mg,10,Tablet,RAM Pharmaceutical Industries Co Ltd,Premium Serve Drugstore Co. P.S.D. SAL,Jordan,602041.4400000001,oflacin,true
MED#4450,4450,405486/00,OFLOMED,,200mg,10,"Tablet, film-scored",Mediphar Laboratories,Pharmapro,Lebanon,601529.5000000001,oflomed,true
MED#4451,4451,208842/03,OFLOMED,,3mg/ml,5ml,Drops solution,Mediphar Laboratories,Pharmapro,Lebanon,317402.80000000005,oflomed,true
MED#11436,11436,138022/1,OFLOX,,0.3%,5ml,Ophtalmic solution,Allergan Pharmaceuticals Ireland,Mersaco,Ireland,366869.0025000001,oflox,true
MED#3382,3382,974208/01,OFLOX,,0.3%,5ml,Ophtalmic solution,Allergan Pharmaceuticals Ireland,Mersaco,Ireland,366869.00249999994,oflox,true
MED#11519,11519,114723/1,OGIVRI,,440mg,1Vial,Lyophilised powder for IV infusion,Biocon Biologics Limited,Droguerie de l'Union,India,80027615.21015625,ogivri,true
MED#5548,5548,222492/08,OLANZAMED,,20mg,30,Tablet,Mediphar Laboratories,Pharmapro,Lebanon,3941938.0000000005,olanzamed,true
MED#5549,5549,222491/08,OLANZAMED,,10mg,30,Tablet,Mediphar Laboratories,Pharmapro,Lebanon,902294.2500000001,olanzamed,true
MED#7680,7680,185939/13,OLANZAMED,,5mg,30,Tablet,Mediphar Laboratories,Pharmapro,Lebanon,665522.0000000001,olanzamed,true
MED#12391,12391,165216/1,OLANZAPINE ARROW,,5mg,28,"Tablet, orodispersible",APL Swift Services (Malta) Limited,Darapharma S.A.L.,Malta,1385501.6175000004,olanzapine arrow,true
MED#12392,12392,9625/1,OLANZAPINE ARROW,,10mg,28,"Tablet, orodispersible",APL Swift Services (Malta) Limited,Darapharma S.A.L.,Malta,1385501.6175000004,olanzapine arrow,true
MED#8830,8830,165216/1,OLANZAPINE ARROW,,5mg,28,Tablet,APL Swift Services (Malta) Limited,Darapharma S.A.L.,Malta,670577.4075000001,olanzapine arrow,true
MED#8831,8831,165316/1,OLANZAPINE ARROW,,10mg,28,Tablet,APL Swift Services (Malta) Limited,Darapharma S.A.L.,Malta,822431.6100000002,olanzapine arrow,true
MED#9541,9541,45818/1,OLANZAPINE ARROW,,7.5mg,28,Tablet,APL Swift Services (Malta) Limited,Darapharma S.A.L.,Malta,822431.6100000002,olanzapine arrow,true
MED#7363,7363,221894/08,OLANZAX 10,,10mg,30,"Tablet, mouth dissolving",Benta SAL,Benta Trading Co s.a.l.,Lebanon,2329326.9999999995,olanzax 10,true
MED#7362,7362,221893/08,OLANZAX 5,,5mg,30,"Tablet, mouth dissolving",Benta SAL,Benta Trading Co s.a.l.,Lebanon,1316965.6500000001,olanzax 5,true
MED#9638,9638,43017/1,OLFEN,,1%,50g,Gel,Sofarimex SA,Mectapharm S.A.L.,Portugal,247267.02000000005,olfen,true
MED#7594,7594,186152/13,OLFEN 75MG,,,5,Ampoule,Haupt Pharma Wulfing GmbH,Mectapharm S.A.L.,Germany,307739.9325,olfen 75mg,true
MED#7595,7595,186153/13,OLFEN-100 SR,,,20,"Capsule, prolonged release",Acino Pharma AG,Mectapharm S.A.L.,Switzerland,356118.26249999995,olfen 100 sr,true
MED#7664,7664,185966/13,OLFEN-50,,,20,"Tablet, gastroresistant",Acino Pharma AG,Mectapharm S.A.L.,Switzerland,223077.855,olfen 50,true
MED#7665,7665,186792/14,OLFEN-75 SR,,,30,"Tablet, prolonged release",Acino Pharma AG,Mectapharm S.A.L.,Switzerland,326553.72750000004,olfen 75 sr,true
MED#7129,7129,186469/12,OLIMEL N7E,,,1000ml en 3compartiments (200ml +400ml +400ml),Emulsion pour perfusion,Baxter SA,Abela Frères S.A.L.,Belgium,3534305.7750000004,olimel n7e,true
MED#7130,7130,186470/12,OLIMEL N7E,,,2000ml en 3compartiments (400ml +800ml +800ml),Emulsion pour perfusion,Baxter SA,Abela Frères S.A.L.,Belgium,4711511.805000001,olimel n7e,true
MED#7126,7126,186468/12,OLIMEL N9,,,1000ml en 3compartiments (200ml +400ml +400ml),Emulsion pour perfusion,Baxter SA,Abela Frères S.A.L.,Belgium,5630028.1537500005,olimel n9,true
MED#7125,7125,186467/12,OLIMEL N9E,,,2000ml en 3compartiments (400ml +800ml +800ml),Emulsion pour perfusion,Baxter SA,Abela Frères S.A.L.,Belgium,4711511.805000001,olimel n9e,true
MED#7127,7127,186466/12,OLIMEL N9E,,,1000ml en 3compartiments (200ml +400ml +400ml),Emulsion pour perfusion,Baxter SA,Abela Frères S.A.L.,Belgium,3550431.8850000002,olimel n9e,true
MED#11246,11246,3321/1,OLMENOR,,10mg,28,"Tablet, film coated",Normon SA,Droguerie Phenicia,Spain,526786.2599999999,olmenor,true
MED#11247,11247,3221/1,OLMENOR,,20mg,28,"Tablet, film coated",Normon SA,Droguerie Phenicia,Spain,667889.7225,olmenor,true
MED#11248,11248,3121/1,OLMENOR,,40mg,28,"Tablet, film coated",Normon SA,Droguerie Phenicia,Spain,721643.4225000002,olmenor,true
MED#11249,11249,17321/1,OLMENOR COMBI,,20mg/5mg,28,"Tablet, film coated",Normon SA,Droguerie Phenicia,Spain,679984.305,olmenor combi,true
MED#11250,11250,17421/1,OLMENOR COMBI,,40mg/5mg,28,"Tablet, film coated",Normon SA,Droguerie Phenicia,Spain,772709.4375000002,olmenor combi,true
MED#11514,11514,159620/1,OLMENOR PLUS,,20mg/12.5mg,28,"Tablet, film coated",Normon SA,Droguerie Phenicia,Spain,628918.29,olmenor plus,true
MED#11515,11515,159720/1,OLMENOR PLUS,,20mg/25mg,28,"Tablet, film coated",Normon SA,Droguerie Phenicia,Spain,628918.29,olmenor plus,true
MED#11516,11516,159920/1,OLMENOR PLUS,,40mg/25mg,28,"Tablet, film coated",Normon SA,Droguerie Phenicia,Spain,653107.4550000002,olmenor plus,true
MED#11517,11517,159820/1,OLMENOR PLUS,,40mg/12.5mg,28,"Tablet, film coated",Normon SA,Droguerie Phenicia,Spain,653107.4550000002,olmenor plus,true
MED#11390,11390,154921/1,OLMENOR TRIPLE,,40mg/10mg/25mg,28,"Tablet, film coated",Normon SA,Droguerie Phenicia,Spain,1067010.9450000003,olmenor triple,true
MED#11391,11391,154721/1,OLMENOR TRIPLE,,40mg/10mg/12.5mg,28,"Tablet, film coated",Normon SA,Droguerie Phenicia,Spain,1067010.9450000003,olmenor triple,true
MED#11392,11392,154621/1,OLMENOR TRIPLE,,40mg/5mg/12.5mg,28,"Tablet, film coated",Normon SA,Droguerie Phenicia,Spain,1067010.9450000003,olmenor triple,true
MED#11393,11393,154821/1,OLMENOR TRIPLE,,40mg/5mg/25mg,28,"Tablet, film coated",Normon SA,Droguerie Phenicia,Spain,1067010.9450000003,olmenor triple,true
MED#11394,11394,154521/1,OLMENOR TRIPLE,,20mg/5mg/12.5mg,28,"Tablet, film coated",Normon SA,Droguerie Phenicia,Spain,1037446.4100000001,olmenor triple,true
MED#9794,9794,108718/1,OLMETEC,,40mg,28,"Tablet, film coated",Daiichi Sankyo Europe GmbH,Pharmamedic S.A.R.L.,Germany,920532.1125,olmetec,true
MED#9795,9795,108618/1,OLMETEC,,20mg,28,"Tablet, film coated",Daiichi Sankyo Europe GmbH,Pharmamedic S.A.R.L.,Germany,888279.8925000002,olmetec,true
MED#9796,9796,108518/1,OLMETEC,,10mg,28,"Tablet, film coated",Daiichi Sankyo Europe GmbH,Pharmamedic S.A.R.L.,Germany,710892.6825000001,olmetec,true
MED#9964,9964,141018/1,OLMETEC PLUS,,40mg/25mg,28,"Tablet, film coated",Daiichi Sankyo Europe GmbH,Pharmamedic S.A.R.L.,Germany,981005.0250000001,olmetec plus,true
MED#9965,9965,140918/1,OLMETEC PLUS,,40mg/12.5mg,28,"Tablet, film coated",Daiichi Sankyo Europe GmbH,Pharmamedic S.A.R.L.,Germany,981005.0250000001,olmetec plus,true
MED#9966,9966,140718/1,OLMETEC PLUS,,20mg/12.5mg,28,"Tablet, film coated",Daiichi Sankyo Europe GmbH,Pharmamedic S.A.R.L.,Germany,946065.1200000002,olmetec plus,true
MED#9967,9967,140818/1,OLMETEC PLUS,,20mg/25mg,28,"Tablet, film coated",Daiichi Sankyo Europe GmbH,Pharmamedic S.A.R.L.,Germany,946065.1200000002,olmetec plus,true
MED#12196,12196,145123/1,OLOHISTINE,,,5ml,Ophthalmic solution,Egyptian International Pharmaceutical Industries Co (Eipico),C. Catafago & Co,Egypt,344023.68000000005,olohistine,true
MED#9677,9677,42616/1,OLOPAT,,0.1%,5ml,Ophthalmic solution,Jamjoum Pharmaceuticals,Droguerie Mercury S.A.L.,Saudi Arabia,344023.68,olopat,true
MED#11657,11657,54322/1,OLOPAT UD,,0.1%,0.4ml,Ophthalmic solution,Jamjoum Pharmaceutical Co,Droguerie Mercury S.A.L.,Saudi Arabia,1523917.3950000005,olopat ud,true
MED#9407,9407,111617/1,OLUMIANT,,2mg,28,"Tablet, film coated",Lilly Del Caribe Inc,Droguerie de l'Union,USA,68053864.473,olumiant,true
MED#9408,9408,111717/1,OLUMIANT,,4mg,28,"Tablet, film coated",Lilly Del Caribe Inc,Droguerie de l'Union,USA,68053864.473,olumiant,true
MED#10147,10147,22819/1,OMEPRAL,,10mg,30sachets,Powder for oral suspension,Mediphar Laboratories,Pharmapro,Lebanon,890775.6000000001,omepral,true
MED#4452,4452,208329/97,OMEPRAL,,20mg,14,"Capsule, delayed release",Mediphar Laboratories,Pharmapro,Lebanon,213734.95,omepral,true
MED#6025,6025,218600/10,OMEPRAL,,40mg,14,"Capsule, delayed release",Mediphar Laboratories,Pharmapro,Lebanon,499141.5,omepral,true
MED#6026,6026,219520/09,OMEPRAL,,,12 sachets,Powder for oral suspension,Mediphar Laboratories,Pharmapro,Lebanon,712876.4500000001,omepral,true
MED#8858,8858,119116/1,OMEPRAZOLE ARROW,,40mg,1 flacon,Poudre pour solution pour perfusion,Sofarimex Ind Quimica E Farmaceutica LDA,Darapharma S.A.L.,Portugal,454218.765,omeprazole arrow,true
MED#11109,11109,121222/1,OMEPRAZOLE PHARMADEX,,20mg,1000,Capsule,Pharmadex,Pharmadex,Lebanon,15757783.848000001,omeprazole pharmadex,true
MED#8671,8671,185908/13,OMEPRAZOLE PHARMADEX,,20mg,30,Capsule,Pharmadex,Pharmadex,Lebanon,415951.25,omeprazole pharmadex,true
MED#8425,8425,124214/1,OMEPRAZOLE VIANEX,,40mg/Vial,1Vial + 1Ampoule solvent for IV use,Powder and solvent for solution for injection,Vianex SA- Plant A,Droguerie Solupharm SAL,Greece,467657.19,omeprazole vianex,true
MED#11328,11328,14123/1,OMEPRAZOLE-ORBUCELL,,40mg,10Vials,Lyophilized powder for infusion,Packed by Pharmadex Lebanon under license from Orbucell pharma Canada,Pharmadex,Lebanon,3839550,omeprazole orbucell,true
MED#12521,12521,57423/1,OMEPREFUL,,40mg,1Lyophilized Vial + 1Solvent Ampoule,Powder and solvent for solution for IV injection,Aroma Ilac San. Ltd. Sti,New Europharm,Turkey,467657.19,omepreful,true
MED#7012,7012,222497/08,OMEZOL BENTA,,20mg,30,Capsule,Benta SAL,Benta Trading Co s.a.l.,Lebanon,550335.5000000001,omezol benta,true
MED#9342,9342,147517/1,OMEZOL BENTA,,20mg,10,Capsule,Benta SAL,Benta Trading Co s.a.l.,Lebanon,317402.80000000005,omezol benta,true
MED#5468,5468,24709/07,OMNIC OCAS,,0.4mg,30,"Tablet, film coated, prolonged release",Astellas Pharma Europe BV,Mersaco,The Netherlands,866778.4125,omnic ocas,true
MED#11307,11307,18623/1,OMNICEF,,250mg/5ml,60ml,Powder for oral suspension,Jazeera Pharmaceutical Industries,Droguerie de l'Union,Saudi Arabia,3670033.8675,omnicef,true
MED#3560,3560,148399/04,OMNICEF,,125mg/5ml,40ml,Suspension,Hikma Pharmaceuticals under license of Astellas Pharma Inc Japan,Droguerie de l'Union,Jordan,1189300.6125,omnicef,true
MED#3561,3561,195098/04,OMNICEF,,125mg/5ml,80ml,Suspension,Hikma Pharmaceuticals under license of Astellas Pharma Inc Japan,Droguerie de l'Union,Jordan,2025170.6475000002,omnicef,true
MED#8839,8839,87216/1,OMNICEF,,300mg,10,Capsule,Jazeera Pharmaceutical Industries under licence of Astellas Pharma Inc Japan,Droguerie de l'Union,Saudi Arabia,2238841.605,omnicef,true
MED#8840,8840,87016/1,OMNICEF,,125mg/5ml,80ml,Suspension,Jazeera Pharmaceutical Industries under licence of Astellas Pharma Inc Japan,Droguerie de l'Union,Saudi Arabia,2025170.6475000002,omnicef,true
MED#8841,8841,87116/1,OMNICEF,,125mg/5ml,40ml,Suspension,Jazeera Pharmaceutical Industries,Droguerie de l'Union,Saudi Arabia,1189300.6125,omnicef,true
MED#3851,3851,194003/05,OMNICEF 300,,,10,Capsule,Hikma Pharmaceuticals under license of Astellas Pharma Inc Japan,Droguerie de l'Union,Jordan,2238841.605,omnicef 300,true
MED#5185,5185,222232/07,OMNITROPE,,5mg/1.5ml,5 Cartridges,Injectable solution,Novartis Pharmaceutical Manufacturing GmbH,Khalil Fattal & Fils S.A.L.,Austria,21338696.6508492,omnitrope,true
MED#7032,7032,096732/12,OMNITROPE,,10mg/1.5ml,5 Cartridges,Injectable solution,Novartis Pharmaceutical Manufacturing GmbH,Khalil Fattal & Fils S.A.L.,Austria,36832749.7225275,omnitrope,true
MED#5891,5891,218677/10,ONBREZ BREEZHALER,,150mcg,30,Capsule hard inhalation powder,Siegfried Barbera SL,Khalil Fattal & Fils S.A.L.,Spain,2284532.2500000005,onbrez breezhaler,true
MED#10583,10583,182220/1,ONCASPAR,,750U/ml (3750U),1Vial,Powder for solution for injection/infusion,Les Laboratoires Servier Industrie,Khalil Fattal & Fils S.A.L.,France,172758585.3196875,oncaspar,true
MED#12369,12369,161820,ONDAKEY,,8mg,100,"Tablet, film coated",Neuraxpharm Pharmaceuticals SL,Mediterranean Pharmaceutical Company,Spain,4489777.7925,ondakey,true
MED#9013,9013,8417/1,ONDANSETRON ARROW,,8mg,4,Comprimes orodispersible,Laboratoires Lesvi,Minapharm Halabi,Spain,1280681.9024999999,ondansetron arrow,true
MED#9090,9090,18117/1,ONDANSETRON BIOGARAN,,8mg,4,Comprimes pellicules,Neuraxpharm Pharmaceuticals SL,Commercial and Trading Ressources SAL (CTR),Spain,1307558.7525000002,ondansetron biogaran,true
MED#8958,8958,46015/1,ONDANSETRON HIKMA,,8mg,5Ampoules,Injection,Hikma Farmaceutica,Abela Frères S.A.L.,Portugal,4018089.0750000007,ondansetron hikma,true
MED#8959,8959,45915/1,ONDANSETRON HIKMA,,4mg,5Ampoules,Injection,Hikma Farmaceutica,Abela Frères S.A.L.,Portugal,2228090.8649999998,ondansetron hikma,true
MED#11930,11930,18023/1,ONDANSETRON MEDIS,,8mg,10,"Tablet, film coated",Les Laboratoires Medis,Medis Pharm Drugstore,Tunisia,748520.2725000002,ondansetron medis,true
MED#8100,8100,185980/13,ONDANSETRON MEDIS,,8mg,5Ampoules x 4ml,Injectable solution IV,Les Laboratoires Medis SA,Medis Pharm Drugstore,Tunisia,1919007.09,ondansetron medis,true
MED#8962,8962,103716/1,ONDANSETRON MEDIS,,4mg,5Ampoules x 2ml,Injectable solution IV,Les Laboratoires Medis SA,Medis Pharm Drugstore,Tunisia,978317.3400000001,ondansetron medis,true
MED#5312,5312,221195/08,ONDANSETRON RENAUDIN,,2mg/ml,10 amp x 4ml,solution for inj IV,Renaudin,Minapharm Halabi,France,2433698.7675,ondansetron renaudin,true
MED#5644,5644,218782/09,ONDANSETRON RENAUDIN,,2mg/ml,10 amp x 2ml,solution for inj IV,Renaudin,Minapharm Halabi,France,1791342.0525000002,ondansetron renaudin,true
MED#7850,7850,186532/13,ONDANSETRON VIANEX,,4mg/2ml,1Ampoule,Solution for injection,Vianex SA- Plant A,Droguerie Solupharm SAL,Greece,197544.84749999997,ondansetron vianex,true
MED#7851,7851,186533/13,ONDANSETRON VIANEX,,8mg/4ml,1Ampoule,Solution for injection,Vianex SA- Plant A,Droguerie Solupharm SAL,Greece,387026.64,ondansetron vianex,true
MED#11783,11783,77421/1,ONDEMED,,,90ml,Oral solution,Chaoul Pharmaceuticals (Cha-Pha) SAL,Medis Pharm Drugstore,Lebanon,858779.35,ondemed,true
MED#11208,11208,59322/1,ONE-ALPHA,,2mcg/ml,10 x 1ml,Injection Ampoule,Cenexi,UPO S.A.L.,France,4219665.450000001,one alpha,true
MED#11209,11209,24643/79,ONE-ALPHA,,1mcg,100,Capsule,Leo Pharma A/S,UPO S.A.L.,Denmark,3735882.1500000004,one alpha,true
MED#11210,11210,61122/1,ONE-ALPHA,,0.25mcg,100,Capsule,Leo Pharma A/S,UPO S.A.L.,Denmark,1138234.5975000001,one alpha,true
MED#11211,11211,59422/1,ONE-ALPHA,,2mcg/ml,10 x 0.5ml,Injection Ampoule,Cenexi,UPO S.A.L.,France,2218683.9675000007,one alpha,true
MED#11212,11212,59522/1,ONE-ALPHA,,2mcg/ml,20ml,Gouttes,Leo Pharma A/S,UPO S.A.L.,Denmark,1343842.5,one alpha,true
MED#11582,11582,59722/1,ONE-ALPHA,,0.5mcg,30,Capsule,Leo Pharma A/S,UPO S.A.L.,Denmark,942033.5925,one alpha,true
MED#6260,6260,167954/11,ONE-ALPHA,,0.5mcg,30,Capsule,Leo Pharma A/S,UPO S.A.L.,Denmark,943377.435,one alpha,true
MED#6883,6883,97506/11,ONLEFIT,,120mg,40,Capsule,Hikma Pharmaceuticals,Abela Frères S.A.L.,Jordan,1537355.8199999998,onlefit,true
MED#11300,11300,130022/1,ONZETRAN OD,,8mg,10,"Tablet, orodispersible",Pharmaline SAL,Pharmaline S.A.L.,Lebanon,1023880.0000000001,onzetran od,true
MED#11680,11680,6123/1,ONZO,,4mg/5ml,50ml,Solution,Kleva Pharmaceuticals S.A.,Bellapharma S.A.R.L.,Greece,1283369.5875000004,onzo,true
MED#8331,8331,120715/1,OPDIVO,,100mg/10ml,1Vial,Injection,Bristol-Myers Squibb Holdings Pharma Ltd Liability Company Manati,Pacific pharma,USA,117224380.34671871,opdivo,true
MED#8332,8332,120615/1,OPDIVO,,40mg/4ml,1Vial,Injection,Bristol-Myers Squibb Holdings Pharma Ltd Liability Company Manati,Pacific pharma,USA,51234726.438,opdivo,true
MED#12368,12368,58125/1,OPDUALAG,,240mg and 80mg/20ml (12mg and 4mg/ml),1Vial,Injection,"Catalent Indiana, LLC",Pacific pharma,USA,451969379.3999999,opdualag,true
MED#8898,8898,140616/1,OPSUMIT,,10mg,30,"Tablet, film coated",Excella GmbH & Co KG,Mersaco,Germany,153123395.4741914,opsumit,true
MED#3525,3525,195478/04,OPTIDEX T,,,5ml,Sterile Ophtalmic suspension,Jamjoum Pharmaceuticals,Droguerie Mercury S.A.L.,Saudi Arabia,266080.815,optidex t,true
MED#3963,3963,194932/05,OPTIFLOX,,,5ml,Sterile Ophtalmic solution,Jamjoum Pharmaceuticals,Droguerie Mercury S.A.L.,Saudi Arabia,143791.1475,optiflox,true
MED#10220,10220,110816/1,OPTIFUCIN VISCOUS,,,5g,Eye drops,Amman Pharmaceutical Industries,Germanos Health Care Supplies SARL,Jordan,208295.5875,optifucin viscous,true
MED#11945,11945,120522/1,OPTILONE,,0.1%,5ml,Ophtalmic Solution,Jamjoom Pharmaceuticals Co,Droguerie Mercury S.A.L.,Saudi Arabia,309083.775,optilone,true
MED#10008,10008,65619/1,ORABLOC,,1/100000,5x10 cartriges of 1.8ml,Solution for injection,Pierrel SpA,AMG Medical SAL,Italy,2308721.415,orabloc,true
MED#6237,6237,167090/10,ORADUS,,5mg,30,"Tablet, film coated",Pharmaline SAL,Pharmaline S.A.L.,Lebanon,383955.00000000006,oradus,true
MED#8329,8329,166511/11,ORADUS,,0.5mg/ml,150ml,Oral solution,Pharmaline SAL,Pharmaline S.A.L.,Lebanon,199656.60000000003,oradus,true
MED#7922,7922,186536/13,ORADUS BETA,,,10,"Tablet, film coated",Pharmaline SAL,Pharmaline S.A.L.,Lebanon,497861.65000000014,oradus beta,true
MED#9196,9196,45817/1,ORADUS BETA,,,60ml,Oral solution,Pharmaline SAL,Pharmaline S.A.L.,Lebanon,639925,oradus beta,true
MED#10252,10252,76420/1,ORADUS P,,,10,"Tablet, extended release",Pharmaline SAL,Pharmaline S.A.L.,Lebanon,255970.00000000003,oradus p,true
MED#9419,9419,142114/1,ORADUS P,,,30,"Tablet, extended release",Pharmaline SAL,Pharmaline S.A.L.,Lebanon,746152.55,oradus p,true
MED#5381,5381,24745/07,ORAMAX,,150mg,1,"Capsule, hard gelatin",Julphar,Pharmanet Drugstore S.A.R.L.,United Arab Emirates,170667.9975,oramax,true
MED#8783,8783,107716/1,ORAP FORTE,,4mg,20,Tablet,Lusomedicamenta Sociedade Tecnica Farmaceutica SA,Droguerie Mercury S.A.L.,Portugal,329241.4125000001,orap forte,true
MED#10659,10659,103120/1,ORAVIL,,"100,000IU",1bottle x2ml,Oral solution,Laboratorio Elea Phoenix SA,Droguerie Phenicia,Argentine,584571.4875,oravil,true
MED#5171,5171,23620/06,ORBACE,,25mg,30,Tablet,Pharmadex licensed by Orbucell pharma Canada,Medi drug International SAL (MDI),Lebanon,522178.80000000005,orbace,true
MED#5173,5173,23621/06,ORBACE,,50mg,30,Tablet,Pharmadex licensed by Orbucell pharma Canada,Medi drug International SAL (MDI),Lebanon,949648.7000000002,orbace,true
MED#12232,12232,120324/1,ORBACTIV,,400mg,3Vials,Powder for concentrate for solution for infusion,"Patheon Italia SpA, Italy under licensed from Melinta Therapeutics, Inc, Illinois, USA",Droguerie R. Pharaon & Fils S.A.L.,Italy,157078205.20546874,orbactiv,true
MED#5267,5267,24941/07,ORBALIP,,20mg,30,Tablet,Pharmadex licensed by Orbucell pharma Canada,Medi drug International SAL (MDI),Lebanon,1091712.0500000003,orbalip,true
MED#5268,5268,24942/07,ORBALIP,,10mg,30,Tablet,Pharmadex licensed by Orbucell pharma Canada,Medi drug International SAL (MDI),Lebanon,966286.75,orbalip,true
MED#5269,5269,24943/07,ORBALIP,,40mg,30,Tablet,Pharmadex licensed by Orbucell pharma Canada,Medi drug International SAL (MDI),Lebanon,1405275.3,orbalip,true
MED#5122,5122,24524/07,ORBIDE,,2mg,30,Tablet,Pharmadex licensed by Orbucell pharma Canada,Medi drug International SAL (MDI),Lebanon,209895.40000000002,orbide,true
MED#5123,5123,24523/07,ORBIDE,,1mg,30,Tablet,Pharmadex licensed by Orbucell pharma Canada,Medi drug International SAL (MDI),Lebanon,207335.7,orbide,true
MED#5124,5124,24522/07,ORBIDE,,3mg,30,Tablet,Pharmadex licensed by Orbucell pharma Canada,Medi drug International SAL (MDI),Lebanon,351958.75000000006,orbide,true
MED#5125,5125,24521/07,ORBIDE,,4mg,30,Tablet,Pharmadex licensed by Orbucell pharma Canada,Medi drug International SAL (MDI),Lebanon,357078.15,orbide,true
MED#5126,5126,194481/05,ORBIZIDE M FORTE,,,30,Tablet,Pharmadex licensed by Orbucell pharma Canada,Medi drug International SAL (MDI),Lebanon,771749.5500000002,orbizide m forte,true
MED#5253,5253,23612/06,OREK,,70mg,8,"Tablet, once weekly",Pharmadex licensed by Orbucell pharma Canada,Medi drug International SAL (MDI),Lebanon,2404838.1500000004,orek,true
MED#11039,11039,37122/1,ORGALUTRAN,,0.25mg/0.5ml,1prefilled syringe x0.5ml,Injectable solution,Vetter Pharma- Fertigung GmbH & Co KG,Droguerie de l'Union,Germany,2383976.595,orgalutran,true
MED#12193,12193,66725/1,ORLISTAT,,120mg,30,"Capsule, hard gelatin",Sigma Pharmaceutical Industries,Riad Pharmacy,Egypt,847964.6175,orlistat,true
MED#7113,7113,97859/11,ORLISTAT-SIGMA,,120mg,30,Capsule,Sigma Pharmaceutical Industries,Riad Pharmacy,Egypt,847964.6175,orlistat sigma,true
MED#8399,8399,186504/13,ORLOBIN,,500mg/2ml,1Vial,Injectable solution,Help SA,Pharmamed,Greece,329241.41250000003,orlobin,true
MED#9241,9241,100117/1,ORLY SLIM,,120mg,30,Capsule,EVA Pharma for Pharmaceuticals and Medical Appliances,C. Catafago & Co,Egypt,1174518.345,orly slim,true
MED#10174,10174,75215/1,ORVASTA,,40mg,30,"Tablet, film coated",Haupt Pharma Latina SRL,Qualipharm,Italy,1170486.8175000001,orvasta,true
MED#10175,10175,75315/1,ORVASTA,,20mg,30,"Tablet, film coated",Haupt Pharma Latina SRL,Qualipharm,Italy,920532.1124999999,orvasta,true
MED#11701,11701,40021/1,ORVASTA,,10mg,30,"Tablet, film coated",Haupt Pharma Latina SRL,Qualipharm,Italy,834526.1925000002,orvasta,true
MED#9555,9555,145717/1,OSMITOL,,20g/100ml,500ml Viaflex bag,Injectable solution,Alfa Laboratoires S.A.L.,Alfa Laboratoires S.A.L.,Lebanon,579064.1407999999,osmitol,true
MED#2924,2924,974481/00,OSPAMOX,,250mg/5ml,100ml,Powder for oral suspension,Sandoz GmbH,Khalil Fattal & Fils S.A.L.,Austria,223077.855,ospamox,true
MED#9146,9146,161316/1,OSPAMOX,,750mg,16,"Tablet, film coated","Pharmaline Licensed by Sandoz GmbH, KUNDL, Austria",Khalil Fattal & Fils S.A.L.,Lebanon,499372.29542200005,ospamox,true
MED#9147,9147,161416/1,OSPAMOX,,1000mg,16,"Tablet, film coated","Pharmaline Licensed by Sandoz GmbH, KUNDL, Austria",Khalil Fattal & Fils S.A.L.,Lebanon,683272.8712810001,ospamox,true
MED#12070,12070,153420/1,OSTEODYN VITAMINE D3,,2.5mg/2ml (100000IU/2ml),1glass vial,Oral solution,Quimica Montpellier SA (Quimica Montpellier SA is a Bago Group Company),New Europharm,Argentine,618167.55,osteodyn vitamine d3,true
MED#10866,10866,119017/1,OSTEOFORTIL,,250mcg/ml,30 Prefilled syringes,Solution for injection (SC),BioSidus SAU,Droguerie Phenicia,Argentine,16963499.422799997,osteofortil,true
MED#4453,4453,973308/01,OSTEOMED,,70mg,4,"Tablet, scored",Mediphar Laboratories,Pharmapro,Lebanon,950928.55,osteomed,true
MED#5791,5791,219727/09,OSTERAL,,35mg,4,Tablet,Pharmaline SAL,Pharmaline S.A.L.,Lebanon,511940.00000000006,osteral,true
MED#4658,4658,405534/00,OSTRONG,,,60,Tablet,Pharmaline SAL,Pharmaline S.A.L.,Lebanon,435149,ostrong,true
MED#10540,10540,99320/1,OTEZLA,,30mg,56,"Tablet, film coated",Patheon Inc,Mersaco,Canada,49829454.36,otezla,true
MED#10541,10541,46520/1,OTEZLA,,4x10mg- 4x20mg- 19x30mg,,"Tablet, film coated",Patheon Inc,Mersaco,Canada,34751324.99160001,otezla,true
MED#168,168,18000,OTIPAX,,,16g,Gouttes,Biocodex,Pharmamedic S.A.R.L.,France,233828.595,otipax,true
MED#6754,6754,218697/10,OTOCOL,,,10ml,Ear drops,Amman Pharmaceutical Industries Co,Germanos Health Care Supplies SARL,Jordan,163948.785,otocol,true
MED#7947,7947,97001/12,OTOREZA,,,28,"Tablet, film coated",Marcyrl Pharmaceuticals Industries (MPI),Premium Serve Drugstore Co. P.S.D. SAL,Egypt,908437.53,otoreza,true
MED#11322,11322,24523/1,OTOREZA 10/10,,,14,"Tablet, film coated",Marcyrl Pharmaceuticals Industries (MPI),Premium Serve Drugstore Co. P.S.D. SAL,Egypt,454218.765,otoreza 10 10,true
MED#11748,11748,47124/1,OTOREZA 10MG/20MG,,,21,"Tablet, film coated",Marcyrl Pharmaceuticals Industries (MPI),Premium Serve Drugstore Co. P.S.D. SAL,Egypt,561726.1650000002,otoreza 10mg 20mg,true
MED#11747,11747,47224/1,OTOREZA 10MG/40MG,,,28,"Tablet, film coated",Marcyrl Pharmaceuticals Industries (MPI),Premium Serve Drugstore Co. P.S.D. SAL,Egypt,1144953.81,otoreza 10mg 40mg,true
MED#10893,10893,68121/1,OTRIALLERGY,,50mcg,120 metered spray,Aqueous nasal spray suspension,GlaxoWellcome SA,Sadco,Spain,675952.7775000001,otriallergy,true
MED#10067,10067,86919/1,OTRIVIN,,0.1%,10ml,Nasal Drops,Haleon CH SARL,Sadco,Switzerland,241891.65000000002,otrivin,true
MED#10068,10068,71819/1,OTRIVIN,,0.05%,10ml,Metered dose nasal spray,Haleon CH SARL,Sadco,Switzerland,376275.9,otrivin,true
MED#10069,10069,71919/1,OTRIVIN,,0.1%,10ml,Metered dose nasal spray,Haleon CH SARL,Sadco,Switzerland,260705.445,otrivin,true
MED#10651,10651,180520/1,OTRIVIN,,0.05%,10ml,Nasal drops,Haleon CH SARL,Sadco,Switzerland,181418.73750000002,otrivin,true
MED#10894,10894,8122/1,OTRIVIN DUAL RELIEF,,,10ml,Nasal Spray Solution,Haleon CH SARL,Sadco,Switzerland,563070.0075000002,otrivin dual relief,true
MED#10123,10123,101119/1,OTRIVIN MENTHOL 0.1%,,0.1%,10ml,Metered dose nasal spray,Haleon CH SARL,Sadco,Switzerland,387026.64,otrivin menthol 0 1,true
MED#10975,10975,116021/1,OVITRELLE,,250mcg/0.5ml,1 prefilled syringe,solution for inj,Merck Serono SpA,Food & Drug Corporation FDC,Italy,4145754.1125000007,ovitrelle,true
MED#1523,1523,15315,OVOL,,,15ml,Drops,Church and Dwight Canada Corp,Mectapharm S.A.L.,Canada,233828.595,ovol,true
MED#1525,1525,208598/03,OVOL FOR GAZ,,180mg,32,"Capsule, liquid gel",Catalent Ontario Limited,Mectapharm S.A.L.,Canada,241891.65000000002,ovol for gaz,true
MED#5071,5071,23730/06,OVUMIX,,,6,Vaginal Suppositories/ Ovules,Laboratorio Elea Phoenix SA,Droguerie Phenicia,Argentine,395089.69499999995,ovumix,true
MED#7303,7303,186377/13,OXALEV,,500mg,7,"Tablet, film coated",Lek Pharmaceuticals dd,Khalil Fattal & Fils S.A.L.,Slovenia,791523.2325,oxalev,true
MED#7847,7847,92514/1,OXALEV,,500mg,5,"Tablet, film coated",Lek Pharmaceuticals dd,Khalil Fattal & Fils S.A.L.,Slovenia,565757.6924999999,oxalev,true
MED#12514,12514,37425/1,OXALIPLATIN,,5mg/ml,1Vialx20ml,Concentarte for solution for infusion,Zydus Hospira Oncology Private Limited,Droguerie Fattal S.A.L.,India,6137328.697500001,oxaliplatin,true
MED#12515,12515,37525/1,OXALIPLATIN,,5mg/ml,1Vialx10ml,Concentarte for solution for infusion,Zydus Hospira Oncology Private Limited,Droguerie Fattal S.A.L.,UK,3450987.540000001,oxaliplatin,true
MED#11522,11522,20420/1,OXALIPLATIN EBEWE,,50mg/10ml,1 vialx 10ml,concentrate for solution for infusion,Fareva Unterach GmbH,Khalil Fattal & Fils S.A.L.,Austria,3405296.8950000005,oxaliplatin ebewe,true
MED#8487,8487,99415/1,OXALIPLATIN MEDAC,,50mg (5mg/ml),1Vial,Powder for solution for infusion,Medac Gesellschaft Fur Klinische Spezialpraparate mbH,Mersaco,Germany,3440236.8000000007,oxaliplatin medac,true
MED#8488,8488,99515/1,OXALIPLATIN MEDAC,,100mg (5mg/ml),1Vial,Powder for solution for infusion,Medac Gesellschaft Fur Klinische Spezialpraparate mbH,Mersaco,Germany,7841800.635899999,oxaliplatin medac,true
MED#12558,12558,98724/1,OXALIPLATINE ARROW LAB,,5mg/ml,1Flacon de 40ml,Solution à diluer pour perfusion,APL Swift Services (Malta) Limited,Darapharma S.A.L.,Malta,13513674.883231293,oxaliplatine arrow lab,true
MED#6383,6383,218856/09,OXALIPLATINE VIATRIS 5MG/ML,,100mg,1vial,powder for solution for IV infusion,"Benta SAL under license from Viatris Santé, France",Benta Trading Co s.a.l.,Lebanon,6976204.410250601,oxaliplatine viatris 5mg ml,true
MED#6384,6384,218855/09,OXALIPLATINE VIATRIS 5MG/ML,,50mg,1vial,powder for solution for IV infusion,"Benta SAL under license from Viatris Santé, France",Benta Trading Co s.a.l.,Lebanon,4428565.086946,oxaliplatine viatris 5mg ml,true
MED#12115,12115,116024/1,OXALIPLATINO PHARMINICIO,,100mg,1Vial,Lyophilised powder for solution for injection,GP-Pharm SA,Mediterranean Pharmaceutical Company,Spain,6197801.610000001,oxaliplatino pharminicio,true
MED#12116,12116,41024/1,OXALIPLATINO PHARMINICIO,,50mg,1Vial,Lyophilised powder for solution for injection,GP-Pharm SA,Mediterranean Pharmaceutical Company,Spain,2956453.500000001,oxaliplatino pharminicio,true
MED#10660,10660,12821,OXALTIE,,50mg,1Vial,Injectable lyophilised powder,Laboratorio Kemex SA,New Europharm,Argentine,2957797.3425000007,oxaltie,true
MED#10661,10661,221168/08,OXALTIE,,100mg,1Vial,Injectable lyophilised powder,Laboratorio Kemex SA,New Europharm,Argentine,5915594.685000001,oxaltie,true
MED#6325,6325,221167/08,OXALTIE,,50mg,1Vial,Injectable lyophilised powder,Bioprofarma S.A.,New Europharm,Argentine,2957797.3425000007,oxaltie,true
MED#1857,1857,973893/02,OXETINE 20,,20mg,20,"Tablet, coated",The Jordanian Pharmaceutical Manufacturing Company (JPM),C. Catafago & Co,Jordan,362837.47500000003,oxetine 20,true
MED#12210,12210,20125/1,OXOMEMAZINE ARROW,,0.33mg/ml,150ml,Syrup,H2 Pharma,Darapharma S.A.L.,France,431373.4425000001,oxomemazine arrow,true
MED#12211,12211,20225/1,OXOMEMAZINE ARROW,,0.33mg/ml,150ml,Sugar free oral solution sweetened with acesulfam potassium,H2 Pharma,Darapharma S.A.L.,France,431373.4425000001,oxomemazine arrow,true
MED#12207,12207,35025/1,OXOMIL,,0.33mg/ml,150ml,"Syrup, sugar free","Manufactured by Benta Lyon, France for Benta SAL",Benta Trading Co s.a.l.,Lebanon,511940.00000000006,oxomil,true
MED#10924,10924,92820/1,OXUBAT 120,,120mg,30,"Tablet, film coated","Manufactured by MSN Laboratories Private Ltd, India for Benta SAL",Benta Trading Co s.a.l.,Lebanon,1549002.4549999998,oxubat 120,true
MED#10923,10923,92720/1,OXUBAT 80,,80mg,30,"Tablet, film coated","Manufactured by MSN Laboratories Private Ltd, India for Benta SAL",Benta Trading Co s.a.l.,Lebanon,1356385.0300000003,oxubat 80,true
MED#11710,11710,28924/1,OXYCODONE RENAUDIN,,1mg/1ml,10Amp x 10ml,,Renaudin,Minapharm Halabi,France,2432354.9250000003,oxycodone renaudin,true
MED#7941,7941,121614/1,OXYNORM,,5mg,56,"Capsule, hard",Bard Pharmaceuticals Ltd,Mersaco,UK,1991574.5850000007,oxynorm,true
MED#7942,7942,121514/1,OXYNORM,,20mg,56,"Capsule, hard",Bard Pharmaceuticals Ltd,Mersaco,UK,7634958.183825,oxynorm,true
MED#7943,7943,121414/1,OXYNORM,,10mg,56,"Capsule, hard",Bard Pharmaceuticals Ltd,Mersaco,UK,3988524.540000001,oxynorm,true
MED#8107,8107,137914/1,OXYNORM,,10mg/ml,5Ampoules x 2ml,Solution for injection or infusion IV/SC,B. Braun Melsungen AG,Mersaco,Germany,1584390.3074999999,oxynorm,true
MED#2937,2937,208285/03,OXYTOCIN 10 PANPHARMA 10 UI-1ML,,10UI,10Amp x 1ml,Ampoule,Panpharma GmbH,Minapharm Halabi,Germany,889623.735,oxytocin 10 panpharma 10 ui 1ml,true
MED#8577,8577,716/1,OXYTOCIN 10 PANPHARMA 10 UI-1ML,,10UI,10Amp x 1ml,Ampoule,Laboratoire Haupt Pharma Livron,Minapharm Halabi,France,889623.735,oxytocin 10 panpharma 10 ui 1ml,true
MED#10041,10041,10119/1,OZEMPIC,,0.25mg,1prefilled pen 1.5ml and 4disposable needles,Solution for injection,Novo Nordisk AS,Mersaco,Denmark,10927525.770000001,ozempic,true
MED#10042,10042,10219/1,OZEMPIC,,0.5mg,1prefilled pen 1.5ml and 4disposable needles,Solution for injection,Novo Nordisk AS,Mersaco,Denmark,10927525.770000001,ozempic,true
MED#10043,10043,10319/1,OZEMPIC,,1mg,1prefilled pen 3ml and 4disposable needles,Solution for injection,Novo Nordisk AS,Mersaco,Denmark,10927525.770000001,ozempic,true
MED#11439,11439,139222/1,OZURDEX,,700mcg,1,Intravitreal implant in applicator,Allergan Pharmaceuticals Ireland,Mersaco,Ireland,80696539.83234374,ozurdex,true
MED#6993,6993,96418/11,OZURDEX,,700mcg,1,Intravitreal implant in applicator,Allergan Pharmaceuticals (Ireland),Mersaco,Ireland,80696539.83234374,ozurdex,true
MED#6583,6583,219570/09,PABAL RTS,,100mcg/ml,5Units,Solution for injection IV/IM,Ferring GmbH,Sadco,Germany,12185492.129475,pabal rts,true
MED#6650,6650,219217/09,PACLITAXEL MYLAN PHARMA 6MG/ML,,30mg/5ml,1Vial x 5ml,Concentrate for solution for IV infusion,Benta SAL under license from Mylan S.A.S. France,Benta Trading Co s.a.l.,Lebanon,5923691.719946001,paclitaxel mylan pharma 6mg ml,true
MED#6651,6651,219218/09,PACLITAXEL MYLAN PHARMA 6MG/ML,,100mg/16.7ml,1Vial x 16.7ml,Concentrate for solution for IV infusion,Benta SAL under license from Mylan S.A.S. France,Benta Trading Co s.a.l.,Lebanon,22410062.068917602,paclitaxel mylan pharma 6mg ml,true
MED#6652,6652,219219/09,PACLITAXEL MYLAN PHARMA 6MG/ML,,300mg/50ml,1Vial x 50ml,Concentrate for solution for IV infusion,Benta SAL under license from Mylan S.A.S. France,Benta Trading Co s.a.l.,Lebanon,52787940.44390159,paclitaxel mylan pharma 6mg ml,true
MED#10959,10959,11121/1,PACLITAXEL NEAPOLIS,,6mg/ml 150mg,1Vial of 25ml,Concentrate for solution for infusion,Neapolis Pharma,Medis Pharm Drugstore,Tunisia,15665972.313600002,paclitaxel neapolis,true
MED#10960,10960,11221/1,PACLITAXEL NEAPOLIS,,6mg/ml 30mg,,Concentrate for solution for infusion,Neapolis Pharma,Medis Pharm Drugstore,Tunisia,3514148.1374999997,paclitaxel neapolis,true
MED#12635,12635,176725/1,PACLITAXEL PHARMINICIO,,6mg/ml (300mg/50ml),1vial,concentrate for solution for infusion,AqVida GmbH,Mediterranean Pharmaceutical Company,Germany,19832909.5188,paclitaxel pharminicio,true
MED#12636,12636,176525/1,PACLITAXEL PHARMINICIO,,6mg/ml (100mg/16.7ml),1vial,concentrate for solution for infusion,AqVida GmbH,Mediterranean Pharmaceutical Company,Germany,8199547.0152750015,paclitaxel pharminicio,true
MED#12637,12637,176625/1,PACLITAXEL PHARMINICIO,,6mg/ml (30mg/5ml),1vial,concentrate for solution for infusion,AqVida GmbH,Mediterranean Pharmaceutical Company,Germany,2824756.9350000005,paclitaxel pharminicio,true
MED#4614,4614,2890,PAEDIATRIC CO-TRIMOXAZOLE MIXTURE,,,100ml,Suspension,Pharmadex,Pharmadex,Lebanon,190697.65,paediatric co trimoxazole mixture,true
MED#12646,12646,96025/1,PAINEXA,,90mg,10,"Tablet, film coated","UBSA Pharma Industries SARL (Secondary Packaging), manufacturer: Livealth Biopharma Pvt. Ltd, India",L. Pharm SAL,Lebanon,431309.45000000007,painexa,true
MED#4535,4535,26510,PAINOL,,500mg,20,Tablet,Mephico SAL,Mephico S.A.L.,Lebanon,95988.75000000001,painol,true
MED#4536,4536,26511,PAINOL,,120mg/5ml,60ml,Elixir,Mephico SAL,Mephico S.A.L.,Lebanon,85749.95000000001,painol,true
MED#12017,12017,61224/1,PALBOMED,,100mg,21,Capsule,Medicamen Biotech Ltd,Levant Pulse SARL,India,23911750.800000004,palbomed,true
MED#12018,12018,61124/1,PALBOMED,,125mg,21,Capsule,Medicamen Biotech Ltd,Levant Pulse SARL,India,25799520.6,palbomed,true
MED#11272,11272,117222/1,PALBRANCE 100,,100mg,21,Capsule,"Manufactured by Alembic Pharmaceutical Limited, India for Benta SAL",Benta Trading Co s.a.l.,Lebanon,168011222.44375,palbrance 100,true
MED#11273,11273,117322/1,PALBRANCE 125,,125mg,21,Capsule,"Manufactured by Alembic Pharmaceutical Limited, India for Benta SAL",Benta Trading Co s.a.l.,Lebanon,69032468.74999999,palbrance 125,true
MED#11271,11271,117122/1,PALBRANCE 75,,75mg,21,Capsule,"Manufactured by Alembic Pharmaceutical Limited, India for Benta SAL",Benta Trading Co s.a.l.,Lebanon,168011222.44375,palbrance 75,true
MED#12090,12090,69424/1,PALONAN,,250mcg/5ml,1Vial x 5ml,Solution for injection,Anfarm Hellas SA,Drugstore 3U S.A.R.L.,Greece,2194494.8025,palonan,true
MED#9948,9948,49919/1,PANADOL ACTIFAST,,500mg,20,Tablet,GlaxoSmithKline Dungarvan Ltd,Sadco,Ireland,159917.25749999998,panadol actifast,true
MED#9941,9941,49819/1,PANADOL ADVANCE,,500mg,96,"Tablet, film coated",GlaxoSmithKline Dungarvan Ltd,Sadco,Ireland,438092.655,panadol advance,true
MED#9945,9945,49619/1,PANADOL ADVANCE,,500mg,24,"Tablet, film coated",GlaxoSmithKline Dungarvan Ltd,Sadco,Ireland,137071.935,panadol advance,true
MED#9947,9947,49719/1,PANADOL ADVANCE,,500mg,72,"Tablet, film coated",GlaxoSmithKline Dungarvan Ltd,Sadco,Ireland,389714.325,panadol advance,true
MED#9946,9946,50319/1,PANADOL B&I,,120mg/5ml,100ml,Suspension,"Farmaclair, Herouville",Sadco,France,210983.27250000002,panadol b i,true
MED#8653,8653,27316/1,PANADOL COLD & FLU ALL IN ONE,,,24,"Tablet, film coated",SmithKline Beecham SA,Sadco,Spain,342679.83749999997,panadol cold flu all in one,true
MED#10270,10270,168519/1,PANADOL COLD & FLU DAY,,,24,Caplet,GlaxoSmithKline Dungarvan Ltd,Sadco,Ireland,284894.61,panadol cold flu day,true
MED#7415,7415,186108/13,PANADOL COLD & FLU VAPOUR RELEASE + DECONGESTANT,,,10 sachets,Powder for oral solution and Inhalation,SmithKline Beecham SA,Sadco,Spain,460937.97750000004,panadol cold flu vapour release decongestant,true
MED#11595,11595,130422/1,PANADOL COLD AND FLU,,,24,Tablet,Aspen Pharma Pty Ltd,Sadco,Australia,278175.3975,panadol cold and flu,true
MED#9942,9942,50119/1,PANADOL EXTRA WITH OPTIZORB,,,48,"Tablet, film coated",GlaxoSmithKline Dungarvan Ltd,Sadco,Ireland,524098.575,panadol extra with optizorb,true
MED#9943,9943,50219/1,PANADOL EXTRA WITH OPTIZORB,,,24,"Tablet, film coated",GlaxoSmithKline Dungarvan Ltd,Sadco,Ireland,252642.39,panadol extra with optizorb,true
MED#8655,8655,13916/1,PANADOL JOINT,,665mg,24,Tablet,Aspen Pharma Pty Ltd,Sadco,Australia,291613.82249999995,panadol joint,true
MED#10438,10438,50820/1,PANADOL MIGRAINE,,,24,Caplet,Haleon US Inc. Lincolin,Sadco,USA,604729.125,panadol migraine,true
MED#12673,12673,56126/1,PANADOL NIGHT,,,24,"Tablet, film coated",Haleon Ireland Dungarvan Limited,Sadco,Australia,315802.98750000005,panadol night,true
MED#8654,8654,13816/1,PANADOL NIGHT,,,24,Caplet,Aspen Pharma Pty Ltd,Sadco,Australia,315802.9875,panadol night,true
MED#1157,1157,405961,PANADOL SINUS,,500mg,24,Caplet,Aspen Pharma Pty Ltd,Sadco,Australia,228453.22499999998,panadol sinus,true
MED#7552,7552,186776/14,PANADOL WOMAN,,,10,"Tablet, coated",Delpharm Poznan SA,Sadco,Poland,436748.8125,panadol woman,true
MED#10655,10655,12721/1,PANATAXEL,,150mg/25ml,1Vial x 25ml,Injection,Laboratorios IMA S.A.I.C.,New Europharm,Argentine,16521761.289600002,panataxel,true
MED#10656,10656,12621,PANATAXEL,,100mg/16.7ml,1 vial 16.7ml,Solution for injection,Laboratorios IMA S.A.I.C.,New Europharm,Argentine,7071670.248300002,panataxel,true
MED#10657,10657,12921/1,PANATAXEL,,30mg/5ml,1Vial,Solution for injection,Laboratorios IMA S.A.I.C.,New Europharm,Argentine,3563870.31,panataxel,true
MED#7624,7624,187462/13,PANCLO B12,,,6 Ampoules x 3ml,Injection,Denver Farma SA,Laurel Pharm SARL,Argentine,1158392.2349999996,panclo b12,true
MED#1527,1527,236740/99,PANDERM,,,15g,Cream,Julphar,Pharmanet Drugstore S.A.R.L.,United Arab Emirates,180074.89500000002,panderm,true
MED#3596,3596,973375/01,PANGESIC FORTE,,500mg,50,Tablet,RAM Pharmaceutical Industries Co Ltd,Premium Serve Drugstore Co. P.S.D. SAL,Jordan,327897.57,pangesic forte,true
MED#6571,6571,168011/10,PANTO TAD,,20mg,14,"Tablet, gastroresistant","Kr Ka, d.d, Novo Mesto",Pharmamedic S.A.R.L.,Slovenia,294301.5075,panto tad,true
MED#8125,8125,8815/1,PANTO TAD,,40mg,14,"Tablet, gastroresistant","Kr Ka, d.d, Novo Mesto",Pharmamedic S.A.R.L.,Slovenia,470344.87499999994,panto tad,true
MED#11130,11130,116522/1,PANTOGAR,,,90,Capsule,"Acino Pharma AG, Birsweg 2 4253 Liesberg",Sadco,Switzerland,2005013.0100000005,pantogar,true
MED#6149,6149,219462/09,PANTOMAX,,20mg,15,"Tablet, enteric coated",Saudi Arabian Japanese Pharmaceuticals Co (SAJA Pharmaceuticals),Food & Drug Corporation FDC,Saudi Arabia,440780.34,pantomax,true
MED#6150,6150,219463/09,PANTOMAX,,20mg,30,"Tablet, enteric coated",Saudi Arabian Japanese Pharmaceuticals Co (SAJA Pharmaceuticals),Food & Drug Corporation FDC,Saudi Arabia,837213.8775000001,pantomax,true
MED#6151,6151,219464/09,PANTOMAX,,40mg,15,"Tablet, enteric coated",Saudi Arabian Japanese Pharmaceuticals Co (SAJA Pharmaceuticals),Food & Drug Corporation FDC,Saudi Arabia,771365.595,pantomax,true
MED#6152,6152,219465/09,PANTOMAX,,40mg,30,"Tablet, enteric coated",Saudi Arabian Japanese Pharmaceuticals Co (SAJA Pharmaceuticals),Food & Drug Corporation FDC,Saudi Arabia,1381470.0899999996,pantomax,true
MED#8868,8868,96115/1,PANTONIX-JULPHAR,,40mg,1vial,powder for infusion,Julphar,Pharmanet Drugstore S.A.R.L.,United Arab Emirates,260705.445,pantonix julphar,true
MED#7197,7197,96734/12,PANTOPRAZOL SALA,,40mg,1 Vial,Injectable powder for solution,Laboratorio Reig Jofre SA,Medi drug International SAL (MDI),Spain,503940.9375,pantoprazol sala,true
MED#7232,7232,185993/13,PANTOVER,,40mg,15,"Tablet, enteric coated",Jordan River Pharmaceutical Industries LLC,Atrissi SARL,Jordan,739113.375,pantover,true
MED#7286,7286,187430/13,PANZIMOL,,150mg,2,"Capsule, hard",ABC Farmaceutici SpA,Macromed S.A.R.L.,Italy,423310.3875,panzimol,true
MED#7287,7287,187429/13,PANZIMOL,,100mg,10,"Capsule, hard",ABC Farmaceutici SpA,Macromed S.A.R.L.,Italy,1988886.9000000001,panzimol,true
MED#11452,11452,27223/1,PAPILLIO,,75mg,21,"Capsule, hard",The Arab Pharmaceutical Manufacturing PSC,Droguerie Mercury S.A.L.,Jordan,147883080.36796874,papillio,true
MED#11453,11453,27023/1,PAPILLIO,,100mg,21,"Capsule, hard",The Arab Pharmaceutical Manufacturing PSC,Droguerie Mercury S.A.L.,Jordan,147883080.36796874,papillio,true
MED#11454,11454,27123/1,PAPILLIO,,125mg,21,"Capsule, hard",The Arab Pharmaceutical Manufacturing PSC,Droguerie Mercury S.A.L.,Jordan,147883080.36796874,papillio,true
MED#11240,11240,60121/1,PARA-DENK 125 SUPPOS.,,,10,Suppositories,Rubiepharm Arzneimittel GmbH,Mediterranean Pharmaceutical Company,Germany,190825.635,para denk 125 suppos,true
MED#9887,9887,91618/1,PARA-DENK 125 SUPPOS.,,,10,Suppositories,Bene Arzneimittel GmbH,Mediterranean Pharmaceutical Company,Germany,190825.635,para denk 125 suppos,true
MED#11241,11241,32822/1,PARA-DENK 250 SUPPOS.,,,10,Suppositories,Rubiepharm Arzneimittel GmbH,Mediterranean Pharmaceutical Company,Germany,190825.635,para denk 250 suppos,true
MED#9888,9888,91618/1,PARA-DENK 250 SUPPOS.,,,10,Suppositories,Bene Arzneimittel GmbH,Mediterranean Pharmaceutical Company,Germany,190825.635,para denk 250 suppos,true
MED#12132,12132,78124/1,PARA-SOLUTIONS,,1g/100ml,100ml bag,Solution for IV infusion,Serum and Solutions SAL,A Pharma Solutions SAL,Lebanon,179179.00000000003,para solutions,true
MED#11681,11681,55023/1,PARACEROL,,10mg/ml,12Vials x 100ml,Solution for IV infusion,Aroma Ilac San. Ltd. Sti,New Europharm,Turkey,1536011.9775000003,paracerol,true
MED#10197,10197,35620/1,PARACETAMOL,,500mg,1000,Tablet,Pharmadex,Pharmadex,Lebanon,3161229.5000000005,paracetamol,true
MED#4537,4537,77/95,PARACETAMOL,,500mg,500,Tablet,Mephico SAL,Mephico S.A.L.,Lebanon,1873700.4000000004,paracetamol,true
MED#4617,4617,2723,PARACETAMOL,,500mg,20,Tablet,Pharmadex,Pharmadex,Lebanon,66552.20000000001,paracetamol,true
MED#8801,8801,119416/1,PARACETAMOL ARROW,,1g,8,Comprimes,Delpharm Evreux,Darapharma S.A.L.,France,80630.55000000002,paracetamol arrow,true
MED#8092,8092,11715/1,PARACETAMOL B.BRAUN,,"10mg/ml (1,000mg/100ml)",1Plastic Bottle x 100ml,Injectable solution for IV infusion,B. Braun Medical SA,Droguerie de l'Union,Spain,129008.88,paracetamol b braun,true
MED#4616,4616,2846,PARACETAMOL ELIXIR,,120mg/5ml,60ml,Elixir,Pharmadex,Pharmadex,Lebanon,85749.95000000001,paracetamol elixir,true
MED#8372,8372,131115/1,PARACETAMOL MACOPHARMA,,10mg/ml,50Bag x 100ml,Solution for Infusion,Maco Productions,Pharmamed,France,9350839.908899998,paracetamol macopharma,true
MED#5905,5905,218578/10,PARACETAMOL NORMON,,10mg/ml,50bags x 100ml,Solution for infusion,Normon SA,Droguerie Phenicia,Spain,9633134.324625,paracetamol normon,true
MED#5768,5768,218190/09,PARACETAMOL PANPHARMA,,10mg/ml,50poches x100ml,Injectable solution for infusion,Altan Pharmaceuticals SA,Minapharm Halabi,Spain,8675674.923825001,paracetamol panpharma,true
MED#5769,5769,218191/09,PARACETAMOL PANPHARMA,,10mg/ml,10bags x 50ml,Injectable solution for infusion,Altan Pharmaceuticals SA,Minapharm Halabi,Spain,1959322.365,paracetamol panpharma,true
MED#6636,6636,166955/11,PARACETAMOL PANPHARMA,,10mg/ml,10 poches de 100ml,Injectable solution for perfusion,Panpharma,Minapharm Halabi,France,2215996.2824999997,paracetamol panpharma,true
MED#9369,9369,168717/1,PARACETAMOL S.A.L.F,,10mg/ml,30 PP Bottles x 100ml,Solution for Infusion,SALFSpA Laboratorio Farmacologico,New Europharm,Italy,5542006.470000002,paracetamol s a l f,true
MED#11831,11831,147423/1,PARACETAMOL/CAFEINE/CODEINE BIOGARAN,,400mg/50mg/20mg,18,Gélules,Laboratoires BTT,Commercial and Trading Ressources SAL (CTR),France,548287.7400000002,paracetamol cafeine codeine biogaran,true
MED#10858,10858,92020/1,PARACO-DENK 1000/60,,,10,Suppository,Bene Arzneimittel GmbH,Mediterranean Pharmaceutical Company,Germany,636981.345,paraco denk 1000 60,true
MED#11571,11571,66922/1,PARAMED,,10mg/ml,"6Bags, multi layered x100ml",Solution for infusion,Unimed Laboratories,PMD (Pharmacist's medical drugstore),Tunisia,814368.555,paramed,true
MED#4455,4455,25649,PARAMOL,,120mg/5ml,60ml,"Syrup, alcohol free",Mediphar Laboratories,Droguerie Cedarspharm S.A.R.L.,Lebanon,85749.95000000001,paramol,true
MED#11957,11957,123721/1,PARANOR,,650mg,20,Tablet,Normon SA,Droguerie Phenicia,Spain,162604.9425,paranor,true
MED#12451,12451,75424/1,PARASWISS,,1g/100ml,1Bottle 100ml,Infusion,Swiss Parenterals Ltd,Drugstore 3U S.A.R.L.,India,130352.72250000005,paraswiss,true
MED#6623,6623,219326/09,PARAXONE-JPI,,,30,Capsule,Jazeera Pharmaceutical Industries,Droguerie de l'Union,Saudi Arabia,334616.78250000003,paraxone jpi,true
MED#11049,11049,135021/1,PARIET,,20mg,28,"Tablet, gastro-resistant",Bushu Pharmaceuticals Ltd,Mersaco,Japan,779428.6500000001,pariet,true
MED#11341,11341,64515/1,PARINOX 20,,2000IU (20mg)/0.2ml,1prefilled syringe,Solution for injection,Benta SAL,Benta Trading Co s.a.l.,Lebanon,188137.95,parinox 20,true
MED#11342,11342,64615/1,PARINOX 40,,4000IU (40mg)/0.4ml,1prefilled syringe,Solution for injection,Benta SAL,Benta Trading Co s.a.l.,Lebanon,358358.00000000006,parinox 40,true
MED#12467,12467,156725/1,PARINOX 40,,4000IU (40mg)/0.4ml,10prefilled syringes,Solution for injection,Benta SAL,Benta Trading Co s.a.l.,Lebanon,3225222,parinox 40,true
MED#11343,11343,64715/1,PARINOX 60,,6000IU (60mg)/0.6ml,1prefilled syringe,Solution for injection,Benta SAL,Benta Trading Co s.a.l.,Lebanon,438988.55000000005,parinox 60,true
MED#11344,11344,64815/1,PARINOX 80,,8000IU (80mg)/0.8ml,1prefilled syringe,Solution for injection,Benta SAL,Benta Trading Co s.a.l.,Lebanon,494022.1000000001,parinox 80,true
MED#6538,6538,219269/09,PARLOTIN,,20mg,30,Tablet,Bluepharma Industria Farmaceutica SA,Elite Pharma SARL,Portugal,894999.1050000002,parlotin,true
MED#12004,12004,525/1,PAROL CHILDREN,,240mg/5ml,Glass bottle 100ml,,Alfa Laboratoires S.A.L.,Medis Pharm Drugstore,Lebanon,314843.10000000003,parol children,true
MED#12005,12005,3225/1,PAROL INFANTS,,,150ml,,Alfa Laboratoires S.A.L.,Medis Pharm Drugstore,Lebanon,281567.00000000006,parol infants,true
MED#8059,8059,58914/1,PAROTICIN,,,10ml,Otic solution,Adelco- Chromatourgia Athinon E Colocotronis Bross SA,Wellpharm,Greece,319834.51499999996,paroticin,true
MED#9662,9662,131418/1,PATANOL,,0.1%,5ml,Eye drops,Alcon Research LLC,Khalil Fattal & Fils S.A.L.,USA,572476.905,patanol,true
MED#7367,7367,166951/11,PATAXEL,,30mg/5ml (6mg/ml),1 monodose vial x 5ml,Injectable concentrate for solution for infusion,Vianex SA- Plant C,Droguerie Solupharm SAL,Greece,2447137.1925,pataxel,true
MED#7368,7368,166952/11,PATAXEL,,100mg/16.7ml (6mg/ml),1 multidose vial x 16.7ml,Injectable concentrate for solution for infusion,Vianex SA- Plant C,Droguerie Solupharm SAL,Greece,8500053.973949999,pataxel,true
MED#7369,7369,166953/11,PATAXEL,,300mg/50ml (6mg/ml),1 multidose vial x 50ml,Injectable concentrate for solution for infusion,Vianex SA- Plant C,Droguerie Solupharm SAL,Greece,17809220.2932,pataxel,true
MED#5223,5223,24451,PAXERA,,20mg,30,Tablet,Algorithm S.A.L.,Droguerie de l'Union,Lebanon,1016840.8250000001,paxera,true
MED#2350,2350,973315/01,PAZOLAM,,0.5mg,60,Tablet,Laboratorios Atral SA,Pharmamedic S.A.R.L.,Portugal,556350.795,pazolam,true
MED#10001,10001,70319/1,PECFENT,,400mcg/spray,1bottle x 1.55ml,Nasal spray solution,L. Molteni & C.dei F.LLi Alitti societa.di.Esercizio SpA,Droguerie Mercury S.A.L.,Italy,5718049.837500001,pecfent,true
MED#10002,10002,70119/1,PECFENT,,100mcg/spray,1bottle x 1.55ml,Nasal spray solution,L. Molteni & C.dei F.LLi Alitti societa.di.Esercizio SpA,Droguerie Mercury S.A.L.,Italy,4343298.960000001,pecfent,true
MED#12286,12286,117124/1,PECTUNA,,420mg/14ml,1Vial of 14ml,Concentrate for solution for IV Infusion only,Cinnagen Co,Lebiran SARL,Iran,132032880.380625,pectuna,true
MED#11844,11844,73123/1,PEDIACORT,,15mg/5ml,100ml,Oral solution,Chaoul Pharmaceuticals (Cha-Pha) SAL,Eva Pharm Plus,Lebanon,417231.10000000003,pediacort,true
MED#4456,4456,974248/01,PEDIAFEN,,100mg/5ml,100ml,Suspension,Mediphar Laboratories,Droguerie Cedarspharm S.A.R.L.,Lebanon,200936.45000000004,pediafen,true
MED#5295,5295,222403/08,PEDIAFER,,15mg/ml,50ml,Drops,Fratum Pharma Inc,Venus Drugstore,Canada,550975.425,pediafer,true
MED#5666,5666,221863/08,PEDIAVIT D,,,50ml,Liquid,Fratum Pharma Inc,Venus Drugstore,Canada,550975.425,pediavit d,true
MED#7422,7422,187151/13,PEDIAVIT D 800,,,24ml,Liquid,Fratum Pharma Inc,Venus Drugstore,Canada,580539.9600000001,pediavit d 800,true
MED#12073,12073,102324/1,PEDITRACE,,,10Vials x 10ml,Injectable concentrated solution for infusion,HP Halden Pharma AS,Benta Trading Co s.a.l.,Norway,4749139.395000001,peditrace,true
MED#6257,6257,221856/08,PEDOVEX,,75mg,30,"Tablet, film coated",Tabuk Pharmaceutical Manufacturing Company,Mersaco,Saudi Arabia,808993.185,pedovex,true
MED#11462,11462,42423/1,PEGASYS,,180mcg/0.5ml,1,Prefilled syringe,F. Hoffmann La Roche Kaiseraugst,Omnipharma,Switzerland,18197018.550648,pegasys,true
MED#11463,11463,42523/1,PEGASYS,,135mcg/0.5ml,1,prefilled syringe,F. Hoffmann La Roche Kaiseraugst,Omnipharma,Switzerland,15796329.110856004,pegasys,true
MED#12241,12241,100725/1,PEGASYS,,180mcg/0.5ml,4,Prefilled syringe,F. Hoffmann La Roche Kaiseraugst,Omnipharma,Switzerland,60563068.449975,pegasys,true
MED#8052,8052,19515/1,PEITEL,,0.25%,30g,Cream,Ferrer Internacional SA,Spephal S.A.L.,Spain,507972.465,peitel,true
MED#9444,9444,130717/1,PEMETREXED ACCORD,,500mg,1Vial,Powder for concentrate for solution for infusion,Accord Healthcare Limited,Mediterranean Pharmaceutical Company,UK,20000291.774400003,pemetrexed accord,true
MED#10989,10989,222/1,PEMETREXED EVER PHARMA,,25mg/ml (500mg/20ml),1Vial,Concentrate for solution for infusion,Ever Pharma Jena GmbH,Droguerie R. Pharaon & Fils S.A.L.,Germany,38284701.16779949,pemetrexed ever pharma,true
MED#10990,10990,122/1,PEMETREXED EVER PHARMA,,25mg/ml (100mg/4ml),1Vial,Concentrate for solution for infusion,Ever Pharma Jena GmbH,Droguerie R. Pharaon & Fils S.A.L.,Germany,12185492.129475,pemetrexed ever pharma,true
MED#10995,10995,34420/1,PEMETREXED NEAPOLIS,,500mg,1Vial of 10ml,Injection,Neapolis Pharma,Medis Pharm Drugstore,Tunisia,41289201.828,pemetrexed neapolis,true
MED#11009,11009,34320/1,PEMETREXED NEAPOLIS,,100mg,1Vial of 10ml,Injection,Neapolis Pharma,Medis Pharm Drugstore,Tunisia,10554168.639525,pemetrexed neapolis,true
MED#11570,11570,116822/1,PEMETREXED PHARMINICIO,,500mg,1Vial,Injectable lyophilised powder,GP-Pharm SA,Mediterranean Pharmaceutical Company,Spain,46641483.768075004,pemetrexed pharminicio,true
MED#12631,12631,64926/1,PEMETREXED PHARMINICIO,,100mg,1Vial,Injectable lyophilised powder,Laboratori Fundacio DAU,Mediterranean Pharmaceutical Company,Spain,12000504.72894,pemetrexed pharminicio,true
MED#11263,11263,6321/1,PEMETREXED SPC,,500mg,1Vial,Powder for concentrate for solution for infusion,"Pharmaline SAL Licensed by Sudair Pharma Company, KSA",Advanced Healthcare Services SAL,Lebanon,43746515.260000005,pemetrexed spc,true
MED#11222,11222,109120/1,PEMETREXED STRAGEN,,25mg/ml,Flacon de 100mg/4ml,Solution à diluer pour perfusion,Synthon Hispania SL,Karout pharmacy,Spain,12759187.232400002,pemetrexed stragen,true
MED#11223,11223,109220/1,PEMETREXED STRAGEN,,25mg/ml,Flacon de 500mg/20ml,Solution à diluer pour perfusion,Synthon Hispania SL,Karout pharmacy,Spain,24037602.12,pemetrexed stragen,true
MED#11224,11224,109320/1,PEMETREXED STRAGEN,,25mg/ml,Flacon de 1000mg/40ml,Solution à diluer pour perfusion,Synthon Hispania SL,Karout pharmacy,Spain,40480208.643,pemetrexed stragen,true
MED#11007,11007,164220/1,PEMITRA,,500mg,1Vial,Powder for concentrate fo solution for IV infusion,Thymoorgan Pharmazie GmbH,Droguerie Mercury S.A.L.,Germany,47161032.16587179,pemitra,true
MED#8640,8640,51616/1,PENICILLINE G PANPHARMA,,1MUI,Boite 25Vials,Injection,Panpharma,Minapharm Halabi,France,2858352.9975,penicilline g panpharma,true
MED#10808,10808,152118/1,PENTASA,,4g,30 Sachets,"Granules, prolonged release",Ferring International Center SA,Sadco,Switzerland,8513062.933200002,pentasa,true
MED#1260,1260,261414,PENTASA,,1g,28,Suppository,Ferring International Center SA,Sadco,Switzerland,4153817.1675000004,pentasa,true
MED#6253,6253,167746/11,PENTASA,,1g,7x100ml,Enema,"Ferring - Leciva, AS",Sadco,Czech Republic,2791160.8725,pentasa,true
MED#6890,6890,096588/12,PENTASA,,1g,60,"Tablet, controlled release",Ferring International Center SA,Sadco,Switzerland,4945340.4,pentasa,true
MED#9191,9191,76817/1,PENTASA XTEND,,2g,60 Sachets,"Granules, prolonged release",Ferring International Center SA,Sadco,Switzerland,8550788.915025003,pentasa xtend,true
MED#10498,10498,12420/1,PENTAXIM,,,Seringue préremplie,Poudre et suspension pour suspension injectable,Sanofi Pasteur,Mersaco,France,2558676.1199999996,pentaxim,true
MED#10748,10748,132720/1,PENTHROX INHALER,,,Single combination pack (1x3ml bottle + 1inhaler) x10,,Medical Developments International Limited,Droguerie Solupharm SAL,Australia,21080096.1,penthrox inhaler,true
MED#11495,11495,54123/1,PENTOXIFYLLINE SR,,400mg,100,"Tablet, sustained release",Apotex Inc,Promopharm S.A.R.L.,Canada,1478226.7500000005,pentoxifylline sr,true
MED#794,794,973365/01,PEPTAZOLE,,30mg,14,Capsule,Spimaco,Khalil Fattal & Fils S.A.L.,Saudi Arabia,252642.39,peptazole,true
MED#6470,6470,167818/11,PERGOVERIS,,150IU/75IU,1vial+ solvent,Powder and Solvent for injection,Merck Serono SA,Food & Drug Corporation FDC,Switzerland,6523011.494999999,pergoveris,true
MED#4331,4331,1251,PERIACTIN,,4mg,20,Tablet,Algorithm S.A.L.,Droguerie de l'Union,Lebanon,255970.00000000003,periactin,true
MED#7131,7131,186465/12,PERIOLIMEL N4E,,,2000ml en 3compartiments (400ml +800ml +800ml),Emulsion pour perfusion,Baxter SA,Abela Frères S.A.L.,Belgium,7049528.9865000015,periolimel n4e,true
MED#7132,7132,186464/12,PERIOLIMEL N4E,,,1500ml en 3compartiments (300ml +600ml +600ml),Emulsion pour perfusion,Baxter SA,Abela Frères S.A.L.,Belgium,5288020.237500001,periolimel n4e,true
MED#4192,4192,261056/97,PERITONEAL DIALYSIS SOLUTION WITH 1 1/2% DEXTROSE,,,2000 in 3000ml,Solution,Alfa Laboratoires S.A.L.,Alfa Laboratoires S.A.L.,Lebanon,490807.1167999999,peritoneal dialysis solution with 1 1 2 dextrose,true
MED#4191,4191,261057/97,PERITONEAL DIALYSIS SOLUTION WITH 4 1/4% DEXTROSE,,,2000 in 3000ml,Solution,Alfa Laboratoires S.A.L.,Alfa Laboratoires S.A.L.,Lebanon,498744.11999999994,peritoneal dialysis solution with 4 1 4 dextrose,true
MED#7629,7629,187053/13,PERJETA 420MG,,420mg/14ml,1 Vial,Injectable concentrate for solution for infusion,Roche Diagnostics GmbH,Omnipharma,Germany,220054714.34378904,perjeta 420mg,true
MED#12049,12049,45421/1,PERMACARE,,1%,100ml,Lotion,Pharmadex,Pharmadex,Lebanon,590010.8500000001,permacare,true
MED#4457,4457,2433/94,PERPHENAZINE,,8mg,40,"Tablet, scored",Mediphar Laboratories,Medapharm Healthcare SAL,Lebanon,624566.8,perphenazine,true
MED#12278,12278,138325/1,PERTUVIA,,420mg/14ml,1Vial,Injectable concentrate for solution for infusion,"Manufactured Qilu Pharmaceutical Co Ltd, China Packed by Alfa Laboratoires S.A.L.",Levant Pulse SARL,Lebanon,147592404.36562496,pertuvia,true
MED#9205,9205,99317/1,PETHIDIN PANPHARMA,,100mg/2ml,10 ampoules x 2ml,Solution for injection,Panpharma GmbH,Minapharm Halabi,Germany,862746.885,pethidin panpharma,true
MED#12624,12624,12024/1,PEXITREX,,1000mg (25mg/ml),1Vial 40ml,concentrate for solution for infusion,Fareva Unterach GmbH,Khalil Fattal & Fils S.A.L.,Austria,95101199.92406249,pexitrex,true
MED#12625,12625,12125/1,PEXITREX,,500mg (25mg/ml),1Vial 40ml,concentrate for solution for infusion,Fareva Unterach GmbH,Khalil Fattal & Fils S.A.L.,Austria,54692465.142000005,pexitrex,true
MED#11233,11233,5022/1,PHARMATON KIDDI,,,200ml,Sirop,Soho Flordis International Switzerland SA,Mersaco,Switzerland,417935.0175,pharmaton kiddi,true
MED#9315,9315,125515/1,PHENTOLEP INJECTION,,250mg/5ml,5Ampoules,Injection,Hikma Farmaceutica,Abela Frères S.A.L.,Portugal,1447318.3724999998,phentolep injection,true
MED#11026,11026,154520/1,PHENYLEPHRINE AGUETTANT,,50mcg/ml (500mcg/10ml),10Prefilled Syringes,Solution for injection,Aguettant,Pharmamed,France,11464795.787024999,phenylephrine aguettant,true
MED#7787,7787,34014/1,PHENYLEPHRINE HYDROCHLORIDE,,1% (10mg/ml),10Vials x 1ml,Injection USP,Omega Laboratories Ltd,Medi drug International SAL (MDI),Canada,10282281.3912,phenylephrine hydrochloride,true
MED#8906,8906,178216/1,PHENYLEPHRINE RENAUDIN,,100mcg/ml,10 ampoules x 5ml,Injectable solution,Renaudin,Minapharm Halabi,France,5955909.96,phenylephrine renaudin,true
MED#9050,9050,42214/1,PHENYLEPHRINE/ COOPER,,10%,10ml,Eye drops solution,Cooper SA Pharmaceuticals,Pharmamedic S.A.R.L.,Greece,278175.3975,phenylephrine cooper,true
MED#11169,11169,118621/1,PHESGO,,600mg/600mg,1Vial 10ml,Subcutaneous solution for injection,F. Hoffmann La Roche Kaiseraugst,Omnipharma,Switzerland,326054156.3999999,phesgo,true
MED#11170,11170,118721/1,PHESGO,,1200mg/600mg,1Vial 10ml,Subcutaneous solution for injection,F. Hoffmann La Roche Kaiseraugst,Omnipharma,Switzerland,591417874.267746,phesgo,true
MED#9110,9110,39017/1,PHLOROGLUCINOL/TRIMETHYLPHLOROGLUCINOL ARROW,,40mg/0.04mg par 4ml,10 ampoules,Injectable solution,Delpharm Tours,Darapharma S.A.L.,France,940689.7499999999,phloroglucinol trimethylphloroglucinol arrow,true
MED#5049,5049,194346/05,PHOSPHATE DIPOTASSIQUE RENAUDIN,,174.20mg/ml (17.42%),10amp x 10ml,solution injectable,Renaudin,Minapharm Halabi,France,1189300.6125,phosphate dipotassique renaudin,true
MED#7596,7596,186973/14,PHOSPHOLOW,,,60,Tablet,Pharmalab 1982 Inc,Venus Drugstore,Canada,1118076.9600000004,phospholow,true
MED#4619,4619,22578,PHOSVIT,,125mg/5ml,120ml,Suspension,Pharmadex,Pharmadex,Lebanon,207335.7,phosvit,true
MED#9575,9575,75918/1,PHOZOLE,,125mg/5ml,120ml,Suspension,Pharmadex,Prime Pharma SAL,Lebanon,207335.7,phozole,true
MED#3356,3356,208583/03,PHYTOMENADIONE (VITAMINE K1) PANPHARMA,,10mg/ml,10amp x 1ml,Ampoule INJECTABLE,Panpharma GmbH,Minapharm Halabi,Germany,740457.2175,phytomenadione vitamine k1 panpharma,true
MED#6459,6459,167832/11,PICOPREP,,,2 Sachets,Powder for oral solution,Ferring Pharmaceutical China Co Ltd,Sadco,China,694766.5724999999,picoprep,true
MED#11999,11999,84223/1,PIDOGREL MEDIS,,75mg,30,"Tablet, film coated",Les Laboratoires Medis,Medis Pharm Drugstore,Tunisia,810337.0275000001,pidogrel medis,true
MED#10160,10160,108819/1,PIFELTRO,,100mg,30,"Tablet, film coated",MSD International GmbH,Droguerie de l'Union,Ireland,27819434.286000002,pifeltro,true
MED#12381,12381,151422/1,PILOCIN,,,30g,Cream,Jamjoom Pharmaceuticals Co,Droguerie Mercury S.A.L.,Saudi Arabia,271456.18500000006,pilocin,true
MED#9571,9571,143816/1,PILOQ,,500mg/100ml,1 vial,Solution for IV infusion,Packed by Pharmadex SAL under license from Orbucell Canada,Medi drug International SAL (MDI),Lebanon,980365.1000000001,piloq,true
MED#5302,5302,222424/08,PIODIAB 15,,15mg,30,Tablet,Benta SAL,Benta Trading Co s.a.l.,Lebanon,1053316.5500000003,piodiab 15,true
MED#5345,5345,222423/08,PIODIAB 30,,30mg,30,Tablet,Benta SAL,Benta Trading Co s.a.l.,Lebanon,2111752.5,piodiab 30,true
MED#6138,6138,24977/07,PIPERACILINA/TAZOBACTAM SALA,,4.5g,1vial,Injectable powder for solution,Laboratorio Reig Jofre SA,Medi drug International SAL (MDI),Spain,913812.8999999999,piperacilina tazobactam sala,true
MED#6475,6475,218699/10,PIPERACILLIN/TAZOBACTAM PANPHARMA,,4g/0.5g,10 Vial,Injectable powder for solution for perfusion,Panpharma,Minapharm Halabi,France,7461939.025800001,piperacillin tazobactam panpharma,true
MED#12292,12292,13825/1,PIPERACILLIN/TAZOBACTAM SANDOZ,,4.5g,10 Vial,Injection,Sandoz GmbH,Khalil Fattal & Fils S.A.L.,Austria,7961483.061000002,piperacillin tazobactam sandoz,true
MED#6288,6288,166605/11,PIPERACILLIN/TAZOBACTAM SANDOZ,,4.5g,1 Vial,Injection,Sandoz GmbH,Khalil Fattal & Fils S.A.L.,Austria,913812.8999999999,piperacillin tazobactam sandoz,true
MED#11796,11796,153023/1,PIPERACILLIN/TAZOBACTAM STRAGEN,,4g/0.5g,10vials,Injectable powder for solution for infusion,Mitim SRL,BroadMed SAL,Italy,7820986.3011,piperacillin tazobactam stragen,true
MED#8706,8706,36716/1,PIPERACILLIN/TAZOBACTAM STRAGEN,,4g/0.5g,1vial,Injectable powder for solution for infusion,Mitim SRL,BroadMed SAL,Italy,897686.7899999999,piperacillin tazobactam stragen,true
MED#11579,11579,100423/1,PIPERACILLINE/ TAZOBACTAM ARROW,,4g/500mg,Boite de 10Flacons,Poudre pour solution pour infusion,APL Swift Services (Malta) Limited,Darapharma S.A.L.,Malta,7378681.686600001,piperacilline tazobactam arrow,true
MED#12394,12394,10825/1,PIPERACILLINE/ TAZOBACTAM ARROW,,2g/250mg,Boite de 10Flacons,Poudre pour solution pour perfusion,APL Swift Services (Malta) Limited,Darapharma S.A.L.,Malta,731050.3200000002,piperacilline tazobactam arrow,true
MED#10422,10422,45920/1,PIPTAZ-ORBUCELL,,4.5g,Box of 1Vial (40ml),Powder for solution for injection (IV infusion),Packed by Pharmadex Lebanon under license from Orbucell pharma Canada,Medi drug International SAL (MDI),Lebanon,1087872.5000000002,piptaz orbucell,true
MED#11002,11002,32821/1,PIQRAY,,150mg+150mg,56,"Tablet, film coated",Novartis Pharma Stein AG,Khalil Fattal & Fils S.A.L.,Switzerland,359195954.3221875,piqray,true
MED#11003,11003,32721/1,PIQRAY,,28Tablets 50mg + 28Tablets 200mg,28+28,"Tablet, film coated",Novartis Pharma Stein AG,Khalil Fattal & Fils S.A.L.,Switzerland,359195954.3221875,piqray,true
MED#12618,12618,137125/1,PIRFENIDONE ARROW,,801mg,84,Comprimés,APL Swift Services (Malta) Limited,Karout pharmacy,Malta,77537702.08626014,pirfenidone arrow,true
MED#12619,12619,137225/1,PIRFENIDONE ARROW,,267mg,252,Comprimés,APL Swift Services (Malta) Limited,Karout pharmacy,Malta,50805749.12608124,pirfenidone arrow,true
MED#11106,11106,17422/1,PIRIFY,,5mg,30,Tablet,Pharmaline SAL,Pharmaline S.A.L.,Lebanon,614328.0000000001,pirify,true
MED#11107,11107,17622/1,PIRIFY,,10mg,30,Tablet,Pharmaline SAL,Pharmaline S.A.L.,Lebanon,795554.7600000001,pirify,true
MED#11108,11108,17522/1,PIRIFY,,15mg,30,Tablet,Pharmaline SAL,Pharmaline S.A.L.,Lebanon,795554.7600000001,pirify,true
MED#12534,12534,63024/1,PIROXEN,,20mg,Box of 2Ampoules of 1ml,Injectable solution,Les Laboratoires Medis,Medis Pharm Drugstore,Tunisia,537537.0000000001,piroxen,true
MED#12462,12462,80823/1,PIROXEN DISPERSIBLE,,20mg,12,"Tablet, dispersible",Les Laboratoires Medis,Medis Pharm Drugstore,Tunisia,450187.2375000001,piroxen dispersible,true
MED#4661,4661,28559/87,PIROXICALM,,0.5%,30g,Gel,Pharmaline SAL,Pharmaline S.A.L.,Lebanon,207335.7,piroxicalm,true
MED#4458,4458,38/95,PIROXICAM,,10mg,30,Capsule,Mediphar Laboratories,Medapharm Healthcare SAL,Lebanon,353238.60000000003,piroxicam,true
MED#10357,10357,81720/1,PIVAL,,2mg,30,Tablet,Mediphar Laboratories,Pharmapro,Lebanon,802465.9500000001,pival,true
MED#9745,9745,147914/1,PIVAL,,4mg,30,Tablet,Mediphar Laboratories,Pharmapro,Lebanon,1265771.6500000001,pival,true
MED#1167,1167,19863,PK-MERZ,,,100,"Tablet, film coated",Merz Pharma GmbH & Co KGaA,Sadco,Germany,1382813.9325,pk merz,true
MED#3604,3604,974495,PLASBUMIN-20 ALBUMIN (HUMAN),,20%USP,50ml,Vial,Grifols Therapeutics LLC,Alfamed S.A.L.,USA,3641813.1750000003,plasbumin 20 albumin human,true
MED#7820,7820,67514/1,PLAVINOR-75,,75mg,28,"Tablet, film coated",Industria Quimica Y Farmaceutica Vir SA,Qualipharm,Spain,1112701.59,plavinor 75,true
MED#10870,10870,26922/1,PLAVIX,,,30,"Tablet, film coated",Sanofi SRL,Mersaco,Italy,1350561.7125000001,plavix,true
MED#11808,11808,112323/1,PLAVIX,,,30,"Tablet, film coated",Sanofi SRL,Mersaco,Italy,1350561.7125000004,plavix,true
MED#7485,7485,186159/13,PLEASE,,50mg,4,"Film, orally soluble","Pharmadex SAL (Packing) under license from Ctc Bio Inc, Korea",BroadMed SAL,Lebanon,2687685,please,true
MED#5537,5537,221684/08,PLENICA,,75mg,30,Capsule,Roemmers S.A.I.C.F.,Droguerie Phenicia,Argentine,697454.2575000001,plenica,true
MED#5538,5538,221685/08,PLENICA,,150mg,30,Capsule,Roemmers S.A.I.C.F.,Droguerie Phenicia,Argentine,997131.135,plenica,true
MED#6164,6164,167810/11,PLENICA,,25mg,30,Capsule,Roemmers S.A.I.C.F.,Droguerie Phenicia,Argentine,697454.2575000001,plenica,true
MED#12348,12348,117324/1,PLERIXAFOR ARROW,,20mg/ml,1Flacon de 1.2ml,Solution injectable,APL Swift Services (Malta) Limited,Darapharma S.A.L.,Malta,289660994.88177526,plerixafor arrow,true
MED#12153,12153,78524/1,PLIBADEX,,500mg/5ml,10Vials x 5ml,Solution for injection,Lek Pharmaceuticals dd,Khalil Fattal & Fils S.A.L.,Slovenia,98646619.89244759,plibadex,true
MED#12154,12154,78624/1,PLIBADEX,,200mg/2ml,10Vials x 2ml,Solution for injection,Lek Pharmaceuticals dd,Khalil Fattal & Fils S.A.L.,Slovenia,47914365.029475,plibadex,true
MED#7514,7514,185919/13,PMS-ATOMOXETINE,,60mg,30,Capsule,Pharmascience Inc,UPO S.A.L.,Canada,5228891.1675,pms atomoxetine,true
MED#7515,7515,185916/13,PMS-ATOMOXETINE,,18mg,30,Capsule,Pharmascience Inc,UPO S.A.L.,Canada,3744073.1013656133,pms atomoxetine,true
MED#7516,7516,185917/13,PMS-ATOMOXETINE,,25mg,30,Capsule,Pharmascience Inc,UPO S.A.L.,Canada,4121564.947500001,pms atomoxetine,true
MED#7518,7518,185918/13,PMS-ATOMOXETINE,,40mg,30,Capsule,Pharmascience Inc,UPO S.A.L.,Canada,4706136.435000001,pms atomoxetine,true
MED#8842,8842,115416/1,PMS-BOSENTAN,,125mg,60,Tablet,Genvion Corporation,UPO S.A.L.,Canada,77539820.65474048,pms bosentan,true
MED#8843,8843,115316/1,PMS-BOSENTAN,,62.5mg,60,Tablet,Genvion Corporation,UPO S.A.L.,Canada,77539820.65474048,pms bosentan,true
MED#9499,9499,17318/1,PMS-DULOXETINE,,60mg,30,"Capsule, delayed release",Pharmascience Inc,UPO S.A.L.,Canada,976973.4975,pms duloxetine,true
MED#9500,9500,17418/1,PMS-DULOXETINE,,30mg,30,"Capsule, delayed release",Pharmascience Inc,UPO S.A.L.,Canada,642356.7150000001,pms duloxetine,true
MED#10373,10373,25020/1,PMS-FINGOLIMOD,,0.5mg,28,Capsule,Pharmascience Inc,UPO S.A.L.,Canada,19694724.381916765,pms fingolimod,true
MED#1531,1531,974238/01,PMS-FLUOXETINE,,20mg,28,Capsule,Pharmascience Inc,UPO S.A.L.,Canada,592634.5425000002,pms fluoxetine,true
MED#1532,1532,236859/99,PMS-FLUOXETINE,,20mg,100,Capsule,Pharmascience Inc,UPO S.A.L.,Canada,1505103.6,pms fluoxetine,true
MED#6324,6324,167454/10,PMS-GABAPENTIN,,300mg,50,Capsule,Pharmascience Inc,UPO S.A.L.,Canada,869466.0975,pms gabapentin,true
MED#6327,6327,167453/10,PMS-GABAPENTIN,,400mg,50,Capsule,Pharmascience Inc,UPO S.A.L.,Canada,1071042.4725,pms gabapentin,true
MED#6003,6003,219563/09,PMS-PAROXETINE,,20mg,30,Tablet,Pharmascience Inc,UPO S.A.L.,Canada,731050.3200000002,pms paroxetine,true
MED#8388,8388,79815/1,PMS-PREGABALIN,,25mg,30,Capsule,Pharmascience Inc,UPO S.A.L.,Canada,770021.7525000002,pms pregabalin,true
MED#8389,8389,79915/1,PMS-PREGABALIN,,75mg,60,Capsule,Pharmascience Inc,UPO S.A.L.,Canada,1776559.7850000004,pms pregabalin,true
MED#8390,8390,80015/1,PMS-PREGABALIN,,150mg,60,Capsule,Pharmascience Inc,UPO S.A.L.,Canada,2534486.9550000005,pms pregabalin,true
MED#8515,8515,96815/1,PMS-QUETIAPINE,,25mg,100,Tablet,Pharmascience Inc,UPO S.A.L.,Canada,814368.555,pms quetiapine,true
MED#8516,8516,96915/1,PMS-QUETIAPINE,,100mg,100,Tablet,Pharmascience Inc,UPO S.A.L.,Canada,1890786.3975000007,pms quetiapine,true
MED#7163,7163,186387/13,PMS-RISEDRONATE,,35mg,4,Tablet,Pharmascience Inc,UPO S.A.L.,Canada,674608.9349999999,pms risedronate,true
MED#8785,8785,88616/1,PMS-RISEDRONATE,,150mg,1,Tablet,Pharmascience Inc,UPO S.A.L.,Canada,806305.5,pms risedronate,true
MED#5522,5522,221868/08,PMS-RISPERIDONE,,1mg/ml,30ml,Solution,Halo Pharmaceutical Canada Inc,UPO S.A.L.,Canada,604729.125,pms risperidone,true
MED#5523,5523,221867/08,PMS-RISPERIDONE,,4mg,60,Tablet,Pharmascience Inc,UPO S.A.L.,Canada,1276650.375,pms risperidone,true
MED#5524,5524,221866/08,PMS-RISPERIDONE,,2mg,60,Tablet,Pharmascience Inc,UPO S.A.L.,Canada,931282.8525000002,pms risperidone,true
MED#5802,5802,221865/08,PMS-RISPERIDONE,,1mg,60,Tablet,Pharmascience Inc,UPO S.A.L.,Canada,823775.4525,pms risperidone,true
MED#8873,8873,186622/13,PMS-ROSUVASTATIN,,10mg,30,Tablet,Pharmascience Inc,UPO S.A.L.,Canada,564413.8500000001,pms rosuvastatin,true
MED#8874,8874,186624/13,PMS-ROSUVASTATIN,,20mg,30,Tablet,Pharmascience Inc,UPO S.A.L.,Canada,564413.8500000001,pms rosuvastatin,true
MED#5368,5368,24335/06,PMS-SERTRALINE,,100mg,100,Capsule,Pharmascience Inc,UPO S.A.L.,Canada,2015763.7500000005,pms sertraline,true
MED#12620,12620,112525/1,PMS-TERIFLUNOMIDE,,14mg,30,Tablet,Pharmascience Inc,UPO S.A.L.,Canada,29079205.9992,pms teriflunomide,true
MED#10886,10886,152220/1,PNEUMOSIL (10-VALENT),,,0.5ml 1dose,,Serum Institute of India Pvt Ltd,Unipharm S.A.L.,India,3386483.1,pneumosil 10 valent,true
MED#8848,8848,103916/1,PNEUMOVAX 23,,,1single dose x 0.5ml syringe,,"Merck Sharp & Dohme LLC, West Point",Droguerie de l'Union,USA,2378601.225,pneumovax 23,true
MED#12072,12072,101423/1,POLGYL,,0.5%,1pvc/pp bag of 100ml,Solution for IV perfusion,Polifarma Ilaç San. ve Tic. AS,New Europharm,Turkey,134384.25000000003,polgyl,true
MED#9004,9004,20317/1,POLIOMYELITIS VACCINE INACTIVATED,,,1 dose of 0.5ml,Injectable suspension,Serum Institute of India Pvt Ltd,Unipharm S.A.L.,India,1206770.565,poliomyelitis vaccine inactivated,true
MED#12033,12033,92320/1,POLIVY,,140mg,1Vial,Powder for concentrate for solution foe infusion,BSP Pharmaceuticals SpA,Omnipharma,Italy,1146496418.435156,polivy,true
MED#9607,9607,50318/1,POLYDEXA,,,10.5ml,Gouttes Auriculaire,Pharmaster,Droguerie de l'Union,France,278175.3975,polydexa,true
MED#3711,3711,24739/79,POLYGYNAX,,,6,"Capsule, vaginal",Innothera Chouzy,Raymond Georges Abou Adal & Co,France,407184.2775,polygynax,true
MED#12627,12627,98125/1,POMALIDOMIDE EUGIA,,3mg,21,Gélule,APL Swift Services (Malta) Limited,Darapharma S.A.L.,Malta,203232371.37469944,pomalidomide eugia,true
MED#12628,12628,97925/1,POMALIDOMIDE EUGIA,,4mg,21,Gélule,APL Swift Services (Malta) Limited,Darapharma S.A.L.,Malta,203232371.37469944,pomalidomide eugia,true
MED#4621,4621,2888,POMMADE ACIDE SALICYLIQUE,,10%,10g,Ointment,Pharmadex,Pharmadex,Lebanon,284126.70000000007,pommade acide salicylique,true
MED#8222,8222,78815/1,PONSTAN FORTE,,500mg,20,"Tablet, film coated",Pfizer Manufacturing Deutschland GmbH,Droguerie Fattal S.A.L.,Germany,219046.3275,ponstan forte,true
MED#12295,12295,150721/1,PONVORY,,20mg,28,"Tablet, film coated",Patheon France,Abela Frères S.A.L.,France,74118566.0421465,ponvory,true
MED#12296,12296,150621/1,PONVORY,,"(2mg, 3mg, 4mg, 5mg, 6mg, 7mg, 8mg,9mg, 10mg)",14,"Tablet, film coated",Patheon France,Abela Frères S.A.L.,France,37059943.908866756,ponvory,true
MED#12565,12565,178525/1,PONVORY,,"(2mg, 3mg, 4mg, 5mg, 6mg, 7mg, 8mg,9mg, 10mg)",14,"Tablet, film coated",Patheon France,Abela Frères S.A.L.,France,37059943.908866756,ponvory,true
MED#12566,12566,178425/1,PONVORY,,20mg,28,"Tablet, film coated",Patheon France,Abela Frères S.A.L.,France,74118566.0421465,ponvory,true
MED#7969,7969,25014/1,POSITON,,,30g,Cream,Laboratorios Vitoria SA,Power Pharm S.A.R.L.,Portugal,1064323.26,positon,true
MED#10922,10922,87820/1,POSMOX,,875mg+125mg,12Sachets,Powder for oral suspension,LA.FA.RE. S.R.L.,BiofinPharma Middle East S.A.L.,Italy,616823.7075,posmox,true
MED#4196,4196,2838/94,POTASSIUM CHLORIDE,,15g/100ml,100 x 10ml,Injectable solution,Alfa Laboratoires S.A.L.,Alfa Laboratoires S.A.L.,Lebanon,5688441.000000001,potassium chloride,true
MED#4197,4197,2795/94,POTASSIUM CHLORIDE,,11.2g/100ml,10 x 20ml,Injectable solution,Alfa Laboratoires S.A.L.,Alfa Laboratoires S.A.L.,Lebanon,789486.66,potassium chloride,true
MED#4198,4198,2796/94,POTASSIUM CHLORIDE,,10g/100ml,100 x 10ml,Injectable solution,Alfa Laboratoires S.A.L.,Alfa Laboratoires S.A.L.,Lebanon,3023492.5799999996,potassium chloride,true
MED#4199,4199,2839/94,POTASSIUM CHLORIDE,,7.46g/100ml,100 x 10ml,Injectable solution,Alfa Laboratoires S.A.L.,Alfa Laboratoires S.A.L.,Lebanon,2822386.08,potassium chloride,true
MED#4200,4200,2839/94,POTASSIUM CHLORIDE,,7.46g/100ml,10 x 20ml,Injectable solution,Alfa Laboratoires S.A.L.,Alfa Laboratoires S.A.L.,Lebanon,663076.86,potassium chloride,true
MED#8546,8546,171515/1,POTENCIATOR,,5g,20 ampoules buvables,Oral solution,Faes Farma SA,Power Pharm S.A.R.L.,Spain,1402971.5700000003,potenciator,true
MED#8584,8584,109014/1,POVAM,,10/160mg,30,"Tablet, film coated",The United Pharmaceutical Manufacturing Co Ltd,Premium Serve Drugstore Co. P.S.D. SAL,Jordan,857371.515,povam,true
MED#9801,9801,116416/1,POVAM,,5/160mg,30,"Tablet, film coated",The United Pharmaceutical Manufacturing Co Ltd,Premium Serve Drugstore Co. P.S.D. SAL,Jordan,857371.515,povam,true
MED#5315,5315,221302/08,PRADAXA,,110mg,30,"Capsule, hard",Boehringer Ingelheim Pharma GmbH & Co KG,Mersaco,Germany,1603204.1025000003,pradaxa,true
MED#5316,5316,221301/08,PRADAXA,,110mg,60,"Capsule, hard",Boehringer Ingelheim Pharma GmbH & Co KG,Mersaco,Germany,3205064.3625000007,pradaxa,true
MED#6523,6523,97682/11,PRADAXA,,150mg,60,"Capsule, hard",Boehringer Ingelheim Pharma GmbH & Co KG,Mersaco,Germany,3031708.68,pradaxa,true
MED#7223,7223,221339/08,PRAMACYT 10,,10mg,30,"Tablet, film coated",Manufactured by Benta SAL Trademark owner Abbott HealthCare Products BV,Benta Trading Co s.a.l.,Lebanon,767910.0000000001,pramacyt 10,true
MED#7609,7609,186548/13,PRAMACYT 15,,15mg,30,"Tablet, film coated",Manufactured by Benta SAL Trademark owner Abbott HealthCare Products BV,Benta Trading Co s.a.l.,Lebanon,921492.0000000001,pramacyt 15,true
MED#7224,7224,221340/08,PRAMACYT 20,,20mg,30,"Tablet, film coated",Manufactured by Benta SAL Trademark owner Abbott HealthCare Products BV,Benta Trading Co s.a.l.,Lebanon,972686,pramacyt 20,true
MED#7225,7225,221338/08,PRAMACYT 5,,5mg,30,"Tablet, film coated",Manufactured by Benta SAL Trademark owner Abbott HealthCare Products BV,Benta Trading Co s.a.l.,Lebanon,895895.0000000001,pramacyt 5,true
MED#11386,11386,25123/1,PRAMIPEXOLE BIOGARAN,,0.18mg,30,Comprimés,Pharmathen SA,Commercial and Trading Ressources SAL (CTR),Greece,440780.3400000001,pramipexole biogaran,true
MED#11387,11387,25023/1,PRAMIPEXOLE BIOGARAN,,0.7mg,30,Comprimés,Pharmathen SA,Commercial and Trading Ressources SAL (CTR),Greece,1733556.8250000004,pramipexole biogaran,true
MED#7394,7394,96679/12,PRANZA,,5mg,30,"Tablet, orodispersible",Hikma Pharmaceuticals,Abela Frères S.A.L.,Jordan,1773872.1,pranza,true
MED#7395,7395,96678/12,PRANZA,,10mg,30,"Tablet, orodispersible",Hikma Pharmaceuticals,Abela Frères S.A.L.,Jordan,3553119.5700000008,pranza,true
MED#4831,4831,973029/01,PRASOLAN,,20mg,14,"Tablet, enteric coated",Pharmaline SAL,Pharmaline S.A.L.,Lebanon,230373.00000000003,prasolan,true
MED#7510,7510,186452/12,PRAVAFEN,,40mg/160mg,30,"Capsule, hard",SMB Technology SA,Pharmamedic S.A.R.L.,Belgium,1264555.7925000002,pravafen,true
MED#9005,9005,146916/1,PRAVASTATINE ARROW,,40mg,28,"Tablet, breakable",APL Swift Services (Malta) Limited,Darapharma S.A.L.,Malta,526786.2599999999,pravastatine arrow,true
MED#9006,9006,147016/1,PRAVASTATINE ARROW,,20mg,28,"Tablet, breakable",APL Swift Services (Malta) Limited,Darapharma S.A.L.,Malta,526786.2599999999,pravastatine arrow,true
MED#3376,3376,974233/01,PRECEDEX (DEXMEDETOMIDINE),,100mcg/ml,25Vial x 2ml,Injection,Hospira Inc,Droguerie Fattal S.A.L.,USA,19441511.913599998,precedex dexmedetomidine,true
MED#11435,11435,137722/1,PRED FORTE,,1%,5ml,Ophtalmic suspension,Allergan Pharmaceuticals (Ireland),Mersaco,Ireland,260705.445,pred forte,true
MED#369,369,26156,PRED FORTE,,1%,5ml,Ophtalmic suspension,Allergan Pharmaceuticals (Ireland),Mersaco,Ireland,260705.445,pred forte,true
MED#6028,6028,221949/09,PREDALONE,,15mg/5ml,100ml,Syrup,Mediphar Laboratories,Pharmapro,Lebanon,890775.6000000001,predalone,true
MED#10752,10752,103920/1,PREDALONE PLUS,,,90ml,Syrup,Mediphar Laboratories,Pharmapro,Lebanon,890775.6000000001,predalone plus,true
MED#4664,4664,27588/94,PREDICOR,,10mg,40,"Tablet, scored",Pharmaline SAL,Pharmaline S.A.L.,Lebanon,386514.70000000007,predicor,true
MED#4666,4666,27589/94,PREDICOR,,20mg,20,"Tablet, scored",Pharmaline SAL,Pharmaline S.A.L.,Lebanon,346839.35000000003,predicor,true
MED#4667,4667,27587/94,PREDICOR,,5mg,30,"Tablet, scored",Pharmaline SAL,Pharmaline S.A.L.,Lebanon,174059.60000000003,predicor,true
MED#4668,4668,27590/94,PREDICOR,,50mg,20,"Tablet, scored",Pharmaline SAL,Pharmaline S.A.L.,Lebanon,712876.4500000001,predicor,true
MED#4459,4459,2377/94,PREDNISONE,,5mg,30,"Tablet, scored",Mediphar Laboratories,Medapharm Healthcare SAL,Lebanon,176619.30000000002,prednisone,true
MED#4460,4460,2376/94,PREDNISONE,,10mg,40,"Tablet, scored",Mediphar Laboratories,Medapharm Healthcare SAL,Lebanon,386514.70000000007,prednisone,true
MED#4461,4461,2379/94,PREDNISONE,,20mg,20,"Tablet, scored",Mediphar Laboratories,Medapharm Healthcare SAL,Lebanon,346839.35000000003,prednisone,true
MED#4462,4462,2374/94,PREDNISONE,,50mg,20,"Tablet, scored",Mediphar Laboratories,Medapharm Healthcare SAL,Lebanon,742313,prednisone,true
MED#7041,7041,96449/11,PREDO,,15mg/5ml,120ml,Syrup,Jazeera Pharmaceutical Industries,Droguerie de l'Union,Saudi Arabia,1018632.6149999999,predo,true
MED#11173,11173,124021/1,PREDOXONE,,15mg/5ml,100ml,Oral solution,Chaoul Pharmaceuticals (Cha-Pha) SAL,Pharmamedic S.A.R.L.,Lebanon,417231.10000000003,predoxone,true
MED#8883,8883,79816/1,PREGABADOR,,75mg,14,"Capsule, hard","KrKa, dd, Novo Mesto",Pharmamedic S.A.R.L.,Slovenia,364181.3175,pregabador,true
MED#12458,12458,81223/1,PREGABALINE MEDIS,,75mg,15,Capsule,Les Laboratoires Medis,Medis Pharm Drugstore,Tunisia,310427.6175,pregabaline medis,true
MED#9663,9663,84018/1,PREGASTAR,,75mg,30,"Capsule, hard","Pharmaline under license from Sandoz GmbH, Austria",Khalil Fattal & Fils S.A.L.,Lebanon,653370.3386210001,pregastar,true
MED#8017,8017,186126/13,PRENIDERM,,0.1%,20g,Cream,Mediphar Laboratories,Medapharm Healthcare SAL,Lebanon,312283.4,preniderm,true
MED#11504,11504,30921/1,PRESORYL PLUS,,5/5mg,30,Tablet,Tabuk Pharmaceutical Manufacturing Company,Mersaco,Saudi Arabia,557694.6375000002,presoryl plus,true
MED#11505,11505,31021/1,PRESORYL PLUS,,10/5mg,30,Tablet,Tabuk Pharmaceutical Manufacturing Company,Mersaco,Saudi Arabia,770021.7525000002,presoryl plus,true
MED#11507,11507,31121/1,PRESORYL PLUS,,10/10mg,30,Tablet,Tabuk Pharmaceutical Manufacturing Company,Mersaco,Saudi Arabia,770021.7525000002,presoryl plus,true
MED#5616,5616,221705/08,PRETERAX ARGININE,,2.5mg/0.625mg,30,"Tablet, film coated",Servier (Ireland) Industrie Ltd,Khalil Fattal & Fils S.A.L.,Ireland,452874.9225000001,preterax arginine,true
MED#10310,10310,143019/1,PREVENAR 13,,,1Prefilled syringe x0.5ml,Injectable suspension,Pfizer Manufacturing Belgium NV,Mersaco,Belgium,6352343.497500001,prevenar 13,true
MED#11308,11308,128722/1,PREVENAR 20,,,1Prefilled syringe x0.5ml + 1needle,Injectable suspension,Pfizer Manufacturing Belgium NV,Mersaco,Belgium,7415106.772500001,prevenar 20,true
MED#10268,10268,152219/1,PREVYMIS,,240mg,28,"Tablet, film coated",MSD International GmbH (Ballydine),Droguerie de l'Union,Ireland,460943945.4998437,prevymis,true
MED#10303,10303,152319/1,PREVYMIS,,480mg,28,"Tablet, film coated",MSD International GmbH (Ballydine),Droguerie de l'Union,Ireland,961233291.7260936,prevymis,true
MED#10640,10640,182320/1,PREVYMIS,,240mg/12ml,1Vial,Concentrate for solution for infusion,Merck Sharp & Dohme BV,Droguerie de l'Union,The Netherlands,23599639.526400007,prevymis,true
MED#5784,5784,24396/06,PREXAL 10,,10mg,30,"Caplet, film coated",Joswe Medical (Jordan Sweden Medical and Sterilization Co),The Lebanese Pharmacists SAL,Jordan,881560.68,prexal 10,true
MED#5785,5785,19403/05,PREXAL 5,,5mg,30,"Caplet, film coated",Joswe Medical (Jordan Sweden Medical and Sterilization Co),The Lebanese Pharmacists SAL,Jordan,718955.7375,prexal 5,true
MED#12201,12201,2325/1,PRILA,,5%,Tube of 30g,Cream,Middle East Pharmaceutical Industries- Avalon Pharma,C. Catafago & Co,Saudi Arabia,1163767.605,prila,true
MED#7743,7743,186188/13,PRILA,,5%w/w,5Tubes x 5g,Cream,Middle East Pharmaceutical Industries Co Ltd - Avalon Pharma,C. Catafago & Co,Saudi Arabia,1057604.0475,prila,true
MED#7291,7291,186083/13,PRILIGY,,30mg,3,"Tablet, film coated",Menarini Von Heyden GmbH,Mersaco,Germany,1957978.5225,priligy,true
MED#7292,7292,186084/13,PRILIGY,,60mg,3,"Tablet, film coated",Menarini Von Heyden GmbH,Mersaco,Germany,1957978.5225,priligy,true
MED#9479,9479,183017/1,PRIMAFENAC,,50mg,30,"Tablet, enteric coated",Pharmadex,Prime Pharma SAL,Lebanon,223973.75000000003,primafenac,true
MED#9478,9478,183117/1,PRIMAX,,,30,Tablet,Pharmadex,Prime Pharma SAL,Lebanon,222693.90000000002,primax,true
MED#12060,12060,139024/1,PRIMAZOL 20,,20mg,28,"Capsule, gastro-resistant","Manufactured by Benta Lyon, France for Benta SAL",Benta Trading Co s.a.l.,Lebanon,511940.00000000006,primazol 20,true
MED#12061,12061,139124/1,PRIMAZOL 40,,40mg,28,"Capsule, gastro-resistant","Manufactured by Benta Lyon, France for Benta SAL",Benta Trading Co s.a.l.,Lebanon,639925,primazol 40,true
MED#10026,10026,76519/1,PRIMOLUT NOR,,5mg,30,Tablet,Bayer Weimar GmbH & Co KG,Droguerie R. Pharaon & Fils S.A.L.,Germany,296989.1925,primolut nor,true
MED#3951,3951,973739/02,PRIORIX,,,,Prefilled syringe,GlaxoSmithKline Biologicals SA,Abela Frères S.A.L.,Belgium,1142266.125,priorix,true
MED#9184,9184,11417/1,PRIVIGEN,,10% (5g/50ml),50ml,Injectable solution for infusion,"Packed by Benta SAL Lebanon under license from CSL Behring AG, Switzerland",Benta Trading Co s.a.l.,Lebanon,44417757.807486,privigen,true
MED#9624,9624,63018/1,PRIVITUSS,,708mg/100ml,100ml,Oral suspension,"Chaoul Pharmaceuticals (Cha-pha) SAL Lebanon (Packing) under license by Aesculapius Farmaceutici, Italy Manufactured by Marco Viti Farmaceutici SpA, Italy",Pharmamedic S.A.R.L.,Lebanon,801186.1000000001,privituss,true
MED#11949,11949,096676/2012,PRIXETIN 30,,30mg,6,"Tablet, film coated",Benta SAL,Benta Trading Co s.a.l.,Lebanon,2105353.25,prixetin 30,true
MED#11948,11948,096677/2012,PRIXETIN 60,,60mg,4,"Tablet, film coated",Benta SAL,Benta Trading Co s.a.l.,Lebanon,1479122.6450000003,prixetin 60,true
MED#8609,8609,36115/1,PRIZMA,,4g/0.5g,1Vial,Powder for solution for IV infusion only,Laboratorio Reig Jofre SA,Abela Frères S.A.L.,Spain,913812.8999999999,prizma,true
MED#4874,4874,27591/94,PROBETOL,,10mg,50,Tablet,Pharmaline SAL,Pharmaline S.A.L.,Lebanon,126705.15,probetol,true
MED#4875,4875,27592/94,PROBETOL,,40mg,50,Tablet,Pharmaline SAL,Pharmaline S.A.L.,Lebanon,159981.25,probetol,true
MED#164,164,974009/02,PROCOMIL,,10%,15ml,Spray,Walter Ritter GmbH & Co.KG,Levant Alie Houses S.A.L.,Germany,139759.62,procomil,true
MED#5385,5385,23634/06,PROCORALAN,,5mg,56,"Tablet, film coated",Servier (Ireland) Industrie Ltd,Khalil Fattal & Fils S.A.L.,Ireland,1890786.3975000007,procoralan,true
MED#5386,5386,23635/06,PROCORALAN,,7.5mg,56,"Tablet, film coated",Servier (Ireland) Industrie Ltd,Khalil Fattal & Fils S.A.L.,Ireland,1890786.3975000007,procoralan,true
MED#7826,7826,96716/12,PROCTIN,,0.5mg,2,Tablet,Mediphar Laboratories,Pharmapro,Lebanon,248290.9,proctin,true
MED#7827,7827,96717/12,PROCTIN,,0.5mg,8,Tablet,Mediphar Laboratories,Pharmapro,Lebanon,976525.5500000002,proctin,true
MED#11155,11155,122122/1,PROCTINMED,,0.5mg,2,Tablet,Mediphar Laboratories,Pharmapro,Lebanon,473544.50000000006,proctinmed,true
MED#11156,11156,122022/1,PROCTINMED,,0.5mg,8,Tablet,Mediphar Laboratories,Pharmapro,Lebanon,1689402,proctinmed,true
MED#10199,10199,144519/1,PROCTO GLYVENOL,,,30g,Cream,Haleon CH SARL,Sadco,Switzerland,405840.4350000001,procto glyvenol,true
MED#10248,10248,144619/1,PROCTO GLYVENOL,,,10,Suppository,Delpharm Huningue SAS,Sadco,France,399121.22250000003,procto glyvenol,true
MED#6252,6252,166603/11,PROFEMIGR,,150mg,10,"Tablet, scored",Opella Healthcare International SAS,Mersaco,France,302364.5625,profemigr,true
MED#2581,2581,23524/77,PROFENID,,100mg,12,Suppository,Unither Liquid Manufacturing,Mersaco,France,321178.3575,profenid,true
MED#3086,3086,27794,PROFENID,,100mg,30,"Tablet, film coated",Opella Healthcare International SAS,Mersaco,France,469001.0325000001,profenid,true
MED#3433,3433,261383/97,PROFINAL,,100mg,110ml,Suspension,Julphar,Pharmanet Drugstore S.A.R.L.,United Arab Emirates,208295.58750000005,profinal,true
MED#3435,3435,261464/97,PROFINAL,,400mg,24,"Tablet, film coated",Julphar,Pharmanet Drugstore S.A.R.L.,United Arab Emirates,182762.58000000002,profinal,true
MED#3747,3747,261382/97,PROFINAL,,600mg,40,Tablet,Julphar,Pharmanet Drugstore S.A.R.L.,United Arab Emirates,302364.5625,profinal,true
MED#1543,1543,208591/03,PROFINAL XP,,,20,"Caplet, film coated",Julphar,Pharmanet Drugstore S.A.R.L.,United Arab Emirates,286238.4525,profinal xp,true
MED#12413,12413,94124/1,PROGESING,,100mg/2ml,10Ampoules of 2ml,Oily solution for deep IM injection,Egyptian International Pharmaceutical Industries Co (Eipico),C. Catafago & Co,Egypt,1423129.2075,progesing,true
MED#968,968,148389/04,PROGEST,,100mg,30,"Capsule, soft",Laboratorio Leon Farma SA,Mediterranean Pharmaceutical Company,Spain,368212.84500000003,progest,true
MED#969,969,148388/04,PROGEST 200,,200mg,15,"Capsule, soft",Laboratorio Leon Farma SA,Mediterranean Pharmaceutical Company,Spain,411215.805,progest 200,true
MED#5986,5986,218137/09,PROGESTOGEL,,1%,80g,Gel pour application locale,Besins Manufacturing Belgium SA,Droguerie Columbus,Belgium,542912.37,progestogel,true
MED#6738,6738,97030/12,PROGESTOGEL,,1%,80g,Gel pour application locale,Laboratoires Besins International,Droguerie Columbus,France,542912.37,progestogel,true
MED#11678,11678,53822/1,PROGLAU,,20mg/ml,5ml,eye drops solution,Laboratorio Edol Produtos Farmaceuticos SA,Abela Frères S.A.L.,Portugal,517379.3625000001,proglau,true
MED#8196,8196,69615/1,PROGRAF 0.5 MG,,0.5mg,100,Capsule,"Astellas Pharma Tech Co, Ltd",Abela Frères S.A.L.,Japan,13942481.1209712,prograf 0 5 mg,true
MED#9805,9805,152918/1,PROGRAF 0.5 MG,,0.5mg,100,Capsule,Astellas Ireland Co Ltd,Abela Frères S.A.L.,Ireland,13942481.1209712,prograf 0 5 mg,true
MED#8194,8194,69715/1,PROGRAF 1MG,,1mg,100,Capsule,"Astellas Pharma Tech Co, Ltd",Abela Frères S.A.L.,Japan,25241921.927661605,prograf 1mg,true
MED#9806,9806,152818/1,PROGRAF 1MG,,1mg,100,Capsule,Astellas Ireland Co Ltd,Abela Frères S.A.L.,Ireland,25241921.927661605,prograf 1mg,true
MED#8195,8195,69815/1,PROGRAF 5MG,,5mg,100,Capsule,"Astellas Pharma Tech Co, Ltd",Abela Frères S.A.L.,Japan,94286686.0265938,prograf 5mg,true
MED#9807,9807,152718/1,PROGRAF 5MG,,5mg,100,Capsule,Astellas Ireland Co Ltd,Abela Frères S.A.L.,Ireland,94286686.0265938,prograf 5mg,true
MED#8269,8269,66715/1,PROGYLUTON,,,21,Tablet,Bayer Weimar GmbH & Co KG,Droguerie R. Pharaon & Fils S.A.L.,Germany,193513.32,progyluton,true
MED#6204,6204,221328/08,PROKININ,,10mg,30,"Tablet, film coated",Tabuk Pharmaceutical Manufacturing Company,Mersaco,Saudi Arabia,221734.01249999998,prokinin,true
MED#8921,8921,163716/1,PROLIA,,60mg/ml,1 Prefilled syringe,Injectable solution,Amgen Europe BV,Mersaco,The Netherlands,21603637.5912,prolia,true
MED#10592,10592,87714/1,PROLOG,,100U/ml,1Vialx10ml,Solution for injection,"Manufactured by Gan & Lee Pharmaceuticals, China for Benta SAL",Benta Trading Co s.a.l.,Lebanon,1503311.81,prolog,true
MED#10619,10619,87614/1,PROLOG,,100U/ml,3ml x 1cartrige,Solution for injection,"Manufactured by Gan & Lee Pharmaceuticals, China for Benta SAL",Benta Trading Co s.a.l.,Lebanon,637365.3000000002,prolog,true
MED#10981,10981,9322/1,PROLOG,,100U/ml,5prefilled pens x3ml,Solution for injection,"Manufactured by Gan & Lee Pharmaceuticals, China for Benta SAL",Benta Trading Co s.a.l.,Lebanon,2126342.79,prolog,true
MED#10983,10983,9222/1,PROLOG,,100U/ml,2prefilled pens x3ml,Solution for injection,"Manufactured by Gan & Lee Pharmaceuticals, China for Benta SAL",Benta Trading Co s.a.l.,Lebanon,883480.4550000001,prolog,true
MED#9299,9299,100617/1,PROLUTEX,,25mg,7Vials,Solution for injection,IBSA Institut Biochimique SA,Alisar Pharma Corp,Switzerland,5570227.1625,prolutex,true
MED#8272,8272,66515/1,PROLUTON DEPOT,,250mg,1,Ampoule,Bayer AG,Droguerie R. Pharaon & Fils S.A.L.,Germany,270112.3424999999,proluton depot,true
MED#11110,11110,121022/1,PROMETAL,,25mg,1000,Tablet,Pharmadex,Pharmadex,Lebanon,8003607.3100000005,prometal,true
MED#4622,4622,148351,PROMETAL,,25mg,20,Tablet,Pharmadex,Pharmadex,Lebanon,194537.20000000004,prometal,true
MED#4463,4463,2867/94,PROMETHAZINE HYDROCHLORIDE,,5mg/5ml,120ml,Syrup,Mediphar Laboratories,Droguerie Cedarspharm S.A.R.L.,Lebanon,204776.00000000003,promethazine hydrochloride,true
MED#7183,7183,186288/13,PROPESS,,10mg,1,Vaginal delivery system,Ferring Controlled Therapeutics Ltd,Sadco,UK,5838995.662500001,propess,true
MED#11577,11577,41923/1,PROPIONATE DE FLUTICASONE/ SALMETEROL ARROW,,500mcg/50mcg/dose,"Recipient unidose, 60doses",Airmaster Poudre pour inhalation,OY Medfiles Ltd,Darapharma S.A.L.,Finland,2605710.6075000004,propionate de fluticasone salmeterol arrow,true
MED#11578,11578,41823/1,PROPIONATE DE FLUTICASONE/ SALMETEROL ARROW,,100mcg/50mcg/dose,"Recipient unidose, 60doses",Airmaster Poudre pour inhalation,OY Medfiles Ltd,Darapharma S.A.L.,Finland,1593797.205,propionate de fluticasone salmeterol arrow,true
MED#12026,12026,87224/1,PROPIONATE DE FLUTICASONE/ SALMETEROL ARROW,,250mcg/50mcg/dose,"Recipient unidose, 60doses",Airmaster Poudre pour inhalation,OY Medfiles Ltd,Darapharma S.A.L.,Finland,1980823.8450000004,propionate de fluticasone salmeterol arrow,true
MED#10108,10108,172119/1,PROPOFOL 1% MCT/LCT FRESENIUS,,,5Ampoules x 20ml,Emulsion for injection or infusion,Fresenius Kabi Austria GmbH,Benta Trading Co s.a.l.,Austria,847964.6175,propofol 1 mct lct fresenius,true
MED#6536,6536,96363/11,PROPOFOL-LIPURO,,1% (10mg/ml),5 ampoules x20ml,Injectable emulsion for infusion,B. Braun Melsungen AG,Droguerie de l'Union,Germany,1411034.625,propofol lipuro,true
MED#5639,5639,218177/09,PROSCAR,,5mg,28,"Tablet, film coated","AIAC International Pharma, LLC",Droguerie de l'Union,Puerto Rico,846620.775,proscar,true
MED#8952,8952,145416/1,PROSPAN ACUTE EFFERVESCENT COUGH TABLETS,,,20,"Tablet, effervescent",Hermes Arzneimittel GmbH,Nouvelle Pharm Drugstore,Germany,479751.7725,prospan acute effervescent cough tablets,true
MED#9358,9358,119517/1,PROSPAN COUGH LIQUID,,,100ml,,Engelhard Arznemittel GmbH and Co.Kg,Nouvelle Pharm Drugstore,Germany,353430.57749999996,prospan cough liquid,true
MED#8847,8847,49016/1,PROSPAN COUGH SYRUP,,,100ml,Solution,Engelhard Arznemittel GmbH and Co.Kg,Nouvelle Pharm Drugstore,Germany,353430.57749999996,prospan cough syrup,true
MED#5087,5087,24670/07,PROSTAFINE,,0.4mg,30,"Capsule, modified release",Benta SAL,Benta Trading Co s.a.l.,Lebanon,761510.7500000001,prostafine,true
MED#8544,8544,38214/1,PROSTETROL,,10mg,30,"Tablet, modified release",EVA Pharma for Pharmaceuticals and Medical Appliances,C. Catafago & Co,Egypt,360149.79000000004,prostetrol,true
MED#9437,9437,26218/1,PROSTETROL,,10mg,60,"Tablet, modified release",EVA Pharma for Pharmaceuticals and Medical Appliances,C. Catafago & Co,Egypt,682671.99,prostetrol,true
MED#449,449,27207,PROSTIN VR,,0.5mg/ml,5amp x 1ml,Sterile solution,Pfizer Manufacturing Belgium NV,Droguerie Fattal S.A.L.,Belgium,19894576.665600006,prostin vr,true
MED#966,966,236868/99,PROSULF 1%,,50mg/5ml,10 Ampoules,Injection,CP Pharmaceuticals,Pharmamed,UK,8216458.6623,prosulf 1,true
MED#5195,5195,24110/06,PROTOGYN,,500mg,4,"Tablet, film coated",Hayat Pharmaceuticals Industries Co PLC,Macromed S.A.R.L.,Jordan,217702.48500000002,protogyn,true
MED#9017,9017,158016/1,PROTOPIC,,0.1%,30g,Ointment,Leo Laboratories Ltd,UPO S.A.L.,Ireland,2127302.6775,protopic,true
MED#12417,12417,61525/1,PROTREX,,20mg,30,Capsule,UBSA Pharma Industries SARL,Team Pharma S.A.L,Lebanon,511940.00000000006,protrex,true
MED#12418,12418,91125/1,PROTREX,,40mg,30,Capsule,UBSA Pharma Industries SARL,Team Pharma S.A.L,Lebanon,646324.2500000001,protrex,true
MED#8270,8270,66415/1,PROVIRON,,25mg,20,Tablet,Bayer Weimar GmbH & Co KG,Droguerie R. Pharaon & Fils S.A.L.,Germany,391058.16750000004,proviron,true
MED#7920,7920,100714/1,PROXEN 250,,,20,"Tablet, film coated",Farmaceutici Formenti SpA,Mersaco,Italy,666545.88,proxen 250,true
MED#7919,7919,98214/1,PROXEN 500,,,20,"Tablet, film coated",Farmaceutici Formenti SpA,Mersaco,Italy,915156.7424999998,proxen 500,true
MED#4464,4464,208323/97,PROXETIN,,20mg,14,Capsule,Mediphar Laboratories,Medapharm Healthcare SAL,Lebanon,374996.05000000005,proxetin,true
MED#10919,10919,161120/1,PROXIDA,,200mcg/2ml,1Vial 2ml,Concentrate for solution for infusion,Hikma Farmaceutica SA,Droguerie Mercury S.A.L.,Portugal,1771184.415,proxida,true
MED#8469,8469,106215/1,PRYLEX 10,,10mg,30,"Tablet, film coated",Benta SAL,Benta Trading Co s.a.l.,Lebanon,767910.0000000001,prylex 10,true
MED#8470,8470,115515/1,PRYLEX 15,,15mg,30,"Tablet, film coated",Benta SAL,Benta Trading Co s.a.l.,Lebanon,921492.0000000001,prylex 15,true
MED#8471,8471,106315/1,PRYLEX 20,,20mg,30,"Tablet, film coated",Benta SAL,Benta Trading Co s.a.l.,Lebanon,972686,prylex 20,true
MED#8468,8468,115415/1,PRYLEX 5,,5mg,30,"Tablet, film coated",Benta SAL,Benta Trading Co s.a.l.,Lebanon,895895.0000000001,prylex 5,true
MED#4623,4623,20375,PSICODEX,,5mg,30,Tablet,Pharmadex,Pharmadex,Lebanon,152302.15,psicodex,true
MED#5121,5121,23742/07,PULMICORT,,0.5mg/ml,20x2ml,nebuliser suspension,AstraZeneca AB,Omnipharma,Sweden,2015763.7500000005,pulmicort,true
MED#11033,11033,50122/1,PULMOFIB 267,,267mg,100,"Tablet, film coated",MSN Laboratories Private Limited,Unipharm S.A.L.,India,20481043.816800002,pulmofib 267,true
MED#12622,12622,13624/1,PULMOFIB 801,,801mg,30,"Tablet, film coated",MSN Laboratories Private Limited,Unipharm S.A.L.,India,18699970.765896,pulmofib 801,true
MED#4540,4540,15890,PULMONAL EXPECTORANT,,,120ml,Syrup,Mephico SAL,Mephico S.A.L.,Lebanon,177899.15000000005,pulmonal expectorant,true
MED#4541,4541,22066,PULMONAL SIROP,,,120ml,Syrup,Mephico SAL,Mephico S.A.L.,Lebanon,148462.6,pulmonal sirop,true
MED#6048,6048,218702/10,PULMOZYME,,2.5mg/2.5ml,30 Ampoules,Solution for Inhalation,Woodstock Sterile Solutions,Omnipharma,USA,54658804.23675001,pulmozyme,true
MED#7622,7622,187095/13,PULOROS 28,,20mg,28,"Tablet, gastroresistant",Laboratorios Alter SA,Qualipharm,Spain,706861.1549999999,puloros 28,true
MED#9264,9264,86517/1,PUMPINOX,,40mg,28,"Tablet, enteric coated",Pharma International Co,Picomed SARL,Jordan,649075.9275,pumpinox,true
MED#10507,10507,118620/1,PUREGON,,600IU/0.72ml,1 Cartrige +2 Packs of 3 Pen Needles,Injectable solution,Vetter Pharma- Fertigung GmbH & Co KG,Droguerie de l'Union,Germany,21129178.114799995,puregon,true
MED#10508,10508,118220/1,PUREGON,,300IU/0.36ml,1 Cartrige +2 Packs of 3 Pen Needles,Injectable solution,Vetter Pharma- Fertigung GmbH & Co KG,Droguerie de l'Union,Germany,10919720.39445,puregon,true
MED#6962,6962,96700/12,PURI-NETHOL,,50mg,25,Tablet,Excella GmbH & Co KG,Abela Frères S.A.L.,Germany,830494.665,puri nethol,true
MED#7852,7852,81514/1,PURPLE LINE,,1.5mg,1,"Tablet, film coated",Pharmadex licensed by Orbucell pharma Canada,Medi drug International SAL (MDI),Lebanon,1071570.3569999998,purple line,true
MED#11833,11833,72523/1,PYLERA,,,120,Capsule,Confab Laboratories Inc,Droguerie Mercury S.A.L.,Canada,6156142.492500002,pylera,true
MED#12497,12497,53725/1,QUETIAKEY,,300mg,60,"Tablet, film coated",Pharminicio SL,Mediterranean Pharmaceutical Company,Spain,1947227.7825000002,quetiakey,true
MED#11077,11077,164620/1,QUETIAPINE BIOGARAN L.P.,,300mg,30,Comprimés à libération prolongée,Pharmathen International SA,Commercial and Trading Ressources SAL (CTR),Greece,1759089.8325000003,quetiapine biogaran l p,true
MED#11078,11078,164720/1,QUETIAPINE BIOGARAN L.P.,,400mg,30,Comprimés à libération prolongée,Pharmathen International SA,Commercial and Trading Ressources SAL (CTR),Greece,2612429.8200000008,quetiapine biogaran l p,true
MED#11079,11079,164520/1,QUETIAPINE BIOGARAN L.P.,,50mg,30,Comprimés à libération prolongée,Pharmathen International SA,Commercial and Trading Ressources SAL (CTR),Greece,1010569.5600000002,quetiapine biogaran l p,true
MED#8242,8242,63814/1,QUETIAPINE/ GENEPHARM,,25mg,60,"Tablet, film coated",Genepharm SA,Nobel Pharm Plus SARL,Greece,712236.525,quetiapine genepharm,true
MED#8243,8243,63914/1,QUETIAPINE/ GENEPHARM,,100mg,60,"Tablet, film coated",Genepharm SA,Nobel Pharm Plus SARL,Greece,1569608.04,quetiapine genepharm,true
MED#8244,8244,64014/1,QUETIAPINE/ GENEPHARM,,200mg,60,"Tablet, film coated",Genepharm SA,Nobel Pharm Plus SARL,Greece,2991393.4050000003,quetiapine genepharm,true
MED#8245,8245,64114/1,QUETIAPINE/ GENEPHARM,,300mg,30,"Tablet, film coated",Genepharm SA,Nobel Pharm Plus SARL,Greece,1988886.9000000001,quetiapine genepharm,true
MED#11403,11403,67218/1,QUINOMOX,,400mg,7,"Tablet, film coated",SAJA- Saudi Arabian Japanese Pharmaceutical Co,Food & Drug Corporation FDC,Saudi Arabia,912469.0575000002,quinomox,true
MED#9715,9715,168918/1,R-SOL,,,1000ml Viaflex bag,Injectable solution,Alfa Laboratoires S.A.L.,Alfa Laboratoires S.A.L.,Lebanon,205933.05599999998,r sol,true
MED#3757,3757,208020,RABEC,,10mg,28,"Tablet, coated",Laboratorio Elea Phoenix SA,Droguerie Phenicia,Argentine,212327.11500000002,rabec,true
MED#3758,3758,208021,RABEC,,20mg,14,"Tablet, coated",Laboratorio Elea Phoenix SA,Droguerie Phenicia,Argentine,212327.11500000002,rabec,true
MED#5081,5081,24504/07,RABEZOL 20,,20mg,10,"Tablet, enteric coated",Benta SAL,Benta Trading Co s.a.l.,Lebanon,282846.85000000003,rabezol 20,true
MED#5082,5082,24505/07,RABEZOL 20,,20mg,30,"Tablet, enteric coated",Benta SAL,Benta Trading Co s.a.l.,Lebanon,639925,rabezol 20,true
MED#11059,11059,58920/1,RABISHIELD-100 (RABIES HUMAN MONOCLONAL ANTIBODY rDNA),,100IU/2.5ml,1Vial,Injection,Serum Institute of India Pvt Ltd,Unipharm S.A.L.,India,8455823.512500001,rabishield 100 rabies human monoclonal antibody rdna,true
MED#11058,11058,30320/1,RABIVAX-S (RABIES VACCINE INACTIVATED),,,1dose,Freeze dried,Serum Institute of India Pvt Ltd,Unipharm S.A.L.,India,1552138.0875000006,rabivax s rabies vaccine inactivated,true
MED#11685,11685,21024/1,RACECADOTRIL ARROW,,100mg,20,Géllule,Qualimetrix SA,Darapharma S.A.L.,Greece,583227.6450000001,racecadotril arrow,true
MED#8760,8760,67216/1,RACECADOTRIL BGR,,100mg,20,Gélules,Laboratoires BTT,Commercial and Trading Ressources SAL (CTR),France,575164.59,racecadotril bgr,true
MED#8759,8759,67316/1,RACECADOTRIL BIOGARAN CONSEIL,,100mg,10,Gélules,Holsten Pharma GmbH,Commercial and Trading Ressources SAL (CTR),Germany,287582.295,racecadotril biogaran conseil,true
MED#9289,9289,2917/1,RADOLINE,,8mg/2ml,100Vials,Injection,Pharmadex licensed by Orbucell pharma Canada,Medi drug International SAL (MDI),Lebanon,3711565.0000000005,radoline,true
MED#9114,9114,61317/1,RALOXIFENE ARROW,,60mg,28,Comprime pellicules,APL Swift Services (Malta) Limited,Darapharma S.A.L.,Malta,1425816.8925,raloxifene arrow,true
MED#3483,3483,208851/03,RAMAZOL,,500mg,30,Tablet,RAM Pharmaceutical Industries Co Ltd,Premium Serve Drugstore Co. P.S.D. SAL,Jordan,216358.64250000002,ramazol,true
MED#7775,7775,186961/14,RAMEP,,20mg,14,"Tablet, gastroresistant","Pharmaline under license from Sandoz GmbH, Austria",Khalil Fattal & Fils S.A.L.,Lebanon,518808.94165099994,ramep,true
MED#7171,7171,97479/12,RAMIPRIL-REMEDICA,,10mg,30,Tablet,Remedica Ltd,Droguerie Columbus,Cyprus,896342.9475,ramipril remedica,true
MED#7172,7172,97478/12,RAMIPRIL-REMEDICA,,5mg,30,Tablet,Remedica Ltd,Droguerie Columbus,Cyprus,623542.9199999999,ramipril remedica,true
MED#10139,10139,113119/1,RAMIPRIL/AMLODIPINE GENERICON,,5mg/5mg,30,"Capsule, hard",Adamed Pharma S.A.,Algenericon Med,Poland,1358624.7675,ramipril amlodipine genericon,true
MED#10140,10140,113019/1,RAMIPRIL/AMLODIPINE GENERICON,,2.5mg/5mg,30,"Capsule, hard",Adamed Pharma S.A.,Algenericon Med,Poland,1358624.7675,ramipril amlodipine genericon,true
MED#10141,10141,113219/1,RAMIPRIL/AMLODIPINE GENERICON,,10mg/5mg,30,"Capsule, hard",Adamed Pharma S.A.,Algenericon Med,Poland,1358624.7675,ramipril amlodipine genericon,true
MED#10142,10142,113319/1,RAMIPRIL/AMLODIPINE GENERICON,,10mg/10mg,30,"Capsule, hard",Adamed Pharma S.A.,Algenericon Med,Poland,1358624.7675,ramipril amlodipine genericon,true
MED#8103,8103,23915/1,RANEXA,,500mg,60,"Tablet, prolonged release",Berlin Chemie AG,Mersaco,Germany,3985836.8550000004,ranexa,true
MED#8104,8104,24015/1,RANEXA,,750mg,60,"Tablet, prolonged release",Berlin Chemie AG,Mersaco,Germany,3985836.8550000004,ranexa,true
MED#8105,8105,23815/1,RANEXA,,375mg,60,"Tablet, prolonged release",Berlin Chemie AG,Mersaco,Germany,3985836.8550000004,ranexa,true
MED#11707,11707,30724/1,RAPAMUNE,,1mg,30,Tablet,Pfizer Ireland Pharmaceuticals,Mersaco,Ireland,12907489.367850002,rapamune,true
MED#7909,7909,96207/1,RAPICOD,,0.15%,200ml,Syrup,Hayat Pharmaceuticals Industries Co PLC,Macromed S.A.R.L.,Jordan,296989.1925,rapicod,true
MED#1497,1497,974019/02,RAPIDUS,,50mg,20,"Tablet, coated",Tabuk Pharmaceutical Manufacturing Company,Mersaco,Saudi Arabia,287582.295,rapidus,true
MED#9767,9767,186518/1,RASAGILINE BIOGARAN,,1mg,30,Comprimé,Remedica Ltd,Commercial and Trading Ressources SAL (CTR),Cyprus,5214108.9,rasagiline biogaran,true
MED#5583,5583,222377/08,RAVANA,,20mg,2,Tablet,Mediphar Laboratories,Pharmapro,Lebanon,500421.35000000003,ravana,true
MED#6557,6557,096208/11,RAVANA,,5mg,30,Tablet,Mediphar Laboratories,Pharmapro,Lebanon,1501264.0500000005,ravana,true
MED#9224,9224,142315/1,RAWEL SR,,1.5mg,30,"Tablet, prolonged release","KrKa, dd, Novo Mesto",Pharmamedic S.A.R.L.,Slovenia,362837.47500000003,rawel sr,true
MED#6439,6439,FE96430/11,RAZOLE 20,,20mg,10,"Tablet, enteric coated",Benta SAL,Benta Trading Co s.a.l.,Lebanon,282846.85000000003,razole 20,true
MED#7734,7734,FE096856/12,RAZOLE 20,,20mg,30,"Tablet, enteric coated",Benta SAL,Benta Trading Co s.a.l.,Lebanon,639925,razole 20,true
MED#10082,10082,71319/1,RAZON 20,,20mg,30,"Tablet, enteric coated",The Jordanian Pharmaceutical Manufacturing Co. (JPM),C. Catafago & Co,Jordan,747176.4299999998,razon 20,true
MED#11498,11498,76521/1,RAZON 40,,40mg,28,"Tablet, enteric coated",The Jordanian Pharmaceutical Manufacturing Co. (JPM),C. Catafago & Co,Jordan,1252461.2100000002,razon 40,true
MED#1859,1859,405949/00,RAZON 40,,40mg,14,"Tablet, enteric coated",The Jordanian Pharmaceutical Manufacturing & Co Ltd,C. Catafago & Co,Jordan,727018.7925,razon 40,true
MED#10330,10330,109618/1,RAZYLECT 0.5,,0.5mg,30,Tablet,Benta SAL,Benta Trading Co s.a.l.,Lebanon,2036369.3350000002,razylect 0 5,true
MED#10331,10331,109718/1,RAZYLECT 1,,1mg,30,Tablet,Benta SAL,Benta Trading Co s.a.l.,Lebanon,3532513.9850000003,razylect 1,true
MED#10840,10840,119220/1,REAGILA,,6mg,28,"Capsule, hard",Gedeon Richter PLC,Abela Frères S.A.L.,Hungary,6394002.615000002,reagila,true
MED#10841,10841,119120/1,REAGILA,,4.5mg,28,"Capsule, hard",Gedeon Richter PLC,Abela Frères S.A.L.,Hungary,6394002.615000002,reagila,true
MED#10842,10842,119020/1,REAGILA,,3mg,28,"Capsule, hard",Gedeon Richter PLC,Abela Frères S.A.L.,Hungary,6394002.615000002,reagila,true
MED#10843,10843,118920/1,REAGILA,,1.5mg,28,"Capsule, hard",Gedeon Richter PLC,Abela Frères S.A.L.,Hungary,6394002.615000002,reagila,true
MED#3426,3426,973729/02,REBIF,,44mcg (12MIU),12Prefilled syringes,Solution for injection,Merck Serono SpA,Food & Drug Corporation FDC,Italy,82479504.72411245,rebif,true
MED#12021,12021,140321/1,REBLOZYL,,25mg,1Vial,Powder for solution for injection,Patheon Italia SpA,Pacific pharma,Italy,125960784.42937502,reblozyl,true
MED#12022,12022,14021/1,REBLOZYL,,75mg,1Vial,Powder for solution for injection,Patheon Italia SpA,Pacific pharma,Italy,377881317.8010937,reblozyl,true
MED#10088,10088,139419/1,RECIGEN 44,,44mcg/0.5ml,12prefilled syringe,Solution for injection,Cinnagen Co,Lebiran SARL,Iran,15147973.092,recigen 44,true
MED#9762,9762,83014/1,RECOFACT VII,,1.2mg,1Vial + 1Vial of diluent,Lyophilizate for solution for Intavenous injection,"Manufactured by Generium CJSC, Russia for Benta SAL",Benta Trading Co s.a.l.,Lebanon,47533131.38,recofact vii,true
MED#9763,9763,94914/1,RECOFACT VIII,,500IU,1Vial + 1Vial of solvent,Lyophilizate for solution for Intavenous injection,"Manufactured by Generium CJSC, Russia for Benta SAL",Benta Trading Co s.a.l.,Lebanon,12049005.376799999,recofact viii,true
MED#9120,9120,28517/1,RECTOGESIC,,0.2% w/w,30g,Ointment,Mayne Pharma International Pty Ltd,Medis Pharm Drugstore,Australia,2553300.75,rectogesic,true
MED#1551,1551,20539,REDOXON EFF.ORANGE,,1g,15,Tablet,Delpharm Gaillard,Nouvelle Pharm Drugstore,France,366869.00249999994,redoxon eff orange,true
MED#12466,12466,141523/1,REFCON DOUBLE ACTION,,50mg+21.3mg+32.5mg/ml,200ml,Oral suspension,Vefa Ilac San. ve Tic. AS,Al Enas Pharm,Turkey,399121.2225000001,refcon double action,true
MED#10284,10284,162219/1,REFIXIA,,500IU,1Vial + 1pre-filled syringe,Powder and solvent for soution for injection,Novo Nordisk AS,Mersaco,Denmark,76080434.619,refixia,true
MED#10285,10285,162319/1,REFIXIA,,1000IU,1Vial + 1pre-filled syringe,Powder and solvent for soution for injection,Novo Nordisk AS,Mersaco,Denmark,149006583.79687497,refixia,true
MED#10286,10286,162419/1,REFIXIA,,2000IU,1Vial + 1pre-filled syringe,Powder and solvent for soution for injection,Novo Nordisk AS,Mersaco,Denmark,298171597.1095312,refixia,true
MED#8274,8274,61415/1,REGAINE FOAM FOR MEN,,5%,60g (Pack of 1),Cutaneous foam,Aerosol Service AG,Droguerie Columbus,Switzerland,1370719.3499999999,regaine foam for men,true
MED#8275,8275,61315/1,REGAINE FOAM FOR MEN,,5%,60g (Pack of 3),Cutaneous foam,Aerosol Service AG,Droguerie Columbus,Switzerland,3090837.7499999995,regaine foam for men,true
MED#12247,12247,123023/1,RELANCIUM,,100mg/ml,10Vials,Solution for injection,Hikma Farmaceutica (Portugal) SA,Droguerie Mercury S.A.L.,Portugal,45660027.94500001,relancium,true
MED#8106,8106,128314/1,RELAXINE TRENKER,,500mg,30,Comprimés enrobés,SA Laboratoires Pharmaceutiques Trenker,Biopharm,Belgium,1134203.07,relaxine trenker,true
MED#7152,7152,218144/09,RELAXON,,,30,Capsule,Jamjoum Pharmaceuticals,Droguerie Mercury S.A.L.,Saudi Arabia,296989.1925,relaxon,true
MED#10010,10010,187818/1,RELI-FLU,,,20,"Tablet, film coated",Pharmaline SAL,Pharmaline S.A.L.,Lebanon,139503.65000000002,reli flu,true
MED#6940,6940,96591/12,RELIEFAST,,4mg,28,"Tablet, chewable","Adamed Pharma S.A., Pabianice, Poland, for Arwan Pharmaceutical industries Lebanon SAL",Raymond Georges Abou Adal & Co,Lebanon,1034118.8000000003,reliefast,true
MED#6941,6941,96593/12,RELIEFAST,,10mg,28,"Tablet, film coated","Adamed Pharma S.A., Pabianice, Poland, for Arwan Pharmaceutical industries Lebanon SAL",Raymond Georges Abou Adal & Co,Lebanon,844701.0000000001,reliefast,true
MED#6942,6942,96592/12,RELIEFAST,,5mg,28,"Tablet, chewable","Adamed Pharma S.A., Pabianice, Poland, for Arwan Pharmaceutical industries Lebanon SAL",Raymond Georges Abou Adal & Co,Lebanon,1034118.8000000003,reliefast,true
MED#7907,7907,116014/1,RELVAR ELLIPTA,,200mcg/25mcg,30 pre-dispensed doses,Inhalation powder,Glaxo Operations UK Ltd,Abela Frères S.A.L.,UK,3928051.627500001,relvar ellipta,true
MED#7908,7908,116114/1,RELVAR ELLIPTA,,100mcg/25mcg,30 pre-dispensed doses,Inhalation powder,Glaxo Operations UK Ltd,Abela Frères S.A.L.,UK,3928051.627500001,relvar ellipta,true
MED#3047,3047,261364,REMERON SOLTAB,,30mg,3x10,"Tablet, orodispersible",Anesta LLC,Droguerie de l'Union,USA,1486289.8050000004,remeron soltab,true
MED#6320,6320,195461/04,REMETHAN,,50mg,2x10,Tablet,Remedica Ltd,Droguerie Columbus,Cyprus,196201.005,remethan,true
MED#4028,4028,23638/06,REMICADE,,100mg,1vial,powder for concentrate for solution for infusion,Cilag AG,Abela Frères S.A.L.,Switzerland,30111023.216484,remicade,true
MED#11205,11205,144121/1,REMIDOL,,650mg/20mg/4mg,10Sachets,Granules for oral solution EFG,Farmasierra Manufacturing SL,Macromed S.A.R.L.,Spain,537537.0000000001,remidol,true
MED#8101,8101,186198/13,REMIFENTANIL MEDIS,,5mg,5Vials,Poudre pour préparation injectable ou pour perfusion IV,Les Laboratoires Medis SA,Medis Pharm Drugstore,Tunisia,2576146.0725000002,remifentanil medis,true
MED#8102,8102,186199/13,REMIFENTANIL MEDIS,,1mg,5Vials,Poudre pour préparation injectable ou pour perfusion IV,Les Laboratoires Medis SA,Medis Pharm Drugstore,Tunisia,1101950.85,remifentanil medis,true
MED#9859,9859,66716/1,REMSIMA,,100mg,1Vial,Powder for concentration for solution for infusion,"Celltrion Inc., secondary packed by Hikma Pharmaceuticals, Jordan",Droguerie Mercury S.A.L.,Korea,24943134.20246868,remsima,true
MED#11284,11284,24622/1,REMSIMA SC,,120mg/ml,Pack of 2pre-filled syringe with needle guard,Solution for injection,Vetter Pharma- Fertigung GmbH & Co KG under Licensed from Celltrion Inc.,Droguerie Mercury S.A.L.,Germany,70073518.78800002,remsima sc,true
MED#11285,11285,24722/1,REMSIMA SC,,120mg/ml,Pack of 4pre-filled pen,Solution for injection,Vetter Pharma- Fertigung GmbH & Co KG under Licensed from Celltrion Inc.,Droguerie Mercury S.A.L.,Germany,125560050.94828123,remsima sc,true
MED#11286,11286,24322/1,REMSIMA SC,,120mg/ml,Pack of 2pre-filled pen,Solution for injection,Vetter Pharma- Fertigung GmbH & Co KG under Licensed from Celltrion Inc.,Droguerie Mercury S.A.L.,Germany,70073518.78800002,remsima sc,true
MED#11287,11287,24222/1,REMSIMA SC,,120mg/ml,Pack of 1pre-filled pen,Solution for injection,Vetter Pharma- Fertigung GmbH & Co KG under Licensed from Celltrion Inc.,Droguerie Mercury S.A.L.,Germany,36881037.564,remsima sc,true
MED#11288,11288,24522/1,REMSIMA SC,,120mg/ml,Pack of 4pre-filled syringe with needle guard,Solution for injection,Vetter Pharma- Fertigung GmbH & Co KG under Licensed from Celltrion Inc.,Droguerie Mercury S.A.L.,Germany,125560050.94828123,remsima sc,true
MED#11289,11289,24422/1,REMSIMA SC,,120mg/ml,Pack of 1pre-filled syringe with needle guard,Solution for injection,Vetter Pharma- Fertigung GmbH & Co KG under Licensed from Celltrion Inc.,Droguerie Mercury S.A.L.,Germany,36881037.564,remsima sc,true
MED#7543,7543,96594/12,RENEBO,,0.25% w/w,30g,Ointment,Pharma International Co,Picomed SARL,Jordan,456906.44999999995,renebo,true
MED#8169,8169,54115/1,RENNIE,,,96,"Tablet, chewable",Delpharm Gaillard,Nouvelle Pharm Drugstore,France,240547.8075,rennie,true
MED#7265,7265,167200/10,RENVELA,,800mg,180,"Tablet, film coated",Sanofi Winthrop Industrie,Mersaco,France,8386876.028475001,renvela,true
MED#9235,9235,79917/1,REPAGLINIDE ARROW LAB,,0.5mg,90,Comprimes,APL Swift Services (Malta) Limited,Darapharma S.A.L.,Malta,831838.5075000002,repaglinide arrow lab,true
MED#9236,9236,80017/1,REPAGLINIDE ARROW LAB,,1mg,90,Comprimes,APL Swift Services (Malta) Limited,Darapharma S.A.L.,Malta,831838.5075000002,repaglinide arrow lab,true
MED#9237,9237,80117/1,REPAGLINIDE ARROW LAB,,2mg,90,Comprimes,APL Swift Services (Malta) Limited,Darapharma S.A.L.,Malta,831838.5075000002,repaglinide arrow lab,true
MED#10158,10158,97819/1,REPARIL,,,40,Dragée,Madaus GmbH,Omnipharma,Germany,510660.14999999997,reparil,true
MED#10168,10168,98019/1,REPARIL GEL-N,,40g,,Gel,Madaus GmbH,Omnipharma,Germany,481095.615,reparil gel n,true
MED#8542,8542,174615/1,REPATHA,,140mg,2 prefilled pen,Solution for injection,Amgen Manufacturing Ltd,Mersaco,USA,44151793.09800001,repatha,true
MED#7234,7234,166782/11,RESICAL,,,300g,Powder,Jordan River Pharmaceutical Industries LLC,Atrissi SARL,Jordan,1292776.485,resical,true
MED#10915,10915,187319/1,RESINCALCIO,,,400g,Powder for oral suspension,Laboratorios Rubio SA.,Mediterranean Pharmaceutical Company,Spain,1916319.4050000005,resincalcio,true
MED#8444,8444,106015/1,RESINCOLESTIRAMINA,,4g,50Sachets,Powder for oral suspension,Laboratorios Rubio SA.,Mediterranean Pharmaceutical Company,Spain,3661970.8125000005,resincolestiramina,true
MED#9368,9368,131516/1,RESINSODIO,,,400g,Powder for oral suspension,Laboratorios Rubio SA.,Mediterranean Pharmaceutical Company,Spain,3816512.7,resinsodio,true
MED#11540,11540,73923/1,RESOLOR,,1mg,28,"Tablet, film coated",Janssen Cilag SpA,Mersaco,Italy,3273600.3300000005,resolor,true
MED#11541,11541,74023/1,RESOLOR,,2mg,28,"Tablet, film coated",Janssen Cilag SpA,Mersaco,Italy,5251736.49,resolor,true
MED#5958,5958,218807/09,RESPAL 1,,1mg,20,"Caplet, film coated",Joswe Medical (Jordan Sweden Medical and Sterilization Co),The Lebanese Pharmacists SAL,Jordan,309083.775,respal 1,true
MED#5042,5042,194107/05,RESPAL 2,,2mg,20,"Caplet, film coated",Joswe Medical (Jordan Sweden Medical and Sterilization Co),The Lebanese Pharmacists SAL,Jordan,342679.8375,respal 2,true
MED#5040,5040,194102/05,RESPAL 4,,4mg,20,"Caplet, film coated",Joswe Medical (Jordan Sweden Medical and Sterilization Co),The Lebanese Pharmacists SAL,Jordan,557694.6375000001,respal 4,true
MED#10261,10261,160619/1,RESTASIS,,0.05%,30 x 0.4ml,Sterile Ophtalmic Emulsion,Allergan Sales LLC,Mersaco,USA,4100063.4675000017,restasis,true
MED#11731,11731,85823/1,RESTASIS,,0.05%,30 x 0.4ml,Sterile Ophtalmic Emulsion,Allergan Sales LLC,Mersaco,USA,4100063.4675000017,restasis,true
MED#5336,5336,24716/07,RESTRALINE,,50mg,30,"Tablet, film coated",Benta SAL,Benta Trading Co s.a.l.,Lebanon,575932.5,restraline,true
MED#4336,4336,79,RESTROPINAL PEDIATRIC,,,25ml,Drops,Algorithm S.A.L.,Droguerie de l'Union,Lebanon,197096.90000000002,restropinal pediatric,true
MED#3414,3414,27099,RETACNYL - 0.05 %,,0.05%,30g,Crème dermique,Galderma,Raymond Georges Abou Adal & Co,France,584571.4875,retacnyl 0 05,true
MED#4466,4466,25653,RETADOX,,100mg,10,Capsule,Mediphar Laboratories,Medapharm Healthcare SAL,Lebanon,209895.40000000002,retadox,true
MED#4467,4467,38691/96,RETINOMYCIN,,,40g,Gel,Mediphar Laboratories,Medapharm Healthcare SAL,Lebanon,662962.3,retinomycin,true
MED#7535,7535,187084/13,REUTENOX,,20mg,20,"Tablet, coated",Laboratorios Rubio SA.,Wellpharm,Spain,576508.4325,reutenox,true
MED#11894,11894,22421/1,REVCOX,,200mg,20,Capsule,Lek Pharmaceuticals dd,Khalil Fattal & Fils S.A.L.,Slovenia,506628.6225000002,revcox,true
MED#8433,8433,112715/1,REVCOX,,200mg,20,Capsule,Lek Pharmaceuticals dd,Khalil Fattal & Fils S.A.L.,Slovenia,506628.6225,revcox,true
MED#11200,11200,179217/1,REVIXIL 20,,,1Vial,Injectable,Mr Pharma SA,Droguerie Phenicia,Argentine,248280900.00557807,revixil 20,true
MED#6055,6055,218105/09,REVLIMID,,5mg,21,"Capsule, hard",Celgene International SARL,Droguerie de l'Union,Switzerland,105106075.61999997,revlimid,true
MED#6056,6056,218106/09,REVLIMID,,10mg,21,"Capsule, hard",Celgene International SARL,Droguerie de l'Union,Switzerland,110200671.81375,revlimid,true
MED#6057,6057,218107/09,REVLIMID,,15mg,21,"Capsule, hard",Celgene International SARL,Droguerie de l'Union,Switzerland,116241703.15406248,revlimid,true
MED#6058,6058,218108/09,REVLIMID,,25mg,21,"Capsule, hard",Celgene International SARL,Droguerie de l'Union,Switzerland,127865045.07984374,revlimid,true
MED#7342,7342,97482/12,REVODINE,,300mg,60,"Tablet, film coated","Benta SAL (Packing) manufactured by Hetero Labs Ltd, India",Benta Trading Co s.a.l.,Lebanon,7771552.25595,revodine,true
MED#11624,11624,21623/1,REVOLADE,,50mg,28,"Tablet, film coated",Novartis Pharmaceuticals Manufacturing LLC,Khalil Fattal & Fils S.A.L.,Slovenia,112547132.19031379,revolade,true
MED#11625,11625,120416/1,REVOLADE,,25mg,28,"Tablet, film coated",Novartis Pharmaceuticals Manufacturing LLC,Khalil Fattal & Fils S.A.L.,Slovenia,56272181.6834738,revolade,true
MED#7855,7855,186119/13,REZAL XR,,50mg,30,"Tablet, extended release",Tabuk Pharmaceutical Manufacturing Company,Mersaco,Saudi Arabia,533505.4725,rezal xr,true
MED#7856,7856,186124/13,REZAL XR,,200mg,30,"Tablet, extended release",Tabuk Pharmaceutical Manufacturing Company,Mersaco,Saudi Arabia,2116551.9375000005,rezal xr,true
MED#7982,7982,186125/13,REZAL XR,,300mg,30,"Tablet, extended release",Tabuk Pharmaceutical Manufacturing Company,Mersaco,Saudi Arabia,2535830.797500001,rezal xr,true
MED#6865,6865,166965/11,RHESONATIV,,625IU/ml,1Amp x2ml,Injectable solution,Octapharma AB,Mediterranean Pharmaceutical Company,Sweden,12281758.427925,rhesonativ,true
MED#11716,11716,140023/1,RHINOSTOP,,,20,"Tablet, film coated",Pharmadex,Pharmadex,Lebanon,534977.3,rhinostop,true
MED#4029,4029,23859/07,RHOPHYLAC 300,,300mcg/2ml,1prefilled syringe,solution for IV or IM injection,CSL Behring AG,Benta Trading Co s.a.l.,Switzerland,5939783.850000001,rhophylac 300,true
MED#10552,10552,73420/1,RIBAVAN,,15mg,30,"Tablet, film coated","Algorithm S.A.L. (Packager and final batch releaser), S.C. Labormed-Pharma SA, Romania or Saneca Pharmaceuticals a.s, Slovak Republic (Bulk mamufacturer)",Droguerie de l'Union,Lebanon,1343842.4999999998,ribavan,true
MED#10553,10553,73520/1,RIBAVAN,,20mg,30,"Tablet, film coated","Algorithm S.A.L. (Packager and final batch releaser), S.C. Labormed-Pharma SA, Romania or Saneca Pharmaceuticals a.s, Slovak Republic (Bulk mamufacturer)",Droguerie de l'Union,Lebanon,1343842.4999999998,ribavan,true
MED#10554,10554,73320/1,RIBAVAN,,10mg,10,"Tablet, film coated","Algorithm S.A.L. (Packager and final batch releaser), S.C. Labormed-Pharma SA, Romania or Saneca Pharmaceuticals a.s, Slovak Republic (Bulk mamufacturer)",Droguerie de l'Union,Lebanon,959887.5,ribavan,true
MED#10555,10555,73220/1,RIBAVAN,,2.5mg,60,"Tablet, film coated","Algorithm S.A.L. (Packager and final batch releaser), S.C. Labormed-Pharma SA, Romania or Saneca Pharmaceuticals a.s, Slovak Republic (Bulk mamufacturer)",Droguerie de l'Union,Lebanon,3199625.0000000005,ribavan,true
MED#7587,7587,186958/14,RIBOMUSTIN,,2.5mg/ml (100mg),1Vial,Injectable powder for concentrate for solution for infusion,Haupt Pharma Wolfratshausen GmbH,Mersaco,Germany,31939806.502799995,ribomustin,true
MED#11071,11071,93622/1,RILUTEK,,50mg,56,"Tablet, film coated",Opella Healthcare International SAS,Mersaco,France,15886212.1236,rilutek,true
MED#12206,12206,76024/1,RILUTEK,,50mg,56,"Tablet, film coated",Opella Healthcare International SAS,Mersaco,France,15886212.1236,rilutek,true
MED#3340,3340,208872/03,RILUTEK,,50mg,56,"Tablet, film coated",Sanofi Winthrop Industrie,Mersaco,France,15886212.1236,rilutek,true
MED#9746,9746,84716/1,RINA,,,100ml,Syrup,Dar Al Dawa Development & Investment Co Ltd,Sadco,Jordan,159917.25749999998,rina,true
MED#9747,9747,59516/1,RINA 5,,,10,"Tablet, film coated",Dar Al Dawa Development & Investment Co Ltd,Sadco,Jordan,134384.25,rina 5,true
MED#8284,8284,117214/1,RINALGIT,,10mg/ml,Bottle 20ml,Oral drops solution,ABC Farmaceutici SpA,Macromed S.A.R.L.,Italy,237860.1225,rinalgit,true
MED#5234,5234,24915/07,RINEX,,,120 puffs,Nasal Spray,Mediphar Laboratories,Pharmapro,Lebanon,470984.8000000001,rinex,true
MED#12469,12469,16422/1,RINGER INJECTION,,,1000ml,Solution USP,Serum and Solutions SAL,A Pharma Solutions SAL,Lebanon,204554.04,ringer injection,true
MED#4181,4181,2713/94,RINGER'S INJECTION USP,,,250ml,Injectable solution,Alfa Laboratoires S.A.L.,Alfa Laboratoires S.A.L.,Lebanon,129933.95200000002,ringer s injection usp,true
MED#4182,4182,2713/94,RINGER'S INJECTION USP,,,500ml Viaflex bag,Injectable solution,Alfa Laboratoires S.A.L.,Alfa Laboratoires S.A.L.,Lebanon,199957.31999999998,ringer s injection usp,true
MED#4184,4184,2713/94,RINGER'S INJECTION USP,,,1000ml Viaflex bag,Injectable solution,Alfa Laboratoires S.A.L.,Alfa Laboratoires S.A.L.,Lebanon,205933.05599999998,ringer s injection usp,true
MED#9714,9714,168818/1,RINGER'S INJECTION USP,,,1000ml Non PVC bag,Injectable solution,Alfa Laboratoires S.A.L.,Alfa Laboratoires S.A.L.,Lebanon,224565.0944,ringer s injection usp,true
MED#4784,4784,2095/94,"RINGER'S INJECTION, USP",,,1000ml,,Serum Products,Serum Products,Lebanon,204554.04,ringer s injection usp,true
MED#4785,4785,2095/94,"RINGER'S INJECTION, USP",,,500ml,,Serum Products,Serum Products,Lebanon,189614.69999999998,ringer s injection usp,true
MED#4786,4786,2095/94,"RINGER'S INJECTION, USP",,,250ml,,Serum Products,Serum Products,Lebanon,154449.79199999996,ringer s injection usp,true
MED#3490,3490,195335/04,RINISONA,,50mcg/dose,120,Spray with dosing valve,Laboratorio Elea Phoenix SA,Droguerie Phenicia,Argentine,556350.795,rinisona,true
MED#5915,5915,221730/08,RINOFLUIMUCIL,,1%+0.5%,10ml,Nasal spray solution,Zambon SpA,BiofinPharma Middle East S.A.L.,Italy,419278.86000000004,rinofluimucil,true
MED#10374,10374,45520/1,RINVOQ,,15mg,30,"Tablet, prolonged release",Abbvie Ireland NL BV,Interpharma S.A.L.,Ireland,45469094.23875,rinvoq,true
MED#8261,8261,186382/13,RISCHOTIC OD 1,,1mg,30,"Tablet, orally disintegrating",Benta SAL,Benta Trading Co s.a.l.,Lebanon,371156.5,rischotic od 1,true
MED#8262,8262,186383/13,RISCHOTIC OD 2,,2mg,30,"Tablet, orally disintegrating",Benta SAL,Benta Trading Co s.a.l.,Lebanon,371156.5,rischotic od 2,true
MED#8263,8263,186384/13,RISCHOTIC OD 3,,3mg,30,"Tablet, orally disintegrating",Benta SAL,Benta Trading Co s.a.l.,Lebanon,605369.0500000002,rischotic od 3,true
MED#8264,8264,186385/13,RISCHOTIC OD 4,,4mg,30,"Tablet, orally disintegrating",Benta SAL,Benta Trading Co s.a.l.,Lebanon,605369.0500000002,rischotic od 4,true
MED#9008,9008,33917/1,RISEDRONATE ARROW,,35mg,4,"Tablet, film coated",APL Swift Services (Malta) Limited,Darapharma S.A.L.,Malta,671921.25,risedronate arrow,true
MED#1553,1553,261381/98,RISEK,,20mg,14,Capsule,Julphar,Pharmanet Drugstore S.A.R.L.,United Arab Emirates,302364.5625,risek,true
MED#1554,1554,78754/98,RISEK,,40mg,14,Capsule,Julphar,Pharmanet Drugstore S.A.R.L.,United Arab Emirates,522754.73250000004,risek,true
MED#1555,1555,973916/02,RISEK,,40mg,1Vial,Lyophilised powder for IV Infusion/ Injection,Julphar,Pharmanet Drugstore S.A.R.L.,United Arab Emirates,592634.5425,risek,true
MED#10521,10521,17020/1,RISPERDAL,,1mg,20,"Tablet, film coated",Janssen Cilag SpA,Mersaco,Italy,323866.04250000004,risperdal,true
MED#10522,10522,17120/1,RISPERDAL,,2mg,20,"Tablet, film coated",Janssen Cilag SpA,Mersaco,Italy,323866.04250000004,risperdal,true
MED#10523,10523,17220/1,RISPERDAL,,4mg,20,"Tablet, film coated",Janssen Cilag SpA,Mersaco,Italy,525442.4175000001,risperdal,true
MED#2650,2650,208339,RISPERDAL,,1mg,20,"Tablet, film coated",Janssen Cilag SpA,Mersaco,Italy,323866.04250000004,risperdal,true
MED#2669,2669,236400,RISPERDAL,,1mg/ml,100ml,Oral Solution,Janssen Pharmaceutica NV,Mersaco,Belgium,1377438.5625000005,risperdal,true
MED#4070,4070,194144/05,RISPERDAL,,2mg,20,"Tablet, film coated",Janssen Cilag SpA,Mersaco,Italy,323866.04250000004,risperdal,true
MED#4071,4071,194143/05,RISPERDAL,,4mg,20,"Tablet, film coated",Janssen Cilag SpA,Mersaco,Italy,525442.4175000001,risperdal,true
MED#9879,9879,17119/1,RISPERDAL,,1mg/ml,100ml,Oral Solution,Janssen Pharmaceutica NV,Mersaco,Belgium,1377438.5625000005,risperdal,true
MED#11074,11074,56421/1,RISPERIDONE BIOGARAN,,1mg,60,Comprimés pelliculés sécables,Egis Pharmaceuticals PLC,Commercial and Trading Ressources SAL (CTR),Hungary,643700.5575000001,risperidone biogaran,true
MED#11075,11075,56521/1,RISPERIDONE BIOGARAN,,2mg,60,Comprimés pelliculés sécables,Egis Pharmaceuticals PLC,Commercial and Trading Ressources SAL (CTR),Hungary,1488977.4900000005,risperidone biogaran,true
MED#11076,11076,56621/1,RISPERIDONE BIOGARAN,,4mg,30,Comprimés pelliculés sécables,Egis Pharmaceuticals PLC,Commercial and Trading Ressources SAL (CTR),Hungary,1105982.3775000002,risperidone biogaran,true
MED#885,885,38930/96,RITALIN,,10mg,2x15,Tablet,Siegfried Barbera SL,Droguerie Fattal S.A.L.,Spain,376275.9,ritalin,true
MED#1557,1557,208328/02,RITHROCID,,500mg,14,"Tablet, film coated",Julphar,Pharmanet Drugstore S.A.R.L.,United Arab Emirates,686703.5175000001,rithrocid,true
MED#11602,11602,107223/1,RITUXIREL,,100mg,1Vial of 10ml,injection,Reliance Life Sciences pvt Ltd,Levant Pulse SARL,India,11708063.325,rituxirel,true
MED#11603,11603,107123/1,RITUXIREL,,500mg,1Vial of 50ml,injection,Reliance Life Sciences pvt Ltd,Levant Pulse SARL,India,45258360.00000001,rituxirel,true
MED#10416,10416,31020/1,RIVASTIGMINE ARROW,,1.5mg,28,Capsule,Generis Farmaceutica SA,Darapharma S.A.L.,Portugal,684015.8325000001,rivastigmine arrow,true
MED#10417,10417,30920/1,RIVASTIGMINE ARROW,,3mg,28,Capsule,Generis Farmaceutica SA,Darapharma S.A.L.,Portugal,842589.2475,rivastigmine arrow,true
MED#10418,10418,31520/1,RIVASTIGMINE ARROW,,4.5mg,28,Capsule,Generis Farmaceutica SA,Darapharma S.A.L.,Portugal,842589.2475,rivastigmine arrow,true
MED#8949,8949,133616/1,RIVASTIGMINE ARROW,,1.5mg,28,Capsule,APL Swift Services (Malta) Limited,Darapharma S.A.L.,Malta,684015.8325000001,rivastigmine arrow,true
MED#8950,8950,133716/1,RIVASTIGMINE ARROW,,3mg,28,Capsule,APL Swift Services (Malta) Limited,Darapharma S.A.L.,Malta,842589.2475,rivastigmine arrow,true
MED#8951,8951,133816/1,RIVASTIGMINE ARROW,,4.5mg,28,Capsule,APL Swift Services (Malta) Limited,Darapharma S.A.L.,Malta,842589.2475,rivastigmine arrow,true
MED#11305,11305,67822/1,RIVOTRIL,,0.5mg,50,Tablet,Recipharm Leganes S.L.U.,Omnipharma,Spain,403152.7500000001,rivotril,true
MED#11306,11306,69222/1,RIVOTRIL,,2mg,30,Tablet,Recipharm Leganes S.L.U.,Omnipharma,Spain,503940.9375000001,rivotril,true
MED#10413,10413,140418/1,RIXALTA 10,,10mg,10,"Tablet, film coated",Benta SAL,Benta Trading Co s.a.l.,Lebanon,671921.2499999999,rixalta 10,true
MED#10411,10411,140518/1,RIXALTA 15,,15mg,30,"Tablet, film coated",Benta SAL,Benta Trading Co s.a.l.,Lebanon,1164663.4999999998,rixalta 15,true
MED#10412,10412,140618/1,RIXALTA 20,,20mg,30,"Tablet, film coated",Benta SAL,Benta Trading Co s.a.l.,Lebanon,1164663.4999999998,rixalta 20,true
MED#9383,9383,41818/1,RIXATHON,,500mg,1 vial of 50ml,Concentrate for solution for infusion,Lek Pharmaceuticals dd,Khalil Fattal & Fils S.A.L.,Slovenia,66951898.80932407,rixathon,true
MED#9384,9384,42018/1,RIXATHON,,100mg,2 vials of 10ml,Concentrate for solution for infusion,Lek Pharmaceuticals dd,Khalil Fattal & Fils S.A.L.,Slovenia,28438095.728149135,rixathon,true
MED#9385,9385,41918/1,RIXATHON,,500mg,2 vials of 50ml,Concentrate for solution for infusion,Lek Pharmaceuticals dd,Khalil Fattal & Fils S.A.L.,Slovenia,116417745.14033473,rixathon,true
MED#12393,12393,179617/1,RIZATRIPTAN ARROW,,10mg,12,"Tablet, orodispersible",APL Swift Services (Malta) Limited,Darapharma S.A.L.,Malta,1241710.47,rizatriptan arrow,true
MED#9542,9542,179617/1,RIZATRIPTAN ARROW,,10mg,12,Tablet,APL Swift Services (Malta) Limited,Darapharma S.A.L.,Malta,1182581.4000000001,rizatriptan arrow,true
MED#12584,12584,200525/1,ROACCUTANE,,10mg,30,Capsule,Catalent Germany Eberbach GmbH,Omnipharma,Germany,1353249.3975000004,roaccutane,true
MED#12585,12585,197225/1,ROACCUTANE,,20mg,30,Capsule,Catalent Germany Eberbach GmbH,Omnipharma,Germany,2354412.0600000005,roaccutane,true
MED#1561,1561,26401,ROACCUTANE,,10mg,30,Capsule,Catalent Germany Eberbach GmbH,Omnipharma,Germany,1353249.3975000004,roaccutane,true
MED#1562,1562,26403,ROACCUTANE,,20mg,30,Capsule,Catalent Germany Eberbach GmbH,Omnipharma,Germany,2354412.0600000005,roaccutane,true
MED#8928,8928,92416/1,ROACCUTANE,,0.05%,30g,Gel pour application locale,S.E.R.P,Ibra Haddad et Fils,Monaco,1730869.1400000001,roaccutane,true
MED#1571,1571,25465,ROCEPHIN IM,,1g,1,Vial + Solvent,F. Hoffmann La Roche Ltd,Omnipharma,Switzerland,731050.3200000001,rocephin im,true
MED#1570,1570,25468,ROCEPHIN IV,,1g,1,Vial + Solvent,F. Hoffmann La Roche Ltd,Omnipharma,Switzerland,757927.17,rocephin iv,true
MED#9127,9127,187458/13,ROCICARE,,1g,50 vials,Injection,Swiss Parenterals Ltd,Drugstore 3U S.A.R.L.,India,9382061.4111,rocicare,true
MED#11845,11845,161923/1,ROCUCELL,,50mg/5ml,Box of 10Vials,Injection,Packed by Pharmadex SAL Lebanon under license from Orbucell Pharma Canada,Medi drug International SAL (MDI),Lebanon,3633494.1500000004,rocucell,true
MED#796,796,974475/00,ROFENAC D,,50mg,20,Tablet,Spimaco,Khalil Fattal & Fils S.A.L.,Saudi Arabia,408528.12,rofenac d,true
MED#12383,12383,70823/1,ROLIP,,,30g,Ointment,Tabuk Pharmaceutical Manufacturing Company,Mersaco,Saudi Arabia,1574983.4100000004,rolip,true
MED#12441,12441,52222/1,ROLITAC XR,,5mg,100,"Capsule, hard, prolonged release",Lek Pharmaceuticals dd,Khalil Fattal & Fils S.A.L.,Slovenia,51728042.56200001,rolitac xr,true
MED#12442,12442,52122/1,ROLITAC XR,,3mg,100,"Capsule, hard, prolonged release",Lek Pharmaceuticals dd,Khalil Fattal & Fils S.A.L.,Slovenia,34888502.93040001,rolitac xr,true
MED#12443,12443,52022/1,ROLITAC XR,,1mg,100,"Capsule, hard, prolonged release",Lek Pharmaceuticals dd,Khalil Fattal & Fils S.A.L.,Slovenia,12138659.876175001,rolitac xr,true
MED#12444,12444,51922/1,ROLITAC XR,,0.5mg,100,"Capsule, hard, prolonged release",Lek Pharmaceuticals dd,Khalil Fattal & Fils S.A.L.,Slovenia,6329498.175000001,rolitac xr,true
MED#2973,2973,208576/03,ROMILAST,,10mg,10,Tablet,Sun Pharmaceuticals Industries Ltd,Mediterranean Pharmaceutical Company,India,228453.225,romilast,true
MED#5353,5353,24105/06,ROMILAST,,5mg,30,Tablet,Sun Pharmaceuticals Industries Ltd,Mediterranean Pharmaceutical Company,India,518723.2050000002,romilast,true
MED#5354,5354,221981/06,ROMILAST,,4mg,30,Tablet,Sun Pharmaceuticals Industries Ltd,Mediterranean Pharmaceutical Company,India,405840.4350000001,romilast,true
MED#12287,12287,25824/1,RONKOTOL,,2.5mg/2.5ml,Single dose vial/ 20Nebules,Solution for inhalation,Vem Ilac San. Ve Tic AS,New Europharm,Turkey,470344.8750000001,ronkotol,true
MED#12390,12390,156625/1,ROPENEM 1000 BENTA,,1000mg,10vials,Injectable,Benta SAL,Benta Trading Co s.a.l.,Lebanon,8675117.397,ropenem 1000 benta,true
MED#6513,6513,222474/08,ROPENEM 1000 BENTA,,1000mg,1vial,Injectable,Benta SAL,Benta Trading Co s.a.l.,Lebanon,995723.3000000003,ropenem 1000 benta,true
MED#7101,7101,186264/13,ROPIVACAINA MOLTENI,,7.5mg/ml,5 ampoules x 10ml,Solution for injection,L. Molteni & C.dei F.LLi Alitti societa.di.Esercizio SpA,Macromed S.A.R.L.,Italy,2332910.5799999996,ropivacaina molteni,true
MED#10275,10275,159619/1,ROPIVACAINE B. BRAUN,,7.5mg/ml (75mg/10ml),20 plastic Ampoules x 10ml,Solution for Injection,B. Braun Melsungen AG,Droguerie de l'Union,Germany,4831113.7875,ropivacaine b braun,true
MED#6301,6301,167998/11,ROSUCOR,,40mg,30,"Tablet, film coated",Pharmaline SAL,Pharmaline S.A.L.,Lebanon,487622.85000000015,rosucor,true
MED#6302,6302,167996/11,ROSUCOR,,10mg,30,"Tablet, film coated",Pharmaline SAL,Pharmaline S.A.L.,Lebanon,487622.85000000015,rosucor,true
MED#6303,6303,167997/11,ROSUCOR,,20mg,30,"Tablet, film coated",Pharmaline SAL,Pharmaline S.A.L.,Lebanon,487622.85000000015,rosucor,true
MED#7724,7724,186814/14,ROSUCOR,,5mg,30,"Tablet, film coated",Pharmaline SAL,Pharmaline S.A.L.,Lebanon,360917.7,rosucor,true
MED#11345,11345,FE15123/1,ROSUPHAR,,5mg,30,"Tablet, film coated",Pharmaline SAL,Pharmaline S.A.L.,Lebanon,360917.7,rosuphar,true
MED#11346,11346,FE15223/1,ROSUPHAR,,10mg,30,"Tablet, film coated",Pharmaline SAL,Pharmaline S.A.L.,Lebanon,487622.85000000015,rosuphar,true
MED#11347,11347,FE15323/1,ROSUPHAR,,20mg,30,"Tablet, film coated",Pharmaline SAL,Pharmaline S.A.L.,Lebanon,487622.85000000015,rosuphar,true
MED#11348,11348,FE15023/1,ROSUPHAR,,40mg,30,"Tablet, film coated",Pharmaline SAL,Pharmaline S.A.L.,Lebanon,487622.85000000015,rosuphar,true
MED#5484,5484,195052/04,ROSUVAS,,10mg,30,Tablet,Sun Pharmaceuticals Industries Ltd,Mediterranean Pharmaceutical Company,India,450187.2375000001,rosuvas,true
MED#5485,5485,195051/04,ROSUVAS,,20mg,30,Tablet,Sun Pharmaceuticals Industries Ltd,Mediterranean Pharmaceutical Company,India,450187.2375000001,rosuvas,true
MED#12553,12553,196325/1,ROSVATOR,,20mg,30,"Tablet, film coated","UBSA Pharma Industries SARL (Secondary Packaging), manufacturer: Livealth Biopharma Pvt. Ltd, India",New Larys Pharm SARL,Lebanon,499141.5,rosvator,true
MED#12554,12554,196225/1,ROSVATOR,,10mg,30,"Tablet, film coated","UBSA Pharma Industries SARL (Secondary Packaging), manufacturer: Livealth Biopharma Pvt. Ltd, India",New Larys Pharm SARL,Lebanon,499141.5,rosvator,true
MED#6634,6634,97957/12,ROTARIX ORAL,,,1 dose (1.5ml),Oral suspension in 1 oral applicator,GlaxoSmithKline Biologicals SA,Abela Frères S.A.L.,Belgium,5167074.4125000015,rotarix oral,true
MED#10899,10899,104220/1,"ROTASIIL, ROTAVIRUS VACCINE, LIVE ATTENUATED (ORAL FREEZE-DRIED)",,,1dose 2.5ml,Freeze-dried,Serum Institute of India Pvt Ltd,Unipharm S.A.L.,India,2822069.2500000005,rotasiil rotavirus vaccine live attenuated oral freeze dried,true
MED#11057,11057,111722/1,"ROTASIIL, ROTAVIRUS VACCINE, LIVE ATTENUATED (ORAL LIQUID)",,,1dose 2ml,Liquid,Serum Institute of India Pvt Ltd,Unipharm S.A.L.,India,2822069.2500000005,rotasiil rotavirus vaccine live attenuated oral liquid,true
MED#5950,5950,24974/07,"ROTATEQ ROTAVIRUS VACCINE, LIVE, ORAL, PENTAVALENT",,,1x2ml single dose tube,,"Merck Sharp & Dohme LLC, West Point",Droguerie de l'Union,USA,4508591.5875,rotateq rotavirus vaccine live oral pentavalent,true
MED#1765,1765,27771,ROVAMYCINE,,3MUI,10,"Tablet, film coated",Sanofi SRL,Mersaco,Italy,649075.9275,rovamycine,true
MED#1766,1766,20858,ROVAMYCINE,,1.5MUI,16,"Tablet, film coated",Sanofi SRL,Mersaco,Italy,256673.9175,rovamycine,true
MED#7384,7384,167709/10,ROVASTIN,,20mg,30,Tablet,Mediphar Laboratories,Pharmapro,Lebanon,560574.3,rovastin,true
MED#8462,8462,56614/1,ROVASTIN,,10mg,30,Tablet,Mediphar Laboratories,Pharmapro,Lebanon,560574.3,rovastin,true
MED#1204,1204,,ROWATINEX,,,30,Capsule,Rowa Wagner GmbH & Co KG,Sadco,Germany,255330.07499999998,rowatinex,true
MED#7767,7767,186811/14,ROXARDIO,,40mg,28,"Tablet, film coated","Pharmaline under license from Sandoz GmbH, Austria",Khalil Fattal & Fils S.A.L.,Lebanon,749058.443133,roxardio,true
MED#7768,7768,186813/14,ROXARDIO,,20mg,28,"Tablet, film coated","Pharmaline under license from Sandoz GmbH, Austria",Khalil Fattal & Fils S.A.L.,Lebanon,749058.443133,roxardio,true
MED#7769,7769,186812/14,ROXARDIO,,10mg,28,"Tablet, film coated","Pharmaline under license from Sandoz GmbH, Austria",Khalil Fattal & Fils S.A.L.,Lebanon,749058.443133,roxardio,true
MED#1498,1498,973324/01,ROXIL,,250mg/5ml,100ml,Suspension,Tabuk Pharmaceutical Manufacturing Company,Mersaco,Saudi Arabia,459594.135,roxil,true
MED#1503,1503,973325/01,ROXIL,,500mg,20,Capsule,Tabuk Pharmaceutical Manufacturing Company,Mersaco,Saudi Arabia,869466.0975,roxil,true
MED#6054,6054,219239/09,ROXONIN,,60mg,20,Tablet,SAJA Pharmaceuticals (Saudi Arabia Japanese Pharmaceutical Company Limited) under licence from Daiichi Sankyo Co Ltd Japan,Food & Drug Corporation FDC,Saudi Arabia,788835.5474999999,roxonin,true
MED#8869,8869,158716/1,ROXONIN,,60mg,40,Tablet,SAJA Pharmaceuticals (Saudi Arabia Japanese Pharmaceutical Company Limited) under licence from Daiichi Sankyo Co Ltd Japan,Food & Drug Corporation FDC,Saudi Arabia,1295464.1700000002,roxonin,true
MED#9839,9839,142018/1,ROXONIN TAPE,,100mg,7,Cutaneous patch,Lead Chemical Co. Ltd.,Food & Drug Corporation FDC,Japan,983692.7099999998,roxonin tape,true
MED#9841,9841,142118/1,ROXONIN TAPE,,50mg,7,Cutaneous patch,Lead Chemical Co. Ltd.,Food & Drug Corporation FDC,Japan,893655.2624999998,roxonin tape,true
MED#3698,3698,135371,ROZEX,,0.75%,30g,Gel,Galderma,Raymond Georges Abou Adal & Co,France,513347.835,rozex,true
MED#12586,12586,23623/1,ROZLYTREK,,100mg,30,"Capsule, hard",Catalent Greenville Inc,Omnipharma,USA,78552305.0623828,rozlytrek,true
MED#12587,12587,23723/1,ROZLYTREK,,200mg,90,"Capsule, hard",Catalent Greenville Inc,Omnipharma,USA,472298785.6384218,rozlytrek,true
MED#9178,9178,161515/1,RUCORON,,50mg/5ml,10 vials,Injectable solution for IV bolus infusion,Hikma Farmaceutica,Droguerie de l'Union,Portugal,3711692.9850000003,rucoron,true
MED#9532,9532,46218/1,RUPATADINE BIOGARAN,,10mg,30,Comprimés,Martin Dow Pharmaceuticals,Commercial and Trading Ressources SAL (CTR),France,341335.995,rupatadine biogaran,true
MED#11621,11621,13923/1,RUXIENCE,,500mg/50ml,1Vial,Concentrate for solution for infusion,Pfizer Manufacturing Belgium NV,Droguerie Fattal S.A.L.,Belgium,59148150.684,ruxience,true
MED#11622,11622,14023/1,RUXIENCE,,100mg/10ml,1Vial,Concentrate for solution for infusion,Pfizer Manufacturing Belgium NV,Droguerie Fattal S.A.L.,Belgium,13157755.506,ruxience,true
MED#12310,12310,84924/1,RUXOTOP,,1.5%,60g,Topical cream,Marcyrl Pharmaceuticals Industries (MPI),The Lebanese Pharmacists SAL,Egypt,12306475.4505,ruxotop,true
MED#12150,12150,52522/1,RYBREVANT,,350mg,1Vial,Concentrate for solution for infusion,Cilag AG,Mersaco,Switzerland,135818620.966875,rybrevant,true
MED#10293,10293,128719/1,RYDAPT,,25mg,56 (2 Packs of 28),"Capsule, soft",Catalent Germany Eberbach GmbH,Khalil Fattal & Fils S.A.L.,Germany,606778280.5556625,rydapt,true
MED#9659,9659,183417/1,RYDAPT,,25mg,112 (4 Packs of 28),"Capsule, soft",Catalent Germany Eberbach GmbH,Khalil Fattal & Fils S.A.L.,Germany,1213556561.111325,rydapt,true
MED#5283,5283,221421/08,RYTMONORM,,150mg,30,"Tablet, film coated","Pharmaline Licensed by Abbott Laboratories GmbH, Germany",Mersaco,Lebanon,1119849.8481170004,rytmonorm,true
MED#5284,5284,221422/08,RYTMONORM,,300mg,30,"Tablet, film coated","Pharmaline Licensed by Abbott Laboratories GmbH, Germany",Mersaco,Lebanon,1883859.5575800003,rytmonorm,true
MED#7961,7961,25314/1,RYZODEG,,100IU/ml,5x3ml Prefilled pen (Flextouch),Injectable solution,"Novo Nordisk Production SAS, Chartres",Mersaco,France,7058661.28905,ryzodeg,true
MED#3265,3265,261499,SABRIL,,500mg,60,"Tablet, film coated",Patheon France SA,Mersaco,France,2988705.72,sabril,true
MED#10194,10194,115319/1,SAGIFOR,,100mg,30,"Tablet, film coated",Pharmaline SAL,Pharmaline S.A.L.,Lebanon,1242606.3649999998,sagifor,true
MED#10314,10314,115619/1,SAGIMET,,50mg/1000mg,60,"Tablet, film coated",Pharmaline SAL,Pharmaline S.A.L.,Lebanon,1551690.1400000001,sagimet,true
MED#10315,10315,115419/1,SAGIMET,,50mg/500mg,60,"Tablet, film coated",Pharmaline SAL,Pharmaline S.A.L.,Lebanon,1432536.105,sagimet,true
MED#10316,10316,115519/1,SAGIMET,,50mg/850mg,60,"Tablet, film coated",Pharmaline SAL,Pharmaline S.A.L.,Lebanon,1463892.43,sagimet,true
MED#7294,7294,187474/13,SAGITTA,,400mg,30,"Capsule, hard","Adamed Pharma S.A., Pabianice, Poland, for Arwan Pharmaceutical industries Lebanon SAL",Raymond Georges Abou Adal & Co,Lebanon,51723840.00000001,sagitta,true
MED#7296,7296,187475/13,SAGITTA,,100mg,60,"Capsule, hard","Adamed Pharma S.A., Pabianice, Poland, for Arwan Pharmaceutical industries Lebanon SAL",Raymond Georges Abou Adal & Co,Lebanon,25170263.999999996,sagitta,true
MED#9332,9332,105517/1,SALAPIME,,1g,1Vial,Powder for solution for injection or infusion,Laboratorio Reig Jofre SA,Medi drug International SAL (MDI),Spain,618167.5499999999,salapime,true
MED#4354,4354,2438/94,SALBUTAMOL SULFATE,,2mg,100,"Tablet, scored",Mediphar Laboratories,Medapharm Healthcare SAL,Lebanon,401872.9000000001,salbutamol sulfate,true
MED#10339,10339,172719/1,SALCROZINE,,1g,100,"Tablet, gastroresistant",Faes Farma SA,Pharmamedic S.A.R.L.,Spain,4073186.617500001,salcrozine,true
MED#10682,10682,73720/1,SALCROZINE,,500mg,12,Suppository,Laboratorios Victoria SA,Pharmamedic S.A.R.L.,Portugal,576508.4325,salcrozine,true
MED#11799,11799,45423/1,SALCROZINE,,1000mg,24,Suppository,Faes Farma Portugal SA,Pharmamedic S.A.R.L.,Portugal,2306033.73,salcrozine,true
MED#8775,8775,132515/1,SALCROZINE,,500mg,100,"Tablet, gastroresistant",Faes Farma SA,Pharmamedic S.A.R.L.,Spain,2013076.0650000004,salcrozine,true
MED#3115,3115,27446,SALOFALK,,500mg,100,"Tablet, enteric coated",Dr Falk Pharma GmbH,Meksapharma SARL,Germany,2835507.6750000003,salofalk,true
MED#7846,7846,54714/1,SALOFALK,,1g,30,Suppository,Dr Falk Pharma GmbH,Meksapharma SARL,Germany,3948209.2650000006,salofalk,true
MED#8319,8319,8515/1,SALOFALK,,1.5g,60Sachets,"Granules, gastro-resistant, prolonged release",Dr Falk Pharma GmbH,Meksapharma SARL,Germany,6150767.1225000005,salofalk,true
MED#8320,8320,8615/1,SALOFALK,,3g,60Sachets,"Granules, gastro-resistant, prolonged release",Dr Falk Pharma GmbH,Meksapharma SARL,Germany,11256652.439025002,salofalk,true
MED#8321,8321,8415/1,SALOFALK,,1000mg,50Sachets,"Granules, gastro-resistant, prolonged release",Dr Falk Pharma GmbH,Meksapharma SARL,Germany,3874297.9275,salofalk,true
MED#96,96,27447,SALOFALK,,4g,7,Enema,Dr Falk Pharma GmbH,Meksapharma SARL,Germany,3796355.0625000005,salofalk,true
MED#3116,3116,208313/97,SALOFALK 500,,500mg,10,Suppository,Dr Falk Pharma GmbH,Meksapharma SARL,Germany,677296.62,salofalk 500,true
MED#3117,3117,236283/98,SANAMIDOL,,20mg,14,Capsule,Pharminicio SL,Mediterranean Pharmaceutical Company,Spain,456906.45,sanamidol,true
MED#11008,11008,126021/1,SANCUSO,,3.1mg/24h,1 patch,Transdermal patch,Pharbil Waltrop GmbH (a subsidiary of Nextpharma),Droguerie Mercury S.A.L.,Germany,7590727.722375,sancuso,true
MED#845,845,26396,SANDIMMUN,,250mg/5ml,10x5ml,Ampoule Infusion,Novartis Pharma Stein AG,Khalil Fattal & Fils S.A.L.,Switzerland,6992012.527500002,sandimmun,true
MED#870,870,27958,SANDIMMUN NEORAL,,100mg/ml,50ml,Oral Solution,Delpharm Huningue SAS Huningue,Khalil Fattal & Fils S.A.L.,France,8264591.811525,sandimmun neoral,true
MED#867,867,27955,SANDIMMUN NEORAL SOFT GELATIN,,25mg,50,Capsule,Catalent Germany Eberbach GmbH,Khalil Fattal & Fils S.A.L.,Germany,2385320.4375000005,sandimmun neoral soft gelatin,true
MED#868,868,27956,SANDIMMUN NEORAL SOFT GELATIN,,50mg,50,Capsule,Catalent Germany Eberbach GmbH,Khalil Fattal & Fils S.A.L.,Germany,4309702.897500001,sandimmun neoral soft gelatin,true
MED#869,869,27957,SANDIMMUN NEORAL SOFT GELATIN,,100mg,50,Capsule,Catalent Germany Eberbach GmbH,Khalil Fattal & Fils S.A.L.,Germany,8264591.811525,sandimmun neoral soft gelatin,true
MED#850,850,26820,SANDOSTATIN,,0.1mg/ml,5x1ml,Ampoule,Delpharm Dijon,Khalil Fattal & Fils S.A.L.,France,1038790.2525000001,sandostatin,true
MED#5848,5848,218903/10,SANDOSTATIN LAR,,20mg,1 vial,Injectable powder,"Novartis Pharmaceutical Manufacturing GmbH, Langkampfen",Khalil Fattal & Fils S.A.L.,Austria,38081641.740905695,sandostatin lar,true
MED#5849,5849,218904/10,SANDOSTATIN LAR,,30mg,1 vial,Injectable powder,"Novartis Pharmaceutical Manufacturing GmbH, Langkampfen",Khalil Fattal & Fils S.A.L.,Austria,57123170.7381342,sandostatin lar,true
MED#8854,8854,93816/1,SAXENDA,,6mg/ml,Prefilled pen 3x3ml,Injectable solution,Novo Nordisk AS,Mersaco,Denmark,16747035.152399998,saxenda,true
MED#12031,12031,100724/1,SCANDINIBSA,,3%,50Cartriges,Solution for injection,Laboratorios Inibsa SA,Richa Dental Drugstore,Spain,1191988.2975,scandinibsa,true
MED#3863,3863,26492,SCANDONEST 3% sans vasoconstricteur,,3%,50Cartridges x 1.8ml,Injectable solution,Septodont,Droguerie Tamer SAL,France,3461738.2800000003,scandonest 3 sans vasoconstricteur,true
MED#11532,11532,119623/1,SCLEMOD,,0.5mg,28,Capsule,"Manufactured by Benta Lyon, France for Benta SAL",Benta Trading Co s.a.l.,Lebanon,17079643,sclemod,true
MED#9783,9783,113716/1,SCLEMOD,,0.5mg,30,Capsule,"Manufactured by Hetero Labs Ltd, India Packed by Benta SAL",Benta Trading Co s.a.l.,Lebanon,18264981.000000004,sclemod,true
MED#3119,3119,405494/00,SCOBUREN,,20mg/ml,10amp x1ml,Injectable solution,Renaudin,Minapharm Halabi,France,370900.5299999999,scoburen,true
MED#1579,1579,208377/02,SCOPINAL,,20mg/ml,5Ampoules,Injection,Julphar,Pharmanet Drugstore S.A.R.L.,United Arab Emirates,178731.05250000002,scopinal,true
MED#3748,3748,208378/02,SCOPINAL,,10mg,20,"Tablet, film coated",Julphar,Pharmanet Drugstore S.A.R.L.,United Arab Emirates,162604.94249999998,scopinal,true
MED#3749,3749,208379/02,SCOPINAL,,5mg/5ml,100ml,Syrup,Julphar,Pharmanet Drugstore S.A.R.L.,United Arab Emirates,210983.27250000002,scopinal,true
MED#11643,11643,98923/1,SECNOL,,2g,Boite de 1sachet,Granules en sachet-dose,Macors,Medi drug International SAL (MDI),France,842589.2475,secnol,true
MED#12581,12581,78125/1,SECNOL,,2g,Boite de 1sachet,Granules en sachet-dose,Inpharmasci,Medi drug International SAL (MDI),France,842589.2475,secnol,true
MED#7703,7703,187434/13,SEDIPROCT,,,20g,Topical Cream,Medical Union Pharmaceuticals (MUP),Macromed S.A.R.L.,Egypt,290269.98000000004,sediproct,true
MED#9781,9781,160515/1,SEDIPROCT,,,6,Rectal suppositories,Medical Union Pharmaceuticals (MUP),Macromed S.A.R.L.,Egypt,237860.1225,sediproct,true
MED#10105,10105,173817/1,SEDOXIL,,,60,Tablet,"Bial- Portela & Ca, SA",Levant Alie Houses S.A.L.,Portugal,1705336.1325000003,sedoxil,true
MED#7534,7534,186628/13,SEEBRI BREEZHALER,,50mcg,30 Hard capsules with inhaler,Inhalation Powder,Siegfried Barbera SL,Khalil Fattal & Fils S.A.L.,Spain,2687685,seebri breezhaler,true
MED#7910,7910,31414/1,SEFARIN,,125mg/5ml,100ml,Suspension,Pharma International Co Ltd,Picomed SARL,Jordan,1695929.235,sefarin,true
MED#8227,8227,50715/1,SEFARIN,,125mg/5ml,50ml,Suspension,Pharma International Co Ltd,Picomed SARL,Jordan,939345.9075000002,sefarin,true
MED#8340,8340,186808/14,SEFARIN,,300mg,10,Capsule,Pharma International Co Ltd,Picomed SARL,Jordan,1490321.3325000003,sefarin,true
MED#3996,3996,24529/07,SEGUREX,,50mg,4,"Tablet, coated",Gador SA,Droguerie Phenicia,Argentine,315802.9875,segurex,true
MED#7835,7835,186179/13,SEIZET 25,,25mg,30,"Tablet, dispersible/ chewable",The United Pharmaceutical Manufacturing Co Ltd,Premium Serve Drugstore Co. P.S.D. SAL,Jordan,573820.7475,seizet 25,true
MED#12248,12248,85525/1,SEMATIDE,,1mg,1Prefilled pen 3ml and 4disposable needles,Solution for injection,Pharmaline SAL,Pharmaline S.A.L.,Lebanon,9288396.9045,sematide,true
MED#12249,12249,85425/1,SEMATIDE,,0.25mg & 0.5mg,1Prefilled pen 1.5ml and 8disposable needles,Solution for injection,Pharmaline SAL,Pharmaline S.A.L.,Lebanon,9288396.9045,sematide,true
MED#557,557,974206/00,SEPTANEST ADRENALINEE,,"1/100,000",50Cartouches x 1.8ml,Injectable solution,Septodont,Droguerie Tamer SAL,France,2945702.7600000002,septanest adrenalinee,true
MED#9182,9182,62917/1,SEPTOCIPRO OTICO,,1mg/0.5ml,20single doses,Sterile solution,Neuraxpharm Pharmaceuticals SL,Mediterranean Pharmaceutical Company,Spain,473032.56,septocipro otico,true
MED#10805,10805,129520/1,SERETIDE DISKUS 100,,50/100mcg,60doses,Inhalation powder,GlaxoWellcome Production,Abela Frères S.A.L.,France,2276469.1950000003,seretide diskus 100,true
MED#10804,10804,129720/1,SERETIDE DISKUS 250,,50/250mcg,60doses,Inhalation powder,GlaxoWellcome Production,Abela Frères S.A.L.,France,2830132.305,seretide diskus 250,true
MED#10803,10803,129620/1,SERETIDE DISKUS 500,,50/500mcg,60doses,Inhalation powder,GlaxoWellcome Production,Abela Frères S.A.L.,France,3199688.9925,seretide diskus 500,true
MED#7559,7559,167710/10,SERNIL,,,100,Tablet,Mediphar Laboratories,Pharmamedic S.A.R.L.,Lebanon,1003402.4000000001,sernil,true
MED#6220,6220,24531/07,SERODASE,,,30,"Tablet, enteric coated",Hayat Pharmaceuticals Industries Co PLC,Macromed S.A.R.L.,Jordan,460937.97750000004,serodase,true
MED#11125,11125,100122/1,SEROFLO 250,,,60Doses,Ciphaler,Cipla Ltd,Droguerie de l'Union,India,1580358.7800000005,seroflo 250,true
MED#11126,11126,100222/1,SEROFLO 500,,,60Doses,Ciphaler,Cipla Ltd,Droguerie de l'Union,India,2031889.86,seroflo 500,true
MED#5356,5356,194555/04,SEROFLO-S 125,,,120metered doses,Inhaler,Cipla Ltd,Droguerie de l'Union,India,1212145.9350000003,seroflo s 125,true
MED#5357,5357,194556/04,SEROFLO-S 250,,,120metered doses,Inhaler,Cipla Ltd,Droguerie de l'Union,India,1725493.77,seroflo s 250,true
MED#10703,10703,221909/08,SEROPINE 100,,100mg,60,"Tablet, film coated",Benta SAL,Benta Trading Co s.a.l.,Lebanon,1996949.955,seropine 100,true
MED#10702,10702,221908/08,SEROPINE 25,,25mg,60,"Tablet, film coated",Benta SAL,Benta Trading Co s.a.l.,Lebanon,1233647.415,seropine 25,true
MED#10706,10706,93020/1,SEROPINE XR 300,,300mg,60,"Tablet, extended release","Manufactured by Intas Pharmaceuticals Limited, India for Benta SAL",Benta Trading Co s.a.l.,Lebanon,4744659.92,seropine xr 300,true
MED#6606,6606,166815/11,SEROXAT,,20mg,30,"Tablet, film coated","Pharmaline Licensed by Glaxo SmithKline Export Ltd , UK",Abela Frères S.A.L.,Lebanon,1586205.306972,seroxat,true
MED#6607,6607,96218/11,SEROXAT CR,,12.5mg,30,"Tablet, controlled release","Pharmaline Licensed by Glaxo SmithKline Export Ltd , UK",Abela Frères S.A.L.,Lebanon,2330541.130632,seroxat cr,true
MED#6608,6608,96217/11,SEROXAT CR,,25mg,30,"Tablet, controlled release","Pharmaline Licensed by Glaxo SmithKline Export Ltd , UK",Abela Frères S.A.L.,Lebanon,2845587.2982680006,seroxat cr,true
MED#4355,4355,194479/05,SERTINE,,50mg,15,"Tablet, scored",Mediphar Laboratories,Pharmapro,Lebanon,520898.95000000007,sertine,true
MED#5968,5968,218819/09,SERTINE,,50mg,30,Tablet,Mediphar Laboratories,Pharmapro,Lebanon,714156.3,sertine,true
MED#7371,7371,97369/12,SERTRA TAD,,50mg,30,"Tablet, film coated","Kr Ka, d.d, Novo Mesto",Pharmamedic S.A.R.L.,Slovenia,689391.2025,sertra tad,true
MED#8377,8377,97415/1,SERTRA TAD,,100mg,30,"Tablet, film coated","Kr Ka, d.d, Novo Mesto",Pharmamedic S.A.R.L.,Slovenia,1124796.1724999999,sertra tad,true
MED#11023,11023,38621/1,SERTRALINE BIOGARAN,,50mg,28,Gélule,Bluepharma Industria Farmaceutica SA,Commercial and Trading Ressources SAL (CTR),Portugal,520067.0475000001,sertraline biogaran,true
MED#11024,11024,38721/1,SERTRALINE BIOGARAN,,25mg,7,Gélule,Bluepharma Industria Farmaceutica SA,Commercial and Trading Ressources SAL (CTR),Portugal,130352.72250000005,sertraline biogaran,true
MED#9955,9955,60319/1,SERUFLEX DEXTROSE 5% INJECTION USP,,5%,50ml,,Serum Products,Serum Products,Lebanon,171227.82,seruflex dextrose 5 injection usp,true
MED#9958,9958,39119/1,SERUFLEX DEXTROSE 5% INJECTION USP,,5%,100ml,,Serum Products,Serum Products,Lebanon,158586.84,seruflex dextrose 5 injection usp,true
MED#9957,9957,39019/1,"SERUFLEX DEXTROSE 5% INJECTION, USP",,5%,500ml,,Serum Products,Serum Products,Lebanon,171227.82,seruflex dextrose 5 injection usp,true
MED#9999,9999,21819/1,"SERUFLEX DEXTROSE 5% INJECTION, USP",,5%,1000ml,,Serum Products,Serum Products,Lebanon,193062.24,seruflex dextrose 5 injection usp,true
MED#9483,9483,115717/1,"SERUFLEX DEXTROSE 5% SODIUM CHLORIDE 0.45% INJECTION, USP",,,1000ml,,Serum Products,Serum Products,Lebanon,193062.24,seruflex dextrose 5 sodium chloride 0 45 injection usp,true
MED#9484,9484,115817/1,"SERUFLEX DEXTROSE 5% SODIUM CHLORIDE 0.45% INJECTION, USP",,,500ml,,Serum Products,Serum Products,Lebanon,180421.26,seruflex dextrose 5 sodium chloride 0 45 injection usp,true
MED#10076,10076,125919/1,"SERUFLEX DEXTROSE 5% SODIUM CHLORIDE 0.9% INJECTION, USP",,,1000ml,,Serum Products,Serum Products,Lebanon,194211.42,seruflex dextrose 5 sodium chloride 0 9 injection usp,true
MED#10078,10078,125819/1,"SERUFLEX DEXTROSE 5% SODIUM CHLORIDE 0.9% INJECTION, USP",,,500ml,,Serum Products,Serum Products,Lebanon,180421.26,seruflex dextrose 5 sodium chloride 0 9 injection usp,true
MED#9784,9784,178618/1,"SERUFLEX LACTATED RINGER'S INJECTION, USP",,,1000ml,,Serum Products,Serum Products,Lebanon,232134.36,seruflex lactated ringer s injection usp,true
MED#9997,9997,21619/1,"SERUFLEX LACTATED RINGER'S INJECTION, USP",,,500ml,,Serum Products,Serum Products,Lebanon,216045.84,seruflex lactated ringer s injection usp,true
MED#9883,9883,187518/1,"SERUFLEX MANNITOL 20% INJECTION, USP",,20g/100ml,500ml,,Serum Products,Serum Products,Lebanon,402213,seruflex mannitol 20 injection usp,true
MED#10130,10130,134519/1,"SERUFLEX RINGER'S INJECTION, USP",,,1000ml,,Serum Products,Serum Products,Lebanon,204554.04,seruflex ringer s injection usp,true
MED#9788,9788,178418/1,SERUFLEX SODIUM CHLORIDE 0.9% INJECTION USP,,0.9%,100ml,,Serum Products,Serum Products,Lebanon,156288.48,seruflex sodium chloride 0 9 injection usp,true
MED#9881,9881,187618/1,SERUFLEX SODIUM CHLORIDE 0.9% INJECTION USP,,0.9%,50ml,,Serum Products,Serum Products,Lebanon,165481.91999999998,seruflex sodium chloride 0 9 injection usp,true
MED#9560,9560,121517/1,"SERUFLEX SODIUM CHLORIDE 0.9% INJECTION, USP",,0.9%,1000ml,,Serum Products,Serum Products,Lebanon,176973.72000000003,seruflex sodium chloride 0 9 injection usp,true
MED#9561,9561,121617/1,"SERUFLEX SODIUM CHLORIDE 0.9% INJECTION, USP",,0.9%,500ml,,Serum Products,Serum Products,Lebanon,163183.55999999997,seruflex sodium chloride 0 9 injection usp,true
MED#9786,9786,178518/1,"SERUFLEX SODIUM CHLORIDE 0.9% INJECTION, USP",,0.9%,250ml,,Serum Products,Serum Products,Lebanon,156288.48,seruflex sodium chloride 0 9 injection usp,true
MED#10092,10092,126618/1,SEVELAMER CARBONATE ARROW,,2.4g,Boite de 90sachets,Poudre pour suspension buvable,Synthon Hispania SL,Darapharma S.A.L.,Spain,12969932.372250004,sevelamer carbonate arrow,true
MED#9782,9782,90718/1,SEVELAMER CARBONATE ARROW,,800mg,180,Comprimé pelliculé,Synthon Hispania SL,Darapharma S.A.L.,Spain,8645754.317550002,sevelamer carbonate arrow,true
MED#9961,9961,123718/1,SEVIKAR,,40mg/5mg,28,"Tablet, film coated",Daiichi Sankyo Europe GmbH,Pharmamedic S.A.R.L.,Germany,1158392.2349999999,sevikar,true
MED#9962,9962,123818/1,SEVIKAR,,40mg/10mg,28,"Tablet, film coated",Daiichi Sankyo Europe GmbH,Pharmamedic S.A.R.L.,Germany,1245741.9974999998,sevikar,true
MED#9963,9963,123618/1,SEVIKAR,,20mg/5mg,28,"Tablet, film coated",Daiichi Sankyo Europe GmbH,Pharmamedic S.A.R.L.,Germany,1019976.4575000003,sevikar,true
MED#9577,9577,84518/1,SEVOFLURANE,,,250ml,Flacon,Abbvie SRL,Interpharma S.A.L.,Italy,12327289.785300002,sevoflurane,true
MED#10556,10556,5920/1,SICADOL,,1000mg,40,Tablet,Medinfar Manufacturing SA,Elite Pharma SARL,Portugal,423310.3875,sicadol,true
MED#11192,11192,154421/1,SICADOL EXTRA,,500mg+65mg,20,Tablet,Medinfar Manufacturing SA,Elite Pharma SARL,Portugal,147822.67500000005,sicadol extra,true
MED#2365,2365,973038/01,SIFROL,,0.18mg,30,Tablet,Boehringer Ingelheim Pharma GmbH & Co KG,Mersaco,Germany,631605.975,sifrol,true
MED#2366,2366,973040/01,SIFROL,,0.7mg,30,Tablet,Boehringer Ingelheim Pharma GmbH & Co KG,Mersaco,Germany,2478045.5700000008,sifrol,true
MED#5806,5806,219496/10,SIFROL ER,,0.75mg,30,"Tablet, extended release",Boehringer Ingelheim Pharma GmbH & Co KG,Mersaco,Germany,942033.5925,sifrol er,true
MED#5807,5807,219497/10,SIFROL ER,,0.375mg,30,"Tablet, extended release",Boehringer Ingelheim Pharma GmbH & Co KG,Mersaco,Germany,473032.56,sifrol er,true
MED#5808,5808,219498/10,SIFROL ER,,1.5mg,30,"Tablet, extended release",Boehringer Ingelheim Pharma GmbH & Co KG,Mersaco,Germany,1847783.4375000002,sifrol er,true
MED#11670,11670,4822/1,SIGNIFOR,,0.3mg/ml,30Ampoules,Injectable solution,Recordati Rare Diseases,Mecapharma SAL,France,175400800.5543281,signifor,true
MED#11671,11671,91222/1,SIGNIFOR,,0.6mg/ml,30Ampoules,Injectable solution,Recordati Rare Diseases,Mecapharma SAL,France,187497407.48910934,signifor,true
MED#11672,11672,91322/1,SIGNIFOR,,0.9mg/ml,30Ampoules,Injectable solution,Recordati Rare Diseases,Mecapharma SAL,France,191126389.5695437,signifor,true
MED#9046,9046,32217/1,SII-ONCO-BCG,,40mg/ml,1Vial,Powder for intravesical instillation (BCG live USP),Serum Institute of India Pvt Ltd,Unipharm S.A.L.,India,6987981.000000002,sii onco bcg,true
MED#9387,9387,140617/1,SILDENAFIL ARROW LAB,,100mg,4,"Tablet, film coated",APL Swift Services (Malta) Limited,Darapharma S.A.L.,Malta,1427160.735,sildenafil arrow lab,true
MED#9734,9734,143518/1,SILDENAFIL ARROW LAB,,100mg,24,"Tablet, film coated",APL Swift Services (Malta) Limited,Darapharma S.A.L.,Malta,3192969.7800000003,sildenafil arrow lab,true
MED#11802,11802,37223/1,SILDENAFIL STRAGEN,,20mg,90,Comprimé pelliculé,Pharmaceutical works Polpharma SA,Karout pharmacy,Poland,38048629.575600006,sildenafil stragen,true
MED#11575,11575,100823/1,SILODOSINE ARROW,,4mg,30,Gélules,APL Swift Services Ltd,Darapharma S.A.L.,Malta,732394.1625,silodosine arrow,true
MED#11576,11576,100723/1,SILODOSINE ARROW,,8mg,30,Gélules,APL Swift Services Ltd,Darapharma S.A.L.,Malta,732394.1625,silodosine arrow,true
MED#10948,10948,10821/1,SILODOSINE BIOGARAN,,8mg,30,Gélules,Rontis Hellas Medical and Pharmaceutical Products SA,Commercial and Trading Ressources SAL (CTR),Greece,555006.9525,silodosine biogaran,true
MED#10949,10949,10721/1,SILODOSINE BIOGARAN,,4mg,30,Gélules,Rontis Hellas Medical and Pharmaceutical Products SA,Commercial and Trading Ressources SAL (CTR),Greece,555006.9525,silodosine biogaran,true
MED#6344,6344,166832/11,SILOSIN,,4mg,30,Capsule,"Algorithm S.A.L. under license from Recordati Ireland Ltd-Ireland and Kissei pharmaceutical Co Ltd, Japan",Droguerie de l'Union,Lebanon,1251693.3000000003,silosin,true
MED#6345,6345,166833/11,SILOSIN,,8mg,30,Capsule,"Algorithm S.A.L. under license from Recordati Ireland Ltd-Ireland and Kissei pharmaceutical Co Ltd, Japan",Droguerie de l'Union,Lebanon,1927454.1000000003,silosin,true
MED#9179,9179,53717/1,SILVEDERMA,,10mg/g,500g,Cream,Laboratorio Aldo-Union SL,Mediterranean Pharmaceutical Company,Spain,1220208.99,silvederma,true
MED#9180,9180,53817/1,SILVEDERMA,,10mg/g,50g,Cream,Laboratorio Aldo-Union SL,Mediterranean Pharmaceutical Company,Spain,494534.0400000001,silvederma,true
MED#9320,9320,187184/13,SILVEZ PLUS,,,50g,Cream,Laborate Pharmaceuticals India Ltd,Ecopharm,India,349399.05,silvez plus,true
MED#9725,9725,123418/1,SIMBRINZA,,,5ml,Eye drops suspension,Alcon Couvreur NV,Khalil Fattal & Fils S.A.L.,Belgium,1259180.4225,simbrinza,true
MED#7322,7322,96384/11,SIMETHICONE,,,30ml,Emulsion,Medical Union Pharmaceuticals (MUP),Macromed S.A.R.L.,Egypt,212327.11500000002,simethicone,true
MED#10825,10825,193719/1,SIMPLA,,5mg/100ml,1Vial,Injectable solution,Gemepe S.A.,Mediterranean Pharmaceutical Company,Argentine,13071402.2544,simpla,true
MED#10281,10281,23220/1,SIMPONI,,100mg/1ml,1Prefilled pen (Smartject),Solution for injection,Baxter Pharmaceutical Solutions LLC,Abela Frères S.A.L.,USA,75599168.53335,simponi,true
MED#10282,10282,23320/1,SIMPONI,,50mg/0.5ml,1Prefilled pen (Smartject),Solution for injection,Baxter Pharmaceutical Solutions LLC,Abela Frères S.A.L.,USA,75599168.53335,simponi,true
MED#7533,7533,185973/13,SIMULECT,,20mg,1Vial + 1Ampoule of solvent,Powder and solution for injection,Patheon Italia SpA,Khalil Fattal & Fils S.A.L.,Italy,97573578.73687558,simulect,true
MED#12069,12069,16025/1,SIMVAKEY,,20mg,28,"Tablet, film coated",Pharminicio SL,Mediterranean Pharmaceutical Company,Spain,249954.70500000005,simvakey,true
MED#3898,3898,194917/05,SIMVASTATIN NORMON,,10mg,28,"Tablet, film coated",Normon SA,Droguerie Phenicia,Spain,264736.97250000003,simvastatin normon,true
MED#3899,3899,194915/05,SIMVASTATIN NORMON,,40mg,28,"Tablet, film coated",Normon SA,Droguerie Phenicia,Spain,264736.97250000003,simvastatin normon,true
MED#3900,3900,194916/05,SIMVASTATIN NORMON,,20mg,28,"Tablet, film coated",Normon SA,Droguerie Phenicia,Spain,264736.97250000003,simvastatin normon,true
MED#7169,7169,97041/12,SIMVASTATIN-REMEDICA,,20mg,30,"Tablet, film coated",Remedica Ltd,Droguerie Columbus,Cyprus,542912.37,simvastatin remedica,true
MED#7170,7170,97040/12,SIMVASTATIN-REMEDICA,,40mg,30,"Tablet, film coated",Remedica Ltd,Droguerie Columbus,Cyprus,780772.4925,simvastatin remedica,true
MED#10297,10297,152419/1,SINAHEAL-H,,,10,Rectal suppository,Aburaihan Pharmaceutical Company,Ibn Sina Pharm SARL,Iran,501253.2525,sinaheal h,true
MED#10298,10298,172219/1,SINAHEAL-H,,,15g,Rectal ointment,Aburaihan Pharmaceutical Company,Ibn Sina Pharm SARL,Iran,330585.25500000006,sinaheal h,true
MED#10124,10124,111319/1,SINECOD,,,20ml,Drops,GSK Consumer Healthcare SARL,Sadco,Switzerland,287582.295,sinecod,true
MED#10125,10125,105519/1,SINECOD,,,200ml,Syrup,Haleon CH SARL,Sadco,Switzerland,632949.8175,sinecod,true
MED#4337,4337,22166,SINEMET,,25/250mg,20,Tablet,Algorithm S.A.L.,Droguerie de l'Union,Lebanon,1283689.55,sinemet,true
MED#7228,7228,187346/13,SINEMET,,25/100mg,100,Tablet,Algorithm S.A.L.,Droguerie de l'Union,Lebanon,2742334.5949999997,sinemet,true
MED#1058,1058,236700/99,SINGULAIR,,10mg,28,"Tablet, film coated",Organon Pharma (UK) Limited,Droguerie de l'Union,UK,1248429.6824999999,singulair,true
MED#1057,1057,78953/98,SINGULAIR (PEDIATRIC),,5mg,28,"Tablet, chewable",Organon Pharma (UK) Limited,Droguerie de l'Union,UK,1217521.305,singulair pediatric,true
MED#4082,4082,195275/04,SINGULAIR PEDIATRIC,,4mg,28,"Tablet, chewable",Organon Pharma (UK) Limited,Droguerie de l'Union,UK,1217521.305,singulair pediatric,true
MED#3990,3990,24356/06,SINLIP,,10mg,30,"Tablet, coated",Gador SA,Droguerie Phenicia,Argentine,563070.0075000002,sinlip,true
MED#4094,4094,24357/06,SINLIP,,20mg,30,"Tablet, coated",Gador SA,Droguerie Phenicia,Argentine,563070.0075000002,sinlip,true
MED#5761,5761,218154/09,SINLIP,,5mg,30,"Tablet, coated",Gador SA,Droguerie Phenicia,Argentine,387026.6400000001,sinlip,true
MED#8362,8362,96651/12,SINOCORT METERED DOSE,,,12ml,Nasal Spray,API (Amman Pharmaceutical Industries Co),Germanos Health Care Supplies SARL,Jordan,419278.86000000004,sinocort metered dose,true
MED#4543,4543,24964,SINTROM,,4mg,20,Tablet,Mephico SAL,Mephico S.A.L.,Lebanon,490182.55000000005,sintrom,true
MED#3685,3685,974109,SIOFOR,,850mg,30,"Tablet, film coated",Berlin Chemie AG,Mersaco,Germany,174699.525,siofor,true
MED#6675,6675,166756/11,SIRDALUD,,2mg,30,Tablet,"Pharmaline Licensed by Sandoz Pharmaceuticals AG, Switzerland",Khalil Fattal & Fils S.A.L.,Lebanon,658420.1073450001,sirdalud,true
MED#6676,6676,166762/11,SIRDALUD,,4mg,30,Tablet,"Pharmaline Licensed by Sandoz Pharmaceuticals AG, Switzerland",Khalil Fattal & Fils S.A.L.,Lebanon,861873.5225100002,sirdalud,true
MED#7348,7348,167540/10,SIROMUNE,,1mg,100,"Tablet, film coated",Benta SAL,Benta Trading Co s.a.l.,Lebanon,18729193.442399997,siromune,true
MED#9766,9766,78618/1,SISACURE,,20mg/10ml,5Ampoules x 10ml,Solution for injection or infusion,Hikma Italia SpA,Abela Frères S.A.L.,Italy,1408346.9400000002,sisacure,true
MED#11632,11632,62023/1,SITAGLIPTINE ARROW,,100mg,30,Comprimés pelliculés,APL Swift Services (Malta) Limited,Darapharma S.A.L.,Malta,1154360.7075000003,sitagliptine arrow,true
MED#11633,11633,61923/1,SITAGLIPTINE ARROW,,50mg,30,Comprimés pelliculés,APL Swift Services (Malta) Limited,Darapharma S.A.L.,Malta,1139578.4400000004,sitagliptine arrow,true
MED#10501,10501,114820/1,SITAMET,,50mg/850mg,56,"Tablet, film coated","Sunshine Lake Pharma, China Packed by Pharmadex Lebanon under License from HEC Pharm GmbH, Germany",Pharmadex,Lebanon,2392202.6128000002,sitamet,true
MED#10502,10502,114920/1,SITAMET,,50mg/1000mg,56,"Tablet, film coated","Sunshine Lake Pharma, China Packed by Pharmadex Lebanon under License from HEC Pharm GmbH, Germany",Pharmadex,Lebanon,2541715.2761000004,sitamet,true
MED#12302,12302,117922/1,SITAVITAE,,100mg,28,FCT,SAG Manufacturing SLU,Promopharm S.A.R.L.,Peru,1412378.4675000003,sitavitae,true
MED#12044,12044,100623/1,SITAVITAE PLUS,,50/1000mg,28,Fct,SAG Manufacturing SLU,Promopharm S.A.R.L.,Spain,1079105.5275,sitavitae plus,true
MED#12045,12045,100523/1,SITAVITAE PLUS,,50/850mg,28,Fct,SAG Manufacturing SLU,Promopharm S.A.R.L.,Spain,1079105.5275,sitavitae plus,true
MED#12504,12504,35125/1,SITAXIA 100,,100mg,30,"Tablet, film coated",Benta SAL,Benta Trading Co s.a.l.,Lebanon,1200499.3,sitaxia 100,true
MED#12319,12319,108625/1,SKENAN LP,,60mg,14,microgranules à libération prolongée,Ethypharm,Minapharm Halabi,France,1990230.7425000006,skenan lp,true
MED#12320,12320,108725/1,SKENAN LP,,30mg,14,microgranules à libération prolongée,Ethypharm,Minapharm Halabi,France,972941.9700000002,skenan lp,true
MED#12321,12321,108525/1,SKENAN LP,,10mg,14,microgranules à libération prolongée,Ethypharm,Minapharm Halabi,France,419278.8600000001,skenan lp,true
MED#10365,10365,94720/1,SKINOREN,,,30g,Cream,Leo Pharma Manufacturing Italy SRL,UPO S.A.L.,Italy,722987.265,skinoren,true
MED#11112,11112,103421/1,SKYRIZI,,150mg,1Prefilled pen,Solution for injection,Abbvie Biotechnology Ltd,Interpharma S.A.L.,USA,276469859.90859365,skyrizi,true
MED#6943,6943,96596/12,SMECTALIA,,3g/sachet,12 Sachets,Powder for oral suspension,"Algorithm S.A.L. (Packager) under license from Mayoly Pharma, France",Droguerie de l'Union,Lebanon,935570.3500000001,smectalia,true
MED#9350,9350,163917/1,SMECTALIA STRAWBERRY,,3g/sachet,12 Sachets,Powder for oral suspension,"Algorithm S.A.L. (Packager) under license from Mayoly Pharma, France",Droguerie de l'Union,Lebanon,935570.3500000001,smectalia strawberry,true
MED#8075,8075,80614/1,SMOFKABIVEN,,,1477ml,Injectable emulsion for infusion,Fresenius Kabi AB,Benta Trading Co s.a.l.,Sweden,3835326.494999999,smofkabiven,true
MED#8076,8076,80714/1,SMOFKABIVEN PERIPHERAL,,,1448ml,Injectable emulsion for infusion,Fresenius Kabi AB,Benta Trading Co s.a.l.,Sweden,4571752.1850000005,smofkabiven peripheral,true
MED#6830,6830,167802/11,SMOFLIPID,,20%,250ml,Injectable emulsion for infusion,Fresenius Kabi Austria GmbH,Benta Trading Co s.a.l.,Austria,1424473.0499999998,smoflipid,true
MED#11803,11803,63421/1,SNAD,,500mg,4,Tablet,Batterjee Pharmaceutical Factory,The Lebanese Pharmacists SAL,Saudi Arabia,774053.2800000001,snad,true
MED#4201,4201,2802/94,SODIUM BICARBONATE,,8.4%,10 x 20ml,Injectable solution,Alfa Laboratoires S.A.L.,Alfa Laboratoires S.A.L.,Lebanon,959565.2999999999,sodium bicarbonate,true
MED#4202,4202,2805/94,SODIUM BICARBONATE,,4.2g/100ml,10 x 20ml,Injectable solution,Alfa Laboratoires S.A.L.,Alfa Laboratoires S.A.L.,Lebanon,742370.2800000001,sodium bicarbonate,true
MED#4203,4203,236963/99,SODIUM BICARBONATE,,1.4g/100ml,500ml,Injectable solution,Alfa Laboratoires S.A.L.,Alfa Laboratoires S.A.L.,Lebanon,258887.2704,sodium bicarbonate,true
MED#12481,12481,45125/1,SODIUM CHLORIDE,,0.45%,250ml non pvc bag,Injectable solution,Alfa Laboratoires S.A.L.,Alfa Laboratoires S.A.L.,Lebanon,144796.68000000002,sodium chloride,true
MED#4204,4204,2804/94,SODIUM CHLORIDE,,20%,100 x 10ml,Injectable solution,Alfa Laboratoires S.A.L.,Alfa Laboratoires S.A.L.,Lebanon,5675800.0200000005,sodium chloride,true
MED#4205,4205,2804/94,SODIUM CHLORIDE,,20%,10 x 20ml,Injectable solution,Alfa Laboratoires S.A.L.,Alfa Laboratoires S.A.L.,Lebanon,784889.9400000001,sodium chloride,true
MED#4206,4206,2794/94,SODIUM CHLORIDE,,10%,100 x 10ml,Injectable solution,Alfa Laboratoires S.A.L.,Alfa Laboratoires S.A.L.,Lebanon,4129003.7399999998,sodium chloride,true
MED#4207,4207,2806/94,SODIUM CHLORIDE,,0.9%,100 x 5ml,Injectable solution,Alfa Laboratoires S.A.L.,Alfa Laboratoires S.A.L.,Lebanon,4143943.08,sodium chloride,true
MED#4208,4208,2806/94,SODIUM CHLORIDE,,0.9%,100 x 10ml,Injectable solution,Alfa Laboratoires S.A.L.,Alfa Laboratoires S.A.L.,Lebanon,3985356.2399999998,sodium chloride,true
MED#4209,4209,2806/94,SODIUM CHLORIDE,,0.9%,100 x 20ml,Injectable solution,Alfa Laboratoires S.A.L.,Alfa Laboratoires S.A.L.,Lebanon,5566627.92,sodium chloride,true
MED#4211,4211,208804/03,SODIUM CHLORIDE,,0.9%,1000ml glass bottle,Injectable solution,Alfa Laboratoires S.A.L.,Alfa Laboratoires S.A.L.,Lebanon,519735.8080000001,sodium chloride,true
MED#4212,4212,2633/94,SODIUM CHLORIDE,,0.9%,50ml Viaflex bag,Injectable solution,Alfa Laboratoires S.A.L.,Alfa Laboratoires S.A.L.,Lebanon,167780.28,sodium chloride,true
MED#4215,4215,2633/94,SODIUM CHLORIDE,,0.9%,100ml Viaflex bag,Injectable solution,Alfa Laboratoires S.A.L.,Alfa Laboratoires S.A.L.,Lebanon,167780.28,sodium chloride,true
MED#4217,4217,2633/94,SODIUM CHLORIDE,,0.9%,250ml Viaflex bag,Injectable solution,Alfa Laboratoires S.A.L.,Alfa Laboratoires S.A.L.,Lebanon,166707.712,sodium chloride,true
MED#4219,4219,2633/94,SODIUM CHLORIDE,,0.9%,500ml Viaflex bag,Injectable solution,Alfa Laboratoires S.A.L.,Alfa Laboratoires S.A.L.,Lebanon,174552.7808,sodium chloride,true
MED#4221,4221,2633/94,SODIUM CHLORIDE,,0.9%,1000ml Viaflex bag,Injectable solution,Alfa Laboratoires S.A.L.,Alfa Laboratoires S.A.L.,Lebanon,188771.968,sodium chloride,true
MED#4223,4223,2712/94,SODIUM CHLORIDE,,0.45%,250ml Viaflex bag,Injectable solution,Alfa Laboratoires S.A.L.,Alfa Laboratoires S.A.L.,Lebanon,133856.48640000002,sodium chloride,true
MED#4224,4224,2712/94,SODIUM CHLORIDE,,0.45%,500ml Viaflex bag,Injectable solution,Alfa Laboratoires S.A.L.,Alfa Laboratoires S.A.L.,Lebanon,149393.4,sodium chloride,true
MED#4225,4225,2712/94,SODIUM CHLORIDE,,0.45%,1000ml Viaflex bag,Injectable solution,Alfa Laboratoires S.A.L.,Alfa Laboratoires S.A.L.,Lebanon,163183.55999999997,sodium chloride,true
MED#4857,4857,2794/94,SODIUM CHLORIDE,,10%,100 x 20ml,Injectable solution,Alfa Laboratoires S.A.L.,Alfa Laboratoires S.A.L.,Lebanon,5779226.220000001,sodium chloride,true
MED#9374,9374,121817/1,SODIUM CHLORIDE,,0.9%,500ml Non PVC bag,Injectable solution,Alfa Laboratoires S.A.L.,Alfa Laboratoires S.A.L.,Lebanon,209150.75999999998,sodium chloride,true
MED#9375,9375,137617/1,SODIUM CHLORIDE,,0.9%,1000ml Non PVC bag,Injectable solution,Alfa Laboratoires S.A.L.,Alfa Laboratoires S.A.L.,Lebanon,222940.92,sodium chloride,true
MED#9380,9380,19516/1,SODIUM CHLORIDE,,0.9%,Glass bottle 500ml,Injectable solution,Alfa Laboratoires S.A.L.,Alfa Laboratoires S.A.L.,Lebanon,349595.8784,sodium chloride,true
MED#9556,9556,89218/1,SODIUM CHLORIDE,,0.9%,100ml non PVC bag,Injectable solution,Alfa Laboratoires S.A.L.,Alfa Laboratoires S.A.L.,Lebanon,182719.62,sodium chloride,true
MED#9557,9557,89118/1,SODIUM CHLORIDE,,0.9%,50ml non pvc bag,Injectable solution,Alfa Laboratoires S.A.L.,Alfa Laboratoires S.A.L.,Lebanon,182719.62,sodium chloride,true
MED#9709,9709,166618/1,SODIUM CHLORIDE,,0.9%,250ml Non PVC bag,Injectable solution,Alfa Laboratoires S.A.L.,Alfa Laboratoires S.A.L.,Lebanon,181907.53280000002,sodium chloride,true
MED#9774,9774,185818/1,SODIUM CHLORIDE,,0.45%,1000ml Non PVC bag,Injectable solution,Alfa Laboratoires S.A.L.,Alfa Laboratoires S.A.L.,Lebanon,176973.72000000003,sodium chloride,true
MED#9775,9775,186018/1,SODIUM CHLORIDE,,0.45%,500ml Non PVC bag,Injectable solution,Alfa Laboratoires S.A.L.,Alfa Laboratoires S.A.L.,Lebanon,161804.544,sodium chloride,true
MED#4787,4787,2091/94,"SODIUM CHLORIDE 0.45% INJECTION, USP",,0.45%,1000ml,,Serum Products,Serum Products,Lebanon,161314.2272,sodium chloride 0 45 injection usp,true
MED#4788,4788,2091/94,"SODIUM CHLORIDE 0.45% INJECTION, USP",,0.45%,500ml,,Serum Products,Serum Products,Lebanon,149393.4,sodium chloride 0 45 injection usp,true
MED#4789,4789,2091/94,"SODIUM CHLORIDE 0.45% INJECTION, USP",,0.45%,250ml,,Serum Products,Serum Products,Lebanon,148565.99039999998,sodium chloride 0 45 injection usp,true
MED#4795,4795,115/95,SODIUM CHLORIDE 0.9% INJECTION USP,,0.9%,100ml,,Serum Products,Serum Products,Lebanon,156288.48,sodium chloride 0 9 injection usp,true
MED#4796,4796,115/95,SODIUM CHLORIDE 0.9% INJECTION USP,,0.9%,50ml,,Serum Products,Serum Products,Lebanon,165481.91999999998,sodium chloride 0 9 injection usp,true
MED#4792,4792,2090/94,"SODIUM CHLORIDE 0.9% INJECTION, USP",,0.9%,1000ml,,Serum Products,Serum Products,Lebanon,176973.72000000003,sodium chloride 0 9 injection usp,true
MED#4793,4793,2090/94,"SODIUM CHLORIDE 0.9% INJECTION, USP",,0.9%,500ml,,Serum Products,Serum Products,Lebanon,163183.55999999997,sodium chloride 0 9 injection usp,true
MED#4794,4794,2090/94,"SODIUM CHLORIDE 0.9% INJECTION, USP",,0.9%,250ml,,Serum Products,Serum Products,Lebanon,156288.48,sodium chloride 0 9 injection usp,true
MED#11414,11414,141120/1,SODIUM CHLORIDE INJECTION/ DEMO,,0.9% w/v,50Ampoules x 5ml,Solution for injection,Demo SA Pharmaceutical Industry,Alfamed S.A.L.,Greece,1182581.4000000004,sodium chloride injection demo,true
MED#11415,11415,141020/1,SODIUM CHLORIDE INJECTION/ DEMO,,0.9% w/v,50Ampoules x 10ml,Solution for injection,Demo SA Pharmaceutical Industry,Alfamed S.A.L.,Greece,1419097.6800000002,sodium chloride injection demo,true
MED#11416,11416,141220/1,SODIUM CHLORIDE INJECTION/ DEMO,,0.9% w/v,20Ampoules x 20ml,Solution for injection,Demo SA Pharmaceutical Industry,Alfamed S.A.L.,Greece,567101.535,sodium chloride injection demo,true
MED#1589,1589,973975/02,SOFLAX,,,200ml,Solution,Julphar,Pharmanet Drugstore S.A.R.L.,United Arab Emirates,258017.76,soflax,true
MED#12087,12087,54024/1,SOLEZOL,,40mg,1Vial,Powder for solution for injection/ infusion,Anfarm Hellas SA,Drugstore 3U S.A.R.L.,Greece,301020.7200000001,solezol,true
MED#3077,3077,973486/02,SOLIAN,,100mg,30,"Tablet, scored",Delpharm Dijon,Mersaco,France,1048197.15,solian,true
MED#7585,7585,186540/13,SOLIAN,,400mg,30,"Tablet, film-scored",Delpharm Dijon,Mersaco,France,1764465.2025000001,solian,true
MED#11484,11484,140221/1,SOLIFAS,,5mg,30,"Tablet, film coated",Biofarma Ilac San. ve Tic. AS,BroadMed SAL,Turkey,971598.1275000002,solifas,true
MED#11485,11485,140121/1,SOLIFAS,,10mg,30,"Tablet, film coated",Biofarma Ilac San. ve Tic. AS,BroadMed SAL,Turkey,971598.1275000002,solifas,true
MED#10836,10836,45320/1,SOLIFENACINE ARROW,,5mg,30,Comprimés pelliculés,APL Swift Services (Malta) Limited,Darapharma S.A.L.,Malta,952784.3325,solifenacine arrow,true
MED#10837,10837,45320/1,SOLIFENACINE ARROW,,10mg,30,Comprimés pelliculés,APL Swift Services (Malta) Limited,Darapharma S.A.L.,Malta,952784.3325,solifenacine arrow,true
MED#12583,12583,04426/1,SOLIRIS,,300mg,1,Concentrate for solution for infusion,Alexion Pharma International Operations Limited,Omnipharma,France,218073568.78124997,soliris,true
MED#10073,10073,179219/1,SOLKET,,80mg,30 bipartite sachets,Powder for oral solution,Special Product's Line SpA,Pharmamedic S.A.R.L.,Italy,636981.345,solket,true
MED#11298,11298,167220/1,SOLKET INFLAMMATION AND PAIN,,0.16%,15ml,Oromucosal spray,Doppel Farmaceutici SRL,Pharmamedic S.A.R.L.,Italy,946065.1200000002,solket inflammation and pain,true
MED#5289,5289,23855/07,SOLOTIK,,50mg,15,"Tablet, film coated",Hikma Pharmaceuticals,Abela Frères S.A.L.,Jordan,428685.7575,solotik,true
MED#5672,5672,24935/07,SOLOTIK,,100mg,15,"Tablet, film coated",Hikma Pharmaceuticals,Abela Frères S.A.L.,Jordan,616823.7075,solotik,true
MED#7180,7180,187452/13,SOLPADEINE,,,24,Tablet,GlaxoSmithKline Dungarvan Ltd,Abela Frères S.A.L.,Ireland,319834.51499999996,solpadeine,true
MED#11676,11676,31222/1,SOLPADEINE SOLUBLE,,,24,"Tablet, effervescent",GlaxoSmithKline Dungarvan Ltd,Abela Frères S.A.L.,Ireland,326553.7275000001,solpadeine soluble,true
MED#11849,11849,146723/1,SOLPEX,,,24,Tablet,"Algorithm S.A., Zouk Mosbeh",Droguerie de l'Union,Lebanon,243171.5,solpex,true
MED#437,437,17963,SOLU CORTEF ACT-O-VIAL,,250mg,1 x 2ml,Injectable,Pfizer Manufacturing Belgium NV,Droguerie Fattal S.A.L.,Belgium,421966.5450000001,solu cortef act o vial,true
MED#441,441,25161/81,SOLU MEDROL,,500mg,8ml,Injectable,Pfizer Manufacturing Belgium NV,Droguerie Fattal S.A.L.,Belgium,718955.7375,solu medrol,true
MED#442,442,25162/81,SOLU MEDROL,,1000mg,16ml,Injectable,Pfizer Manufacturing Belgium NV,Droguerie Fattal S.A.L.,Belgium,1444630.6875,solu medrol,true
MED#439,439,19019,SOLU MEDROL Act-O-Vial,,40mg,1 x 1ml,Injectable,Pfizer Manufacturing Belgium NV,Droguerie Fattal S.A.L.,Belgium,318490.6725,solu medrol act o vial,true
MED#12436,12436,64425/1,"SOLUFLEX DEXTROSE 10% INJECTION, USP",,10%,250ml Bag Pvc free,,Serum Products,Serum Products,Lebanon,219493.38,soluflex dextrose 10 injection usp,true
MED#12437,12437,64325/1,"SOLUFLEX DEXTROSE 10% INJECTION, USP",,10%,500ml Bag Pvc free,Injectable solution,Serum Products,Serum Products,Lebanon,251670.42,soluflex dextrose 10 injection usp,true
MED#12438,12438,67425/1,"SOLUFLEX DEXTROSE 10% INJECTION, USP",,10%,1000ml Bag Pvc free,Injectable solution,Serum Products,Serum Products,Lebanon,283847.45999999996,soluflex dextrose 10 injection usp,true
MED#12414,12414,61025/1,"SOLUFLEX DEXTROSE 2.5% SODIUM CHLORIDE 0.45% INJECTION, USP",,,500ml in PVC free bag,,Serum Products,Serum Products,Lebanon,150542.58,soluflex dextrose 2 5 sodium chloride 0 45 injection usp,true
MED#12415,12415,61225/1,"SOLUFLEX DEXTROSE 2.5% SODIUM CHLORIDE 0.45% INJECTION, USP",,,1000ml in PVC free bag,,Serum Products,Serum Products,Lebanon,222940.92,soluflex dextrose 2 5 sodium chloride 0 45 injection usp,true
MED#9954,9954,60219/1,SOLUFLEX DEXTROSE 5% INJECTION USP,,5%,100ml in PVC-free bags,,Serum Products,Serum Products,Lebanon,186167.16,soluflex dextrose 5 injection usp,true
MED#9956,9956,60419/1,SOLUFLEX DEXTROSE 5% INJECTION USP,,5%,50ml in PVC-free bags,,Serum Products,Serum Products,Lebanon,186167.16,soluflex dextrose 5 injection usp,true
MED#12064,12064,122120/1,"SOLUFLEX DEXTROSE 5% INJECTION, USP",,5%,250ml in pvc-free bags,,Serum Products,Serum Products,Lebanon,185017.98,soluflex dextrose 5 injection usp,true
MED#9959,9959,39219/1,"SOLUFLEX DEXTROSE 5% INJECTION, USP",,5%,500ml in PVC-free bags,,Serum Products,Serum Products,Lebanon,205703.21999999997,soluflex dextrose 5 injection usp,true
MED#9998,9998,21719/1,"SOLUFLEX DEXTROSE 5% INJECTION, USP",,5%,1000ml in PVC-free bags,,Serum Products,Serum Products,Lebanon,221791.74000000002,soluflex dextrose 5 injection usp,true
MED#9562,9562,126017/1,"SOLUFLEX DEXTROSE 5% SODIUM CHLORIDE 0.45% INJECTION, USP",,,1000ml,,Serum Products,Serum Products,Lebanon,236731.08000000002,soluflex dextrose 5 sodium chloride 0 45 injection usp,true
MED#9563,9563,125917/1,"SOLUFLEX DEXTROSE 5% SODIUM CHLORIDE 0.45% INJECTION, USP",,,500ml,,Serum Products,Serum Products,Lebanon,211449.12000000002,soluflex dextrose 5 sodium chloride 0 45 injection usp,true
MED#10077,10077,126019/1,"SOLUFLEX DEXTROSE 5% SODIUM CHLORIDE 0.9% INJECTION, USP",,,1000ml in PVC-free bags,,Serum Products,Serum Products,Lebanon,222940.92,soluflex dextrose 5 sodium chloride 0 9 injection usp,true
MED#10131,10131,134419/1,"SOLUFLEX DEXTROSE 5% SODIUM CHLORIDE 0.9% INJECTION, USP",,,500ml in PVC free bags,,Serum Products,Serum Products,Lebanon,158586.84,soluflex dextrose 5 sodium chloride 0 9 injection usp,true
MED#9584,9584,107117/1,"SOLUFLEX LACTATED RINGER'S INJECTION, USP",,,500ml,,Serum Products,Serum Products,Lebanon,236731.08000000002,soluflex lactated ringer s injection usp,true
MED#9585,9585,107017/1,"SOLUFLEX LACTATED RINGER'S INJECTION, USP",,,1000ml,,Serum Products,Serum Products,Lebanon,264311.39999999997,soluflex lactated ringer s injection usp,true
MED#9785,9785,185318/1,"SOLUFLEX MANNITOL 20% INJECTION, USP",,20g/100ml,"500ml, in PVC-free bags",,Serum Products,Serum Products,Lebanon,603319.5,soluflex mannitol 20 injection usp,true
MED#11853,11853,109323/1,SOLUFLEX METRONIDAZOLE,,500mg/100ml,100ml PVC free bags,Solution for IV infusion,Serum Products,Serum Products,Lebanon,162540.95,soluflex metronidazole,true
MED#11301,11301,99822/1,SOLUFLEX PARACETAMOL,,1g/100ml,100ml PVC free bags,Solution for IV infusion,Serum Products,Serum Products,Lebanon,211175.25,soluflex paracetamol,true
MED#11425,11425,154620/1,SOLUFLEX POTASSIUM CHLORIDE 20meq/l SODIUM CHLORIDE 0.9% INJECTION USP,,,250ml in pvc free bags,,Serum Products,Serum Products,Lebanon,232134.36,soluflex potassium chloride 20meq l sodium chloride 0 9 injection usp,true
MED#11424,11424,154720/1,SOLUFLEX POTASSIUM CHLORIDE 40meq/l SODIUM CHLORIDE 0.9% INJECTION USP,,,250ml in pvc free bags,,Serum Products,Serum Products,Lebanon,293040.9,soluflex potassium chloride 40meq l sodium chloride 0 9 injection usp,true
MED#10129,10129,134619/1,"SOLUFLEX RINGER'S INJECTION, USP",,,1000ml in PVC free bags,,Serum Products,Serum Products,Lebanon,221791.74000000002,soluflex ringer s injection usp,true
MED#12435,12435,65125/1,"SOLUFLEX RINGER'S INJECTION, USP",,,500ml Pvc free bag,,Serum Products,Serum Products,Lebanon,216045.84,soluflex ringer s injection usp,true
MED#12483,12483,,"SOLUFLEX RINGER'S INJECTION, USP",,,500ml,,Serum Products,Serum Products,Lebanon,216045.84,soluflex ringer s injection usp,true
MED#12065,12065,2091/94,"SOLUFLEX SODIUM CHLORIDE 0.45% INJECTION, USP",,0.45%,1000ml in pvc-free bags,,Serum Products,Serum Products,Lebanon,176973.72000000003,soluflex sodium chloride 0 45 injection usp,true
MED#12439,12439,65425/1,"SOLUFLEX SODIUM CHLORIDE 0.45% INJECTION, USP",,0.45%,500ml Bag Pvc free,,Serum Products,Serum Products,Lebanon,158586.84,soluflex sodium chloride 0 45 injection usp,true
MED#9789,9789,185118/1,SOLUFLEX SODIUM CHLORIDE 0.9% INJECTION USP,,0.9%,100ml in PVC-free bags,,Serum Products,Serum Products,Lebanon,180421.26,soluflex sodium chloride 0 9 injection usp,true
MED#9882,9882,187718/1,SOLUFLEX SODIUM CHLORIDE 0.9% INJECTION USP,,0.9%,50ml in PVC free bags,,Serum Products,Serum Products,Lebanon,180421.26,soluflex sodium chloride 0 9 injection usp,true
MED#9564,9564,129417/1,"SOLUFLEX SODIUM CHLORIDE 0.9% INJECTION, USP",,0.9%,1000ml,,Serum Products,Serum Products,Lebanon,218344.2,soluflex sodium chloride 0 9 injection usp,true
MED#9565,9565,129317/1,"SOLUFLEX SODIUM CHLORIDE 0.9% INJECTION, USP",,0.9%,500ml,,Serum Products,Serum Products,Lebanon,203404.86,soluflex sodium chloride 0 9 injection usp,true
MED#9787,9787,185218/1,"SOLUFLEX SODIUM CHLORIDE 0.9% INJECTION, USP",,0.9%,250ml in PVC-free bags,,Serum Products,Serum Products,Lebanon,179272.08,soluflex sodium chloride 0 9 injection usp,true
MED#11954,11954,99224/1,SOLVAMUC SR,,75mg,10,Capsule,"UBSA Pharma Industries SARL (Secondary Packaging), manufacturer: Livealth Biopharma Pvt. Ltd, India",L. Pharm SAL,Lebanon,276447.60000000003,solvamuc sr,true
MED#7148,7148,96712/12,SOMATULINE AUTOGEL,,90mg,1 Seringue préremplie,Solution injectable à libération prolongée,Ipsen Pharma Biotech,Droguerie de l'Union,France,48383449.758,somatuline autogel,true
MED#7149,7149,96711/12,SOMATULINE AUTOGEL,,120mg,1 Seringue préremplie,Solution injectable à libération prolongée,Ipsen Pharma Biotech,Droguerie de l'Union,France,57492826.16700002,somatuline autogel,true
MED#6197,6197,222267/08,SOMAZINA,,"1,000mg",5x4ml,Injectable solution,Ferrer Internacional SA,Spephal S.A.L.,Spain,1087168.5825000003,somazina,true
MED#8165,8165,2115/1,SOMAZINA,,1000mg,6Sachets x 10ml,Oral Solution,Ferrer Internacional SA,Spephal S.A.L.,Spain,974285.8125000002,somazina,true
MED#9409,9409,146317/1,SOOLANTRA,,10mg/g,30g,Cream,Galderma,Raymond Georges Abou Adal & Co,France,2154179.5275000003,soolantra,true
MED#9410,9410,146217/1,SOOLANTRA,,10mg/g,15g,Cream,Galderma,Raymond Georges Abou Adal & Co,France,1053572.5199999998,soolantra,true
MED#9544,9544,161915/1,SORAL,,20mg/2ml,3lyophilized vials + 3solvent ampoules,IM/IV injection,Global Pharmaceutical Industries,Droguerie Pentamed,Egypt,360149.79000000004,soral,true
MED#10132,10132,143419/1,SOTALOL BIOGARAN,,160mg,30,Comprimés sécables,Laboratoires BTT,Commercial and Trading Ressources SAL (CTR),France,353430.5775000001,sotalol biogaran,true
MED#10177,10177,143519/1,SOTALOL BIOGARAN,,80mg,30,Comprimés sécables,Laboratoires BTT,Commercial and Trading Ressources SAL (CTR),France,288926.1375,sotalol biogaran,true
MED#11966,11966,110018/1,SOTIRA,,5mg,21,Capsule,The Arab Pharmaceutical Manufacturing PSC,Droguerie Mercury S.A.L.,Jordan,68908116.018,sotira,true
MED#11967,11967,110118/1,SOTIRA,,10mg,21,Capsule,The Arab Pharmaceutical Manufacturing PSC,Droguerie Mercury S.A.L.,Jordan,72248182.986,sotira,true
MED#11968,11968,110218/1,SOTIRA,,15mg,21,Capsule,The Arab Pharmaceutical Manufacturing PSC,Droguerie Mercury S.A.L.,Jordan,76208289.486,sotira,true
MED#11969,11969,110318/1,SOTIRA,,25mg,21,Capsule,The Arab Pharmaceutical Manufacturing PSC,Droguerie Mercury S.A.L.,Jordan,76719234.14531249,sotira,true
MED#11769,11769,152418/1,SOVIDEX,,12.5mg,30,Capsule,The Arab Pharmaceutical Manufacturing PSC,Droguerie de l'Union,Jordan,36042559.5348,sovidex,true
MED#11770,11770,152518/1,SOVIDEX,,25mg,30,Capsule,The Arab Pharmaceutical Manufacturing PSC,Droguerie de l'Union,Jordan,64804314.225,sovidex,true
MED#11771,11771,152618/1,SOVIDEX,,50mg,30,Capsule,The Arab Pharmaceutical Manufacturing PSC,Droguerie de l'Union,Jordan,118623323.32593746,sovidex,true
MED#7544,7544,187083/13,SPASFON,,,30,"Tablet, coated",Macors,Droguerie Phenicia,France,278175.3975,spasfon,true
MED#11864,11864,131423/1,SPASMEX,,30mg,50,"Tablet, film coated",Dr. Pfleger Arzneimittel GmbH,Mersaco,Germany,2564051.49,spasmex,true
MED#6401,6401,219247/09,SPASMEX,,30mg,50,"Tablet, film coated",Dr. R. Pfleger Chemische Fabrik GmbH,Mersaco,Germany,2564051.49,spasmex,true
MED#5233,5233,24914/07,SPASMINE (Mebeverine HCl 200mg SR),,200mg,30,Capsule,Mediphar Laboratories,Pharmamedic S.A.R.L.,Lebanon,712876.4500000001,spasmine mebeverine hcl 200mg sr,true
MED#1849,1849,974038/02,SPASMO-DIGESTIN,,,30,"Tablet, enteric coated",Pharco Pharmaceuticals,C. Catafago & Co,Egypt,260705.445,spasmo digestin,true
MED#6814,6814,97874/11,SPASMOBROM,,20mg,30,"Tablet, coated",ABC Farmaceutici SpA,Macromed S.A.R.L.,Italy,705517.3125,spasmobrom,true
MED#3682,3682,261368,SPASMOMEN,,40mg,30,"Tablet, film coated",Berlin Chemie AG,Mersaco,Germany,438092.6549999999,spasmomen,true
MED#9300,9300,60417/1,SPECTRILA,,"10,000U",1Vial,Powder for concentrate for solution for infusion,Medac Gesellschaft Fur Klinische Spezialpraparate mbH,Mersaco,Germany,21370812.649200004,spectrila,true
MED#5914,5914,221748/08,SPIDIFEN,,400mg,12,Tablet film coated,Zambon SpA,BiofinPharma Middle East S.A.L.,Italy,330585.25500000006,spidifen,true
MED#4547,4547,17629,SPIDOGALE,,,120ml,Lotion,Mephico SAL,Mephico S.A.L.,Lebanon,207335.7,spidogale,true
MED#8543,8543,174715/1,SPIOLTO RESPIMAT,,2.5mcg/2.5mcg/puff,1 respimat inhaler + 1 cartridge 60puffs,Inhalation solution,Boehringer Ingelheim Pharma GmbH & Co KG,Mersaco,Germany,5087787.705,spiolto respimat,true
MED#4357,4357,974246/01,SPIRAGYL,,,20,Tablet,Mediphar Laboratories,Pharmamedic S.A.R.L.,Lebanon,474824.3500000001,spiragyl,true
MED#8010,8010,97999/12,SPIRAGYL FORTE,,,10,Tablet,Mediphar Laboratories,Pharmamedic S.A.R.L.,Lebanon,474824.3500000001,spiragyl forte,true
MED#2370,2370,973474/02,SPIRIVA WITH HANDIHALER,,18mcg,30,"Capsule, hard, inhalation powder plus handihaler",Boehringer Ingelheim Pharma GmbH & Co KG,Mersaco,Germany,3179531.3550000004,spiriva with handihaler,true
MED#7875,7875,31514/1,SPOTEX,,,30g,Gel,Pella Pharmaceuticals Co Ltd,Premium Serve Drugstore Co. P.S.D. SAL,Jordan,854683.8300000001,spotex,true
MED#10524,10524,81820/1,SPRAVATO,,28mg,1device,Nasal spray solution,Renaissance Lakewood LLC,Mersaco,USA,25122440.498400006,spravato,true
MED#11709,11709,82020/1,SPRAVATO,,28mg,3devices,nasal spray solution,Renaissance Lakewood LLC,Mersaco,USA,66978978.42300002,spravato,true
MED#12035,12035,81920/1,SPRAVATO,,28mg,2devices,Nasal spray solution,Renaissance Lakewood LLC,Mersaco,USA,44561381.256,spravato,true
MED#12202,12202,63724/1,SPRAVATO,,28mg,1device,Nasal spray solution,Janssen-Cilag Manufacturing LLC,Mersaco,USA,25122440.498400006,spravato,true
MED#12445,12445,17425/1,SPRAVATO,,28mg,3devices,nasal spray solution,Janssen-Cilag Manufacturing LLC,Mersaco,USA,66978978.42300002,spravato,true
MED#12535,12535,117625/1,SPRAVATO,,28mg,2devices,Nasal spray solution,Janssen-Cilag Manufacturing LLC,Mersaco,USA,44561381.256,spravato,true
MED#4017,4017,24536/07,SPRYCEL,,70mg,60,Tablet,"Patheon Inc., Mississauga, Ontario, Canada",Pacific pharma,Canada,212274841.40624997,sprycel,true
MED#4018,4018,24535/07,SPRYCEL,,50mg,60,Tablet,"Patheon Inc., Mississauga, Ontario, Canada",Pacific pharma,Canada,212274841.40624997,sprycel,true
MED#9100,9100,104016/1,STABILANOL,,150mg,1,Capsule,"Pharmadex under license from Pharmathen SA, Greece",Bellapharma S.A.R.L.,Lebanon,264637.41404100007,stabilanol,true
MED#9101,9101,104116/1,STABILANOL,,100mg,7,Capsule,"Pharmadex under license from Pharmathen SA, Greece",Bellapharma S.A.R.L.,Lebanon,1432331.314414,stabilanol,true
MED#9396,9396,145317/1,STABILANOL,,2mg/ml,1 Vial x 100ml,Injectable solution for Infusion,"Manufactured by Pharmathen SA, Greece Packed by Pharmadex S.A.L, under license from Pharmathen SA, Greece",Bellapharma S.A.R.L.,Lebanon,1291789.410912,stabilanol,true
MED#10678,10678,135320/1,STABURIC,,40mg,30,"Tablet, film coated",Pharmaline SAL,Pharmaline S.A.L.,Lebanon,1081345.265,staburic,true
MED#10679,10679,135420/1,STABURIC,,80mg,30,"Tablet, film coated",Pharmaline SAL,Pharmaline S.A.L.,Lebanon,1355489.135,staburic,true
MED#10680,10680,135520/1,STABURIC,,120mg,30,"Tablet, film coated",Pharmaline SAL,Pharmaline S.A.L.,Lebanon,1420889.47,staburic,true
MED#3792,3792,405663/00,STALORAL,,2 x 100IR ou IC/ml,Coffret de 2flacons,Oral/ Sublingual,Stallergènes,Omnipharma,France,8449319.032875001,staloral,true
MED#3793,3793,405664/00,STALORAL,,300IR ou IC/ml,Coffret de 1flacon,Oral/ Sublingual,Stallergènes,Omnipharma,France,6598266.674999999,staloral,true
MED#5860,5860,218712/10,STALORAL,,10-100-100 IR ou IC/ml,Coffret de 3 flacons,Oral/ Sublingual,Stallergènes,Omnipharma,France,9129687.60165,staloral,true
MED#5861,5861,218713/10,STALORAL,,10-300 IR ou IC/ml,Coffret de 2 flacons,Oral/ Sublingual,Stallergènes,Omnipharma,France,7206963.424500001,staloral,true
MED#4338,4338,194905/05,STAVACOR,,10mg,30,"Tablet, scored",Algorithm S.A.L.,Droguerie de l'Union,Lebanon,1695801.2500000002,stavacor,true
MED#4339,4339,194904/05,STAVACOR,,20mg,30,"Tablet, scored",Algorithm S.A.L.,Droguerie de l'Union,Lebanon,725418.9800000001,stavacor,true
MED#4340,4340,194903/05,STAVACOR,,40mg,30,"Tablet, scored",Algorithm S.A.L.,Droguerie de l'Union,Lebanon,891799.4800000001,stavacor,true
MED#4674,4674,974220/01,STAVINE,,10mg,30,Tablet,Pharmaline SAL,Pharmaline S.A.L.,Lebanon,207335.7,stavine,true
MED#4675,4675,974219/01,STAVINE,,20mg,30,Tablet,Pharmaline SAL,Pharmaline S.A.L.,Lebanon,207335.7,stavine,true
MED#4676,4676,195017/04,STAVINE,,40mg,30,"Tablet, scored",Pharmaline SAL,Pharmaline S.A.L.,Lebanon,207335.7,stavine,true
MED#12158,12158,7525/1,STELARA,,45mg,1 Pre-filled pen,Injectable solution,Cilag AG,Abela Frères S.A.L.,Switzerland,157788549.30890623,stelara,true
MED#12159,12159,42225/1,STELARA,,90mg,1 Pre-filled pen,Injectable solution,Cilag AG,Abela Frères S.A.L.,Switzerland,157788549.30890623,stelara,true
MED#7323,7323,167465/10,STELARA,,45mg,1 Prefilled syringe,Injectable solution,Cilag AG,Abela Frères S.A.L.,Switzerland,157788549.30890623,stelara,true
MED#8788,8788,114116/1,STELARA,,90mg,1 Prefilled syringe,Injectable solution,Cilag AG,Abela Frères S.A.L.,Switzerland,157788549.30890623,stelara,true
MED#9150,9150,59017/1,STELARA,,130mg,1 vial,Concentrate for solution for infusion,Cilag AG,Abela Frères S.A.L.,Switzerland,66388356.825,stelara,true
MED#5547,5547,222461/08,STERIFINE 5,,5mg,30,"Tablet, film coated",Benta SAL,Benta Trading Co s.a.l.,Lebanon,733354.05,sterifine 5,true
MED#11650,11650,123923/1,STERILE WATER FOR INJECTION,,,1000ml Non PVC bag,,Alfa Laboratoires S.A.L.,Alfa Laboratoires S.A.L.,Lebanon,264311.39999999997,sterile water for injection,true
MED#12482,12482,45225/1,STERILE WATER FOR INJECTION,,,500ml non pvc bag,,Alfa Laboratoires S.A.L.,Alfa Laboratoires S.A.L.,Lebanon,204554.04,sterile water for injection,true
MED#4227,4227,2738/94,STERILE WATER FOR INJECTION,,,500ml Viaflex bag,,Alfa Laboratoires S.A.L.,Alfa Laboratoires S.A.L.,Lebanon,188771.968,sterile water for injection,true
MED#4229,4229,2738/94,STERILE WATER FOR INJECTION,,,1000ml Viaflex bag,,Alfa Laboratoires S.A.L.,Alfa Laboratoires S.A.L.,Lebanon,203481.472,sterile water for injection,true
MED#10771,10771,63821/1,STERILE WATER FOR INJECTION USP,,,1000ml,,Serum and Solutions SAL,A Pharma Solutions SAL,Lebanon,203404.86,sterile water for injection usp,true
MED#11151,11151,8223/1,STERILE WATER FOR INJECTION USP,,,1000ml non pvc,,Serum and Solutions SAL,A Pharma Solutions SAL,Lebanon,264311.39999999997,sterile water for injection usp,true
MED#4231,4231,2742/94,STERILE WATER FOR IRRIGATION,,,1000ml Viaflex bag,,Alfa Laboratoires S.A.L.,Alfa Laboratoires S.A.L.,Lebanon,203481.472,sterile water for irrigation,true
MED#12423,12423,161425/1,STEROVAL ODT,,8mg,10,"Tablet, orodispersible","UBSA Pharma Industries SARL (Secondary Packaging), manufacturer: Hiral Labs Ltd, India",Team Pharma S.A.L,Lebanon,998283,steroval odt,true
MED#11641,11641,129419/1,STIFFANO,,150mg,30,Tablet,Joswe Medical,Eva Pharm Plus,Jordan,651763.6125,stiffano,true
MED#10844,10844,117620/1,STILNOX,,10mg,14,"Tablet, film coated, scored",Sanofi Winthrop Industrie,Mersaco,France,96756.66000000002,stilnox,true
MED#10324,10324,175219/1,STIVANT,,100mg/4ml,1Vial of 4ml,Concentrate for solution for infusion,Aryogen Pharmed,Lebiran SARL,Iran,14719570.387199996,stivant,true
MED#10325,10325,175319/1,STIVANT,,400mg/16ml,,Concentrate for solution for infusion,Aryogen Pharmed,Lebiran SARL,Iran,27359527.21425001,stivant,true
MED#10007,10007,13819/1,STIVARGA,,40mg,Pack of 84 (3Bottles x28),"Tablet, film coated",Bayer AG,Droguerie R. Pharaon & Fils S.A.L.,Germany,264753324.15,stivarga,true
MED#11331,11331,147222/1,STOMAZOLE,,20mg,30,Capsule,Pharmadex,Pharmadex,Lebanon,593850.4,stomazole,true
MED#11960,11960,30223/1,STOMAZOLE,,20mg,1000,Capsule,Pharmadex,Pharmadex,Lebanon,15757783.848000001,stomazole,true
MED#10754,10754,,STOPALGIC,,10mg/ml,Box of 12vial x 100ml,Injectable solution for infusion,Les Laboratoires Medis SA,Medis Pharm Drugstore,Tunisia,1536011.9775000003,stopalgic,true
MED#3354,3354,208371/02,STOPAREN,,1g,1Vial + 1Solvent 4ml,Dry powder for injection IM,Anfarm Hellas SA,Medi drug International SAL (MDI),Greece,213670.95750000002,stoparen,true
MED#5486,5486,194304/05,STORVAS,,10mg,30,Tablet,Sun Pharmaceuticals Industries Ltd,Mediterranean Pharmaceutical Company,India,362837.47500000003,storvas,true
MED#5487,5487,195316/04,STORVAS,,20mg,30,Tablet,Sun Pharmaceuticals Industries Ltd,Mediterranean Pharmaceutical Company,India,362837.47500000003,storvas,true
MED#7349,7349,218706/10,STOVIRENZ,,600mg,30,"Tablet, film coated",Benta SAL,Benta Trading Co s.a.l.,Lebanon,6857456.05265,stovirenz,true
MED#8214,8214,96899/12,STRONDEX 70,,70mg,4,Tablet,Benta SAL,Benta Trading Co s.a.l.,Lebanon,1305447.0000000002,strondex 70,true
MED#12679,12679,146423/1,SUBIFIX,,400mg,5,"Tablet, film coated",Deva Holding AS,New Europharm,Turkey,2392039.650000001,subifix,true
MED#9553,9553,86218/1,SUBOXONE,,2mg/0.5mg,boite de 28,Sublingual tablet,Reckitt Benckiser Healthcare (UK) Ltd,Minapharm Halabi,UK,1473590.4933750003,suboxone,true
MED#9554,9554,86318/1,SUBOXONE,,8mg/2mg,boite de 28,Sublingual tablet,Reckitt Benckiser Healthcare (UK) Ltd,Minapharm Halabi,UK,7382584.3743750015,suboxone,true
MED#9699,9699,179418/1,SUBOXONE,,16mg/4mg,boite de 28,Sublingual tablet,Reckitt Benckiser Healthcare (UK) Ltd,Minapharm Halabi,UK,14284124.820000004,suboxone,true
MED#3161,3161,973955/02,SUCRATE GEL,,5ml/1g,30,Sachet /OS,Laboratorio Italiano Biochimico Farmaceutico Lisapharma SpA,Droguerie Pentamed,Italy,1259180.4225,sucrate gel,true
MED#5962,5962,24687/07,SUFENTANIL RENAUDIN,,50mcg/ml,10 ampoules x5ml,Injectable solution (IV or peridurale),Renaudin,Minapharm Halabi,France,3524898.8774999995,sufentanil renaudin,true
MED#5963,5963,24686/07,SUFENTANIL RENAUDIN,,5mcg/ml,10 ampoules x2ml,Injectable solution (IV or peridurale),Renaudin,Minapharm Halabi,France,755239.4849999999,sufentanil renaudin,true
MED#12375,12375,146122/1,SUKUBA,,500mg,1single use vial,Lyophilized powder for injection,Laboratorio Kemex SA,New Europharm,Argentine,34786563.36120001,sukuba,true
MED#4628,4628,19219,SULDEX,,,120ml,Syrup,Pharmadex,Pharmadex,Lebanon,152302.15,suldex,true
MED#8659,8659,163315/1,SULDEX 125,,125mg,10,Suppository,Pharmadex,Pharmadex,Lebanon,110067.10000000002,suldex 125,true
MED#8658,8658,163215/1,SULDEX 250,,250mg,10,Suppository,Pharmadex,Pharmadex,Lebanon,127985.00000000001,suldex 250,true
MED#4629,4629,19213,SULDEX A,,600mg,10,Suppository,Pharmadex,Pharmadex,Lebanon,200936.45000000004,suldex a,true
MED#4630,4630,19214,SULDEX B,,150mg,10,Suppository,Pharmadex,Pharmadex,Lebanon,117746.20000000003,suldex b,true
MED#4631,4631,22576,SULFACHLOR,,,10ml,Drops solution,Pharmadex,Pharmadex,Lebanon,202216.30000000002,sulfachlor,true
MED#4632,4632,2847,SULFANILAMIDE,,12g,12g,Powder,Pharmadex,Pharmadex,Lebanon,151022.3,sulfanilamide,true
MED#3504,3504,974121/01,SULFATE DE MAGNESIUM PROAMP,,0.15g/ml,50Ampoules /10 ml,Injectable solution IV,Aguettant,Droguerie Solupharm SAL,France,1400283.885,sulfate de magnesium proamp,true
MED#2771,2771,261486/97,SULFATE DE MAGNESIUM RENAUDIN,,15%,10Ampoules x10ml,Sol inj (I.V.),Renaudin,Minapharm Halabi,France,434061.1275,sulfate de magnesium renaudin,true
MED#10559,10559,160420/1,SULIQUA,,100units/ml + 33mcg/ml,3prefilled pen x 3ml,"Solution for injection, Solostar",Sanofi Aventis Deutschland GmbH,Mersaco,Germany,7975792.916175,suliqua,true
MED#10560,10560,160320/1,SULIQUA,,100units/ml + 50mcg/ml,3prefilled pen x 3ml,"Solution for injection, Solostar",Sanofi Aventis Deutschland GmbH,Mersaco,Germany,11286573.045300003,suliqua,true
MED#11944,11944,43322/1,SUMAREX,,100mg,6,"Tablet, film coated",Jamjoom Pharmaceuticals Co,Droguerie Mercury S.A.L.,Saudi Arabia,1088512.4250000003,sumarex,true
MED#10708,10708,62120/1,SUNITINIB AQVIDA,,12.5mg,30,"Capsule, hard",Combino Pharm Ltd,Mediterranean Pharmaceutical Company,Malta,41490006.966322996,sunitinib aqvida,true
MED#10709,10709,62220/1,SUNITINIB AQVIDA,,50mg,30,"Capsule, hard",Combino Pharm Ltd,Mediterranean Pharmaceutical Company,Malta,151885541.02042544,sunitinib aqvida,true
MED#3166,3166,236284/98,SUPERFLOX,,500mg,10,Tablet,Pharminicio SL,Mediterranean Pharmaceutical Company,Spain,458250.2925000001,superflox,true
MED#7037,7037,96884/12,SUPERSTAT,,20mg,30,Comprimés pelliculés,Ibn Al Baytar,Abela Frères S.A.L.,Tunisia,517379.3625000001,superstat,true
MED#7038,7038,96883/12,SUPERSTAT,,10mg,30,Comprimés pelliculés,Ibn Al Baytar,Abela Frères S.A.L.,Tunisia,517379.3625000001,superstat,true
MED#11732,11732,34024/1,SUPOFEN,,10mg/ml,Box of 50Vials,Solution for infusion,Laboratorios Basi-Industria Farmaceutica S.A.,Medis Pharm Drugstore,Portugal,7675285.957500001,supofen,true
MED#10851,10851,124121/1,SUPPOLAX,,,10,Suppository,"Chaoul Pharmaceuticals (Cha-pha) SAL, Lebanon (Packing) Manufactured by Fulton Medicinali SpA, Italy",Pharmamedic S.A.R.L.,Lebanon,598050.6532000001,suppolax,true
MED#4551,4551,83/95,SUPPOSITOIRE GLYCERINE ADULTE,,,12,Suppository,Mephico SAL,Mephico S.A.L.,Lebanon,179179.00000000003,suppositoire glycerine adulte,true
MED#4548,4548,83/95,SUPPOSITOIRE GLYCERINE ENFANT,,,12,Suppository,Mephico SAL,Mephico S.A.L.,Lebanon,179179.00000000003,suppositoire glycerine enfant,true
MED#4549,4549,83/95,SUPPOSITOIRE GLYCERINE ENFANT,,,12,Suppository,Mephico SAL,Mephico S.A.L.,Lebanon,179179.00000000003,suppositoire glycerine enfant,true
MED#10485,10485,170917/1,"SUPRANE (DESFLURANE, USP)",,,240ml,Liquid for inhalation,Baxter Healthcare Corporation,Abela Frères S.A.L.,USA,9371654.2437,suprane desflurane usp,true
MED#1122,1122,26992,SUPRAX,,200mg,6,Capsule,Hikma Pharmaceuticals under license of Astellas Pharma Inc Japan,Droguerie de l'Union,Jordan,1067010.945,suprax,true
MED#1123,1123,26993,SUPRAX,,400mg,6,Capsule,Hikma Pharmaceuticals under license of Astellas Pharma Inc Japan,Droguerie de l'Union,Jordan,2053391.34,suprax,true
MED#8877,8877,104316/1,SUPRAX,,200mg,6,Capsule,Jazeera Pharmaceutical Industries,Droguerie de l'Union,Saudi Arabia,1067010.945,suprax,true
MED#8878,8878,104416/1,SUPRAX,,400mg,6,Capsule,Jazeera Pharmaceutical Industries,Droguerie de l'Union,Saudi Arabia,2053391.3400000003,suprax,true
MED#1062,1062,148400/04,SUPRAX 100,,100mg/5ml,30ml,Suspension,Hikma Pharmaceuticals under license of Astellas Pharma Inc Japan,Droguerie de l'Union,Jordan,581883.8025,suprax 100,true
MED#1124,1124,26994,SUPRAX 100,,100mg/5ml,60ml,Suspension,Hikma Pharmaceuticals under license of Astellas Pharma Inc Japan,Droguerie de l'Union,Jordan,1166455.2899999998,suprax 100,true
MED#8879,8879,104516/1,SUPRAX 100,,100mg/5ml,30ml,Suspension,Jazeera Pharmaceutical Industries,Droguerie de l'Union,Saudi Arabia,581883.8025,suprax 100,true
MED#8880,8880,104616/1,SUPRAX 100,,100mg/5ml,60ml,Suspension,Jazeera Pharmaceutical Industries,Droguerie de l'Union,Saudi Arabia,1166455.2899999998,suprax 100,true
MED#12498,12498,120924/1,SUPRAX DS,,200mg/5ml,50ml,Suspension,Jazeera Pharmaceutical Industries,Droguerie de l'Union,Saudi Arabia,2117895.7800000003,suprax ds,true
MED#7502,7502,97977/12,SURFACTANTE B RICHET,,200mg (25mg/ml),1Vial x 8ml,Injection,Laboratorios Richet SA,Mediterranean Pharmaceutical Company,Argentine,26568472.16520001,surfactante b richet,true
MED#12240,12240,37424/1,SURGAM,,300mg,20,Tablet,Opella Healthcare International SAS,C. Catafago & Co,France,849308.4600000002,surgam,true
MED#4061,4061,24466/06,SURVANTA,,200mg/8ml,Vial,Intratracheal suspension,Abbvie Inc,Interpharma S.A.L.,USA,36957498.6312,survanta,true
MED#10486,10486,137319/1,SUTENT,,12.5mg,30,"Capsule, hard",Pfizer Italia SRL,Droguerie Fattal S.A.L.,Italy,54006800.988000005,sutent,true
MED#10487,10487,137519/1,SUTENT,,25mg,30,"Capsule, hard",Pfizer Italia SRL,Droguerie Fattal S.A.L.,Italy,98852769.43828124,sutent,true
MED#10488,10488,137419/1,SUTENT,,50mg,30,"Capsule, hard",Pfizer Italia SRL,Droguerie Fattal S.A.L.,Italy,197706574.36359373,sutent,true
MED#12667,12667,148025/1,SUXAMETHONIUM AGUETTANT,,10mg/ml,10 prefilled syringes,Solution for injection,Aguettant,Pharmamed,France,14907088.854000002,suxamethonium aguettant,true
MED#1595,1595,973435/01,SYMBICORT,,160/4.5mcg,120doses,Turbuhaler Inhalation powder,AstraZeneca AB,Omnipharma,Sweden,3378420.0450000004,symbicort,true
MED#5984,5984,168047/10,SYMBICORT,,320/9mcg,60doses,"Turbuhaler, Inhalation powder",AstraZeneca AB,Omnipharma,Sweden,3378420.0450000004,symbicort,true
MED#5250,5250,222389/08,SYMBICORT TURBUHALER,,160/4.5mcg/dose,60 Doses,Inhalation Powder,AstraZeneca AB,Omnipharma,Sweden,1689210.0225000002,symbicort turbuhaler,true
MED#4552,4552,24966,SYMMETREL,,100mg,20,Capsule,Mephico SAL,Mephico S.A.L.,Lebanon,568253.4,symmetrel,true
MED#11749,11749,104121/1,SYNAGIS,,100mg/ml 50mg/0.5ml,Vial,Solution for injection,Boehringer Ingelheim Pharma GmbH & Co KG,Omnipharma,Germany,38316692.887200005,synagis,true
MED#11750,11750,104021/1,SYNAGIS,,100mg/1ml,Vial,Solution for injection,Boehringer Ingelheim Pharma GmbH & Co KG,Omnipharma,Germany,57429464.463,synagis,true
MED#7984,7984,186789/14,SYNERGIC,,500mg/500mg,1Vial,Powder for IV injectable preparation,Unimed Laboratories,Medis Pharm Drugstore,Tunisia,1142266.1250000002,synergic,true
MED#6002,6002,218767/09,SYNFLORIX,,,1prefilled syringe +1needle (1dose 0.5ml),Injectable suspension,GlaxoSmithKline Biologicals SA,Abela Frères S.A.L.,Belgium,4675228.0575,synflorix,true
MED#10462,10462,185719/1,SYNJARDY,,5mg/1000mg,60,"Tablet, film coated",Boehringer Ingelheim Hellas Single Member SA,Mersaco,Greece,3500440.944,synjardy,true
MED#10463,10463,186019/1,SYNJARDY,,12.5mg/850mg,60,"Tablet, film coated",Boehringer Ingelheim Hellas Single Member SA,Mersaco,Greece,3378957.5820000004,synjardy,true
MED#10464,10464,185819/1,SYNJARDY,,5mg/850mg,60,"Tablet, film coated",Boehringer Ingelheim Hellas Single Member SA,Mersaco,Greece,3378957.5820000004,synjardy,true
MED#10469,10469,185919/1,SYNJARDY,,12.5mg/1000mg,60,"Tablet, film coated",Boehringer Ingelheim Hellas Single Member SA,Mersaco,Greece,3500440.944,synjardy,true
MED#8680,8680,61116/1,SYNJARDY,,12.5mg/1000mg,60,"Tablet, film coated",Boehringer Ingelheim Pharma GmbH & Co KG,Mersaco,Germany,3399652.7565,synjardy,true
MED#6763,6763,97661/11,TABUNEX,,0.05%,120Doses,Nasal spray,Tabuk Pharmaceutical Manufacturing Company,Mersaco,Saudi Arabia,419278.86000000004,tabunex,true
MED#7063,7063,96571/12,TABUVAN,,80mg,30,"Tablet, film coated",Tabuk Pharmaceutical Manufacturing Company,Mersaco,Saudi Arabia,387026.64,tabuvan,true
MED#7065,7065,96572/12,TABUVAN,,160mg,30,"Tablet, film coated",Tabuk Pharmaceutical Manufacturing Company,Mersaco,Saudi Arabia,544256.2124999999,tabuvan,true
MED#8176,8176,86314/1,TACHYBEN,,25mg,5Ampoules x 5ml,Injectable solution IV,Ever Neuro Pharma GmbH,Droguerie R. Pharaon & Fils S.A.L.,Austria,1439255.3175000001,tachyben,true
MED#7117,7117,218707/10,TACROGRAF 0.5,,0.5mg,100,Capsule,Benta SAL,Benta Trading Co s.a.l.,Lebanon,7004023.660200001,tacrograf 0 5,true
MED#7118,7118,218708/10,TACROGRAF 1,,1mg,100,Capsule,Benta SAL,Benta Trading Co s.a.l.,Lebanon,12679939.9944,tacrograf 1,true
MED#7119,7119,218709/10,TACROGRAF 5,,5mg,100,Capsule,Benta SAL,Benta Trading Co s.a.l.,Lebanon,67507154.26,tacrograf 5,true
MED#9329,9329,146115/1,TACRUS,,0.1%,30g,Ointment,Pella Pharmaceuticals Co Ltd,Premium Serve Drugstore Co. P.S.D. SAL,Jordan,1857190.3350000004,tacrus,true
MED#10600,10600,5820/1,TADALAFIL BIOGARAN,,10mg,4,Comprimés pelliculés,Interpharma Services Ltd,Commercial and Trading Ressources SAL (CTR),Bulgaria,1397596.2,tadalafil biogaran,true
MED#12098,12098,23624/1,TADALAFIL BIOGARAN,,5mg,28,Comprimés pelliculés,Interpharma Services Ltd,Commercial and Trading Ressources SAL (CTR),Bulgaria,3369013.147500001,tadalafil biogaran,true
MED#11566,11566,70222/1,TADALAGEN,,5mg,28,"Tablet, film coated","Atlantic Pharma Producoes Farmaceuticas SA, Portugal Packed by Pharmadex",Qualipharm,Lebanon,1766193.0000000002,tadalagen,true
MED#11567,11567,78522/1,TADALAGEN,,20mg,4,"Tablet, film coated","Atlantic Pharma Producoes Farmaceuticas SA, Portugal Packed by Pharmadex",Qualipharm,Lebanon,1032838.9500000001,tadalagen,true
MED#9994,9994,102519/1,TADAPRESS,,20mg,30,"Tablet, film coated",Benta SAL,Benta Trading Co s.a.l.,Lebanon,13621307.867999999,tadapress,true
MED#11290,11290,25421/1,TADILAS,,5mg,28,"Tablet, film coated","Kr Ka, d.d, Novo Mesto",Pharmamedic S.A.R.L.,Slovenia,1583046.465,tadilas,true
MED#11291,11291,25521/1,TADILAS,,20mg,2,"Tablet, film coated","Kr Ka, d.d, Novo Mesto",Pharmamedic S.A.R.L.,Slovenia,607416.81,tadilas,true
MED#4554,4554,21361,TAENIASAN,,500mg,4,Tablet,Mephico SAL,Mephico S.A.L.,Lebanon,94708.90000000001,taeniasan,true
MED#12141,12141,146523/1,TAFLUPRO,,0.0015%,30single dose units x 0.3ml,Ophthalmic solution,Orchidia Pharmaceutical Industries,Macromed S.A.R.L.,Egypt,1912287.8775000002,taflupro,true
MED#7824,7824,186128/13,TAGIX,,50mg,1 Vial,Injection,Hikma Pharmaceuticals,Abela Frères S.A.L.,Jordan,2436386.4525,tagix,true
MED#8836,8836,117816/1,TAGRISSO,,80mg,30,Film coated tablet,AstraZeneca AB,Omnipharma,Sweden,603192940.9307812,tagrisso,true
MED#10626,10626,141720/1,TAKHZYRO,,300mg/2ml (150mg/ml),1Vial of 2ml+1syringe + 2needles,Solution for injection,"Catalent Indiana, LLC",Abela Frères S.A.L.,USA,1204227926.8884375,takhzyro,true
MED#12374,12374,118022/1,TAKHZYRO,,300mg,1Pre-filled syringe 2ml,Solution for injection,Vetter Pharma- Fertigung GmbH & Co KG,Abela Frères S.A.L.,Germany,1202366121.2062497,takhzyro,true
MED#8944,8944,178816/1,TALTZ,,80mg/ml,Single dose prefilled autoinjector,Injection for subcutaneous use,Eli Lilly & Co,Droguerie de l'Union,USA,85080791.92265624,taltz,true
MED#6029,6029,222262/08,TALUSIN,,0.4mg,30,"Capsule, modified release",Mediphar Laboratories,Pharmamedic S.A.R.L.,Lebanon,683439.9,talusin,true
MED#12226,12226,115024/1,TALVEY,,2mg/ml,1Vial of 1.5ml,Solution for injection,Patheon Manufacturing Services LLC,Mersaco,USA,45594403.32300001,talvey,true
MED#12227,12227,114924/1,TALVEY,,40mg/ml,1Vial of 1ml,Solution for injection,Patheon Manufacturing Services LLC,Mersaco,USA,555916745.032031,talvey,true
MED#10188,10188,41820/1,TALYS,,20mg,1,"Tablet, film coated",Pharmaline SAL,Pharmaline S.A.L.,Lebanon,275679.69,talys,true
MED#4677,4677,194148/05,TALYS,,20mg,4,"Tablet, film coated",Pharmaline SAL,Pharmaline S.A.L.,Lebanon,1032838.95,talys,true
MED#7600,7600,186076/13,TALYS,,5mg,30,"Tablet, film coated",Pharmaline SAL,Pharmaline S.A.L.,Lebanon,1574215.5,talys,true
MED#9831,9831,80619/1,TALZENNA,,1mg,30,Capsule,Pfizer Pharmaceuticals LLC,Droguerie Fattal S.A.L.,USA,401512167.3412499,talzenna,true
MED#9832,9832,80519/1,TALZENNA,,0.25mg,30,Capsule,Pfizer Pharmaceuticals LLC,Droguerie Fattal S.A.L.,USA,133836698.78906249,talzenna,true
MED#10380,10380,195019/1,TAMIFLU,,75mg,10,Capsule,Delpharm Milano SRL,Omnipharma,Italy,1464788.325,tamiflu,true
MED#1602,1602,405906/00,TAMIFLU,,75mg,10,Capsule,Cenexi SAS,Omnipharma,France,1464788.325,tamiflu,true
MED#10450,10450,145120/1,TAMOXIFEN SANDOZ,,20mg,Pack of 30,"Tablet, film coated",Salutas Pharma GmbH,Khalil Fattal & Fils S.A.L.,Germany,497221.72500000003,tamoxifen sandoz,true
MED#11207,11207,2823/1,TAMOXIFENE BIOGARAN,,20mg,30,Comprimés,Egis Pharmaceuticals PLC,Commercial and Trading Ressources SAL (CTR),Hungary,858715.3575,tamoxifene biogaran,true
MED#11242,11242,2723/1,TAMOXIFENE BIOGARAN,,10mg,30,Comprimés,Egis Pharmaceuticals PLC,Commercial and Trading Ressources SAL (CTR),Hungary,415247.3325,tamoxifene biogaran,true
MED#9072,9072,66717/1,TAMSU GENERICON RETARD,,0.4mg,30,"Capsule, hard, modified release",Synthon Hispania SL,Algenericon Med,Spain,615479.865,tamsu genericon retard,true
MED#3196,3196,38920/97,TANAKAN,,40mg,30,Comprimé Enrobé,Beaufour Ipsen Industrie,Droguerie de l'Union,France,661170.5100000001,tanakan,true
MED#8031,8031,136515/1,TANAKAN,,40mg,90,Comprimé Enrobé,Beaufour Ipsen Industrie,Droguerie de l'Union,France,1662333.1724999999,tanakan,true
MED#4710,4710,194471/05,TAPAZOLE,,5mg,30,Tablet,"Pharmaline Licensed by Phadisco Ltd, Cyprus",Droguerie de l'Union,Lebanon,565693.7000000001,tapazole,true
MED#10576,10576,8920/1,TARDELIP,,10mg,30,"Tablet, film coated",Pharmaline SAL,Pharmaline S.A.L.,Lebanon,688559.3,tardelip,true
MED#10577,10577,9020/1,TARDELIP,,20mg,30,"Tablet, film coated",Pharmaline SAL,Pharmaline S.A.L.,Lebanon,880536.8000000002,tardelip,true
MED#10578,10578,9120/1,TARDELIP,,40mg,30,"Tablet, film coated",Pharmaline SAL,Pharmaline S.A.L.,Lebanon,1055876.25,tardelip,true
MED#10579,10579,9220/1,TARDELIP,,80mg,30,"Tablet, film coated",Pharmaline SAL,Pharmaline S.A.L.,Lebanon,1055876.25,tardelip,true
MED#4718,4718,194919/05,TARDEN,,10mg,30,"Tablet, film coated",Pharmaline SAL,Pharmaline S.A.L.,Lebanon,688559.3,tarden,true
MED#4719,4719,194920/05,TARDEN,,20mg,30,"Tablet, film coated",Pharmaline SAL,Pharmaline S.A.L.,Lebanon,880536.8000000002,tarden,true
MED#4720,4720,194921/05,TARDEN,,40mg,30,"Tablet, film coated",Pharmaline SAL,Pharmaline S.A.L.,Lebanon,1055876.25,tarden,true
MED#10564,10564,23018/1,TARESSA 100,,100mg,30,"Tablet, film coated","Manufactured by Hetero Labs Ltd, India for Benta SAL",Benta Trading Co s.a.l.,Lebanon,82247255.62499999,taressa 100,true
MED#10565,10565,23118/1,TARESSA 150,,150mg,30,"Tablet, film coated","Manufactured by Hetero Labs Ltd, India for Benta SAL",Benta Trading Co s.a.l.,Lebanon,98617812.5,taressa 150,true
MED#3203,3203,27881/94,TARGOCID,,200mg,1Vial + 1Ampoule 3ml,Powder and solvent for solution for injection/ infusion or oral solution,Sanofi SRL,Mersaco,Italy,714924.2100000001,targocid,true
MED#5709,5709,219249/09,TARGOCID,,400mg/3ml,1 Vial,Injectable powder +solvent IM/IV,Sanofi SRL,Mersaco,Italy,1331747.9175,targocid,true
MED#10278,10278,95019/1,TARKA,,180mg/2mg,28,"Tablet, bilayer",Humanis Saglik Anonim Sirketi,Mersaco,Turkey,2422948.027500001,tarka,true
MED#10279,10279,95319/1,TARKA,,240mg/4mg,28,"Tablet, modified release",Humanis Saglik Anonim Sirketi,Mersaco,Turkey,3797531.573208508,tarka,true
MED#5120,5120,24992/07,TASIGNA,,200mg,112,Capsule,Novartis Pharma Stein AG,Khalil Fattal & Fils S.A.L.,Switzerland,314303808.0763891,tasigna,true
MED#6207,6207,167811/11,TASIGNA,,150mg,112,Capsule,Novartis Pharma Stein AG,Khalil Fattal & Fils S.A.L.,Switzerland,247861853.35727385,tasigna,true
MED#10875,10875,27522/1,TAVANIC,,500mg,7,"Tablet, film coated, scored",Opella Healthcare International SAS,Mersaco,France,1150329.1800000004,tavanic,true
MED#12384,12384,62525/1,TAVANIC,,500mg,7,"Tablet, film coated, scored",Sanofi Ilac Sanayi ve Ticaret Anonim Sirketi,Mersaco,Turkey,1150329.1800000004,tavanic,true
MED#10876,10876,27622/1,TAVANIC 500MG,,5mg/ml,1bottle x100ml,Solution for Infusion,Sanofi Aventis Deutschland GmbH,Mersaco,Germany,1988886.9000000001,tavanic 500mg,true
MED#12536,12536,62925/1,TAVANIC 500MG,,5mg/ml,1bottle x100ml,Solution for Infusion,Sanofi Ilac Sanayi ve Ticaret Anonim Sirketi,Mersaco,Turkey,1988886.9000000001,tavanic 500mg,true
MED#11560,11560,15519/1,TAVAQUIN,,750mg,7,"Tablet, film coated",Jordan River Pharmaceutical Industries LLC,Atrissi SARL,Jordan,1389533.1450000003,tavaquin,true
MED#7233,7233,166783/11,TAVAQUIN 500MG,,500mg,7,"Tablet, film coated",Jordan River Pharmaceutical Industries LLC,Atrissi SARL,Jordan,787491.7050000001,tavaquin 500mg,true
MED#11068,11068,81822/1,TAXOTERE,,20mg/ml,1 Vial,Concentrate for solution for infusion,Sanofi Aventis Deutschland GmbH,Mersaco,Germany,6574077.510000003,taxotere,true
MED#11069,11069,81922/1,TAXOTERE,,80mg/4ml,1 Vial,Concentrate for solution for infusion,Sanofi Aventis Deutschland GmbH,Mersaco,Germany,24150868.308000002,taxotere,true
MED#12204,12204,76224/1,TAXOTERE,,80mg/4ml,1 Vial,Concentrate for solution for infusion,Sanofi Aventis Deutschland GmbH,Mersaco,Germany,24150868.308000002,taxotere,true
MED#12205,12205,76324/1,TAXOTERE,,20mg/ml,1 Vial,Concentrate for solution for infusion,Sanofi Aventis Deutschland GmbH,Mersaco,Germany,6574077.510000003,taxotere,true
MED#11793,11793,32024/1,TAZOBACT,,4g/500mg,1Vial 20ml,Powder for injection,Unimed Laboratories,PMD (Pharmacist's medical drugstore),Tunisia,783460.1775000002,tazobact,true
MED#9982,9982,20419/1,TAZOCIN,,4g/0.5g,1vial,Powder for IV Infusion,Wyeth Lederle SRL,Droguerie Fattal S.A.L.,Italy,1306214.9100000001,tazocin,true
MED#10381,10381,181919/1,TECENTRIQ,,1200mg,1 vial,Injectable concentrate for solution for infusion,"F. Hoffmann La Roche Ltd, Kaiseraugst",Omnipharma,Switzerland,375054619.4160117,tecentriq,true
MED#11971,11971,27924/1,TECENTRIQ,,1875mg/15ml,,Solution for injection,Roche Diagnostics GmbH,Omnipharma,Germany,375054619.4160117,tecentriq,true
MED#8901,8901,182416/1,TECENTRIQ,,1200mg,1 vial,Injectable concentrate for solution for infusion,Roche Diagnostics GmbH,Omnipharma,Germany,375054619.4160117,tecentriq,true
MED#11181,11181,45521/1,TECFEO 240,,240mg,60,"Capsule, delayed release",Benta SAL,Benta Trading Co s.a.l.,Lebanon,67784092.32000001,tecfeo 240,true
MED#12151,12151,93323/1,TECVAYLI,,90mg/ml,1Vial,Solution for injection,Patheon Manufacturing Services LLC,Mersaco,USA,483720518.2392187,tecvayli,true
MED#12152,12152,93423/1,TECVAYLI,,10mg/ml,1Vial,Solution for injection,Patheon Manufacturing Services LLC,Mersaco,USA,95166435.60703123,tecvayli,true
MED#12134,12134,142823/1,TEGADIS,,50mg,box 1Vial,Powder for solution for infusion,Neapolis Pharma,Medis Pharm Drugstore,Tunisia,2418916.5000000005,tegadis,true
MED#12328,12328,12424/1,TEGLUTIK,,5mg/ml,1Bottle 300ml with graduated dosing syringe,Oral suspension,Italfarmaco SA,Droguerie Phenicia,Spain,9574189.247677952,teglutik,true
MED#10262,10262,22419/1,TEGOZOL,,100mg,5,Capsule,The Arab Pharmaceutical Manufacturing PSC,Droguerie Mercury S.A.L.,Jordan,5005813.312500001,tegozol,true
MED#10263,10263,22319/1,TEGOZOL,,20mg,5,Capsule,The Arab Pharmaceutical Manufacturing PSC,Droguerie Mercury S.A.L.,Jordan,967566.6000000002,tegozol,true
MED#9583,9583,40616/1,TEGOZOL,,250mg,5,Capsule,The Arab Pharmaceutical Manufacturing PSC,Droguerie Mercury S.A.L.,Jordan,13397927.131575001,tegozol,true
MED#6953,6953,38855/96,TEGRETOL,,2%,250ml,Oral suspension,Delpharm Huningue SAS Huningue,Khalil Fattal & Fils S.A.L.,France,456906.45,tegretol,true
MED#7986,7986,96699/12,TEICO MEDIS 200,,,1Vial + 1Ampoule solvent 3.2ml,Lyophilisat IV IM,Les Laboratoires Medis SA,Medis Pharm Drugstore,Tunisia,428685.7575,teico medis 200,true
MED#7985,7985,96698/12,TEICO MEDIS 400,,,1Vial + 1Ampoule solvent 3.2ml,Lyophilisat IV IM,Les Laboratoires Medis SA,Medis Pharm Drugstore,Tunisia,1157048.3924999998,teico medis 400,true
MED#7344,7344,96635/12,TELADINE,,300mg/300mg,30,Tablet,"Benta SAL (Packing) manufactured by Hetero Labs Ltd, India",Benta Trading Co s.a.l.,Lebanon,17454739.0752,teladine,true
MED#5077,5077,24461/06,TELMICARD 40,,40mg,30,Tablet,Benta SAL,Benta Trading Co s.a.l.,Lebanon,659122.7500000001,telmicard 40,true
MED#5078,5078,24460/06,TELMICARD 80,,80mg,30,Tablet,Benta SAL,Benta Trading Co s.a.l.,Lebanon,865178.6,telmicard 80,true
MED#5812,5812,222495/08,TELMICARD 80 PLUS,,80mg/12.5mg,30,Tablets,Benta SAL,Benta Trading Co s.a.l.,Lebanon,954768.1000000001,telmicard 80 plus,true
MED#8713,8713,124716/1,TEMODAL,,20mg,5 in sachets,"Capsule, hard",Orion Corporation,Abela Frères S.A.L.,Finland,1393564.6724999996,temodal,true
MED#8714,8714,124816/1,TEMODAL,,100mg,5 in sachets,"Capsule, hard",Orion Corporation,Abela Frères S.A.L.,Finland,6834782.954999999,temodal,true
MED#8715,8715,124916/1,TEMODAL,,250mg,5 in sachets,"Capsule, hard",Orion Corporation,Abela Frères S.A.L.,Finland,15698693.6568,temodal,true
MED#9053,9053,168516/1,TEMOZOLOMIDE ACCORD,,5mg,5,"Capsule, hard",Accord Healthcare Limited,Mediterranean Pharmaceutical Company,UK,1153016.865,temozolomide accord,true
MED#9054,9054,168616/1,TEMOZOLOMIDE ACCORD,,20mg,5,"Capsule, hard",Accord Healthcare Limited,Mediterranean Pharmaceutical Company,UK,1153016.865,temozolomide accord,true
MED#9055,9055,168716/1,TEMOZOLOMIDE ACCORD,,100mg,5,"Capsule, hard",Accord Healthcare Limited,Mediterranean Pharmaceutical Company,UK,5590384.8,temozolomide accord,true
MED#9056,9056,168816/1,TEMOZOLOMIDE ACCORD,,250mg,5,"Capsule, hard",Accord Healthcare Limited,Mediterranean Pharmaceutical Company,UK,13397927.131575001,temozolomide accord,true
MED#11605,11605,114222/1,TEMOZOLOMIDE GP PHARM,,100mg,5,"Capsule, hard","GP-Pharm, SA",Mediterranean Pharmaceutical Company,Argentine,4511279.2725,temozolomide gp pharm,true
MED#11608,11608,114122/1,TEMOZOLOMIDE GP PHARM,,250mg,5,"Capsule, hard","GP-Pharm, SA",Mediterranean Pharmaceutical Company,Argentine,12058004.328825003,temozolomide gp pharm,true
MED#11606,11606,114422/1,TEMOZOLOMIDE PHARMINICIO,,5mg,5,"Capsule, hard",Pharminicio SL,Mediterranean Pharmaceutical Company,Spain,1153016.865,temozolomide pharminicio,true
MED#11607,11607,114322/1,TEMOZOLOMIDE PHARMINICIO,,20mg,5,"Capsule, hard",Pharminicio SL,Mediterranean Pharmaceutical Company,Spain,920532.1125,temozolomide pharminicio,true
MED#12300,12300,50925/1,TEMOZOLOMIDE PHARMINICIO,,250mg,5,"Capsule, hard",Pharminicio SL,Mediterranean Pharmaceutical Company,Spain,12058004.328825003,temozolomide pharminicio,true
MED#12301,12301,51025/1,TEMOZOLOMIDE PHARMINICIO,,100mg,5,"Capsule, hard",Pharminicio SL,Mediterranean Pharmaceutical Company,Spain,4511279.2725,temozolomide pharminicio,true
MED#4633,4633,20595,TENIADEX,,500mg,4,Tablet,Pharmadex,Pharmadex,Lebanon,70391.75000000001,teniadex,true
MED#9821,9821,193518/1,TENOFOVIR DISOPROXIL ARROW,,245mg,B/30,Comprimé pelliculé,APL Swift Services (Malta) Limited,Darapharma S.A.L.,Malta,9747613.166025002,tenofovir disoproxil arrow,true
MED#10100,10100,161619/1,TENOFOVIR DISOPROXIL BIOGARAN,,245mg,30,Comprimés pelliculés,Remedica Ltd,Commercial and Trading Ressources SAL (CTR),Cyprus,9747613.166025002,tenofovir disoproxil biogaran,true
MED#10591,10591,179518/1,TENOREAD,,300mg,30,"Tablet, film coated","Manufactured by Hetero Labs Ltd, India for Benta SAL",Benta Trading Co s.a.l.,Lebanon,7129776.93295,tenoread,true
MED#11443,11443,68922/1,TENORETIC,,,14,"Tablet, film coated",Corden Pharma GmbH,Omnipharma,Germany,291613.82250000007,tenoretic,true
MED#11441,11441,69022/1,TENORMIN,,50mg,28,"Tablet, film coated",Corden Pharma GmbH,Omnipharma,Germany,393745.8525000001,tenormin,true
MED#11442,11442,68822/1,TENORMIN,,100mg,14,"Tablet, film coated",Corden Pharma GmbH,Omnipharma,Germany,279519.2400000001,tenormin,true
MED#3212,3212,405681/00,TENSIKEY,,20mg,28,Tablet,Pharminicio SL,Mediterranean Pharmaceutical Company,Spain,460937.9775000001,tensikey,true
MED#3213,3213,405682/00,TENSIKEY,,5mg,60,Tablet,Pharminicio SL,Mediterranean Pharmaceutical Company,Spain,456906.45,tensikey,true
MED#3530,3530,148386/04,TENSIKEY COMPLEX,,"20/12,5mg",28,Tablet,Generfarma SL,Mediterranean Pharmaceutical Company,Spain,536193.1575000002,tensikey complex,true
MED#5293,5293,221175/08,TENVOR,,300mg,30,Tablet,Cipla Ltd,Droguerie de l'Union,India,3753352.1025000005,tenvor,true
MED#10785,10785,94421/1,TEPADINA,,100mg,1Vial,Powder for concentrate for solution for infusion,BSP Pharmaceuticals SpA,Pharmamed,Italy,98197306.14750001,tepadina,true
MED#4361,4361,208687/03,TERAFAN,,250mg,14,"Tablet, scored",Mediphar Laboratories,Medapharm Healthcare SAL,Lebanon,725674.9500000001,terafan,true
MED#4362,4362,208688/03,TERAFAN,,1%,1 x 15g,Cream,Mediphar Laboratories,Medapharm Healthcare SAL,Lebanon,499141.5,terafan,true
MED#6385,6385,168250/10,TERAFAN,,1%,15ml,Spray,Mediphar Laboratories,Medapharm Healthcare SAL,Lebanon,355798.3000000001,terafan,true
MED#11044,11044,167018/1,TERAGIO,,14mg,30,"Tablet, film coated","Manufactured by Alembic Pharmaceutical Limited, India for Benta SAL",Benta Trading Co s.a.l.,Lebanon,24725611.890000004,teragio,true
MED#11431,11431,53123/1,TERAGIO,,14mg,28,"Tablet, film coated","Manufactured by Alembic Pharmaceutical Limited, India for Benta SAL",Benta Trading Co s.a.l.,Lebanon,23076914.490000002,teragio,true
MED#9769,9769,130418/1,TERGYNAN,,,10,Comprimé vaginal,Sophartex,Droguerie de l'Union,France,348055.2075,tergynan,true
MED#12613,12613,47626/1,TERIFLUNOMID ARROW,,14mg,28,comprimés pelliculés,APL Swift Services (Malta) Limited,Darapharma S.A.L.,Malta,27116693.87427418,teriflunomid arrow,true
MED#12145,12145,9923/1,TERMINUS,,1%,30g,Cream,Recordati Ilac San. ve Tic. A.S,BroadMed SAL,Turkey,747176.4300000002,terminus,true
MED#12192,12192,16423/1,TERMINUS,,250mg,14,Tablet,Recordati Ilac San. ve Tic. A.S,BroadMed SAL,Turkey,483783.3000000001,terminus,true
MED#12155,12155,58323/1,TEROPROS,,500mg,56,"Tablet, film coated",Lek Pharmaceuticals dd,Khalil Fattal & Fils S.A.L.,Slovenia,47290486.952401556,teropros,true
MED#542,542,1990/72,TESTOVIRON DEPOT,,250mg,1,Ampoule,Bayer AG,Droguerie R. Pharaon & Fils S.A.L.,Germany,467657.19,testoviron depot,true
MED#8982,8982,15117/1,TETAGAM P,,250IU,1prefilled syringe x1ml,,"Packed by Benta SAL Lebanon under license from CSL Behring GmbH, Germany",Benta Trading Co s.a.l.,Lebanon,3075475.484081001,tetagam p,true
MED#7283,7283,185940/13,TETANUS GAMMA,,250IU/ml,1Prefilled syringe,Injectable solution,Kedrion SpA,Macromed S.A.R.L.,Italy,3077399.3249999997,tetanus gamma,true
MED#4560,4560,75/95,TETRACYCLINE,,250mg,1000,Capsule,Mephico SAL,Mephico S.A.L.,Lebanon,3906998.0949999997,tetracycline,true
MED#4562,4562,75/95,TETRACYCLINE,,250mg,300,Capsule,Mephico SAL,Mephico S.A.L.,Lebanon,1247085.84,tetracycline,true
MED#4634,4634,2727,TETRACYCLINE OINTMENT,,3%,15g,Ointment,Pharmadex,Pharmadex,Lebanon,107507.40000000002,tetracycline ointment,true
MED#7284,7284,186107/13,TETRALYSAL,,300mg,28,Gélules,Sophartex,Raymond Georges Abou Adal & Co,France,796898.6025,tetralysal,true
MED#7158,7158,20565/72,TETRAN,,250mg,20,Capsule,Pharmadex,Pharmadex,Lebanon,168940.20000000004,tetran,true
MED#5733,5733,219564/09,"TETRAXIM (Vaccin Diphterique, tetanique, coquelucheux acellulaire et Poliomyelitique inactivé adsorbé)",,,1Prefilled syringe x0.5ml,Injectable suspension,Sanofi Pasteur,Mersaco,France,1628737.11,tetraxim vaccin diphterique tetanique coquelucheux acellulaire et poliomyelitique inactive adsorbe,true
MED#11588,11588,92622/1,THALIDOMIDE BMS,,50mg,28,"Capsule, hard",Celgene International,Droguerie de l'Union,Switzerland,27387764.258400004,thalidomide bms,true
MED#12598,12598,33025/1,THALODOMIDE SHIPA,,50mg,84,"Capsule, hard",Shilpa Medicare Ltd,Levant Pulse SARL,India,17619184.800000004,thalodomide shipa,true
MED#4636,4636,22585,THEODEX,,80mg/15ml,120ml,Elixir,Pharmadex,Pharmadex,Lebanon,156141.7,theodex,true
MED#4563,4563,25694,THEOSOL ELIXIR,,25mg/5ml,240ml,Elixir,Mephico SAL,Mephico S.A.L.,Lebanon,312283.4,theosol elixir,true
MED#3528,3528,194040/05,THIOPENTAL PANPHARMA,,500mg,25Vials,Injection,Panpharma,Minapharm Halabi,France,8446717.241025,thiopental panpharma,true
MED#7691,7691,218333/09,THROMBO,,75mg,30,"Tablet, film coated",Eipico,The Lebanese Pharmacists SAL,Egypt,764646.3825000002,thrombo,true
MED#9917,9917,34619/1,THYMOGLOBULINE 5mg/ml,,25mg/5ml,1Vial,Powder for solution for infusion,Genzyme Ireland Ltd,Mersaco,Ireland,21928333.996800005,thymoglobuline 5mg ml,true
MED#8285,8285,110715/1,THYROGEN,,0.9mg,2Vials,Injection,Genzyme Ireland Ltd,Mersaco,Ireland,65558997.378000006,thyrogen,true
MED#8903,8903,89516/1,THYROZOL,,5mg,30,"Tablet, film coated",Merck Healthcare KGaA,Food & Drug Corporation FDC,Germany,233828.595,thyrozol,true
MED#8904,8904,89616/1,THYROZOL,,10mg,30,"Tablet, film coated",Merck Healthcare KGaA,Food & Drug Corporation FDC,Germany,326553.7275000001,thyrozol,true
MED#6825,6825,219243/09,TICANASE,,12g/Bottle,Bottle 120doses,Nasal Spray,European Egyptian Pharmaceutical Industries,C. Catafago & Co,Egypt,405840.435,ticanase,true
MED#12259,12259,69324/1,TIGECYCLINE /ANFARM,,50mg,10Vials,Powder for solution for infusion IV use,Anfarm Hellas SA,Drugstore 3U S.A.R.L.,Greece,15214166.0748,tigecycline anfarm,true
MED#11991,11991,92524/1,TIMOFEROL,,,30,Capsule,"Chaoul Pharmaceuticals (Cha-pha) SAL Lebanon (Packing) under license from Laboratoires Elerte, France",Pharmamedic S.A.R.L.,Lebanon,678787.491382,timoferol,true
MED#12378,12378,20924/1,TIOPRAM,,10mg,28,"Tablet, film coated",Biofarma Ilac San. ve Tic. AS,BroadMed SAL,Turkey,671921.25,tiopram,true
MED#5625,5625,194557/04,TIOVA-T,,18mcg,15,Rotacaps,Cipla Ltd,Droguerie de l'Union,India,384338.9550000001,tiova t,true
MED#8082,8082,107014/1,TIROPREST,,12.5mg/50ml,1Vial x 50ml,Concentrate for solution for infusion,"Pharmadex under license from Effectus Ilac Limited, Turkey",Pharmadex,Lebanon,18279604.584000003,tiroprest,true
MED#9506,9506,22618/1,TISSEEL LYO,,,1x10ml,Powders and solvents for sealant,Takeda Manufacturing Austria AG,Abela Frères S.A.L.,Austria,53437592.25157499,tisseel lyo,true
MED#9507,9507,22518/1,TISSEEL LYO,,,1x4ml,Powders and solvents for sealant,Takeda Manufacturing Austria AG,Abela Frères S.A.L.,Austria,24369849.6048,tisseel lyo,true
MED#9508,9508,22418/1,TISSEEL LYO,,,1x2ml,Powders and solvents for sealant,Takeda Manufacturing Austria AG,Abela Frères S.A.L.,Austria,13394024.443800002,tisseel lyo,true
MED#12298,12298,156423/1,TIVICAY,,50mg,30,"Tablet, film coated",Delpharm Poznan Spolka Akcyjna,Abela Frères S.A.L.,Poland,54508037.324999996,tivicay,true
MED#8304,8304,71815/1,TIVICAY,,50mg,30,"Tablet, film coated","Glaxo Operations UK Ltd packed by Glaxowellcome SA, Spain",Abela Frères S.A.L.,UK,54508037.324999996,tivicay,true
MED#10801,10801,175019/1,TOBRACIN,,,5g,Eye ointment,Amman Pharmaceutical Industries,Germanos Health Care Supplies SARL,Jordan,280863.08249999996,tobracin,true
MED#11309,11309,170118/1,TOBRACIN,,,10ml,Eye drops,Amman Pharmaceutical Industries,Germanos Health Care Supplies SARL,Jordan,322522.20000000007,tobracin,true
MED#7662,7662,96720/12,TOBRASTILL,,0.3%,5ml,Eye Drops solution,Bruschettini SRL,Pharmamedic S.A.R.L.,Italy,255330.07499999998,tobrastill,true
MED#12146,12146,87320/1,TOBRIN,,0.3%,5ml,Eye drops,Egyptian International Pharmaceutical Industries Co (Eipico),C. Catafago & Co,Egypt,169324.15500000003,tobrin,true
MED#12594,12594,118325/1,TOFALYX,,5mg,56,"Tablet, film coated",Concord Biotech Limited,Levant Pulse SARL,India,31462830,tofalyx,true
MED#4565,4565,24968,TOFRANIL 10,,10mg,60,"Tablet, sugar coated",Mephico SAL,Mephico S.A.L.,Lebanon,579772.05,tofranil 10,true
MED#4566,4566,24969,TOFRANIL 25,,25mg,50,"Tablet, sugar coated",Mephico SAL,Mephico S.A.L.,Lebanon,1002122.5500000003,tofranil 25,true
MED#6955,6955,96705/12,TOLEXINE,,100mg,28,Comprimés de microgranules,Delpharm Reims,Pharmamedic S.A.R.L.,France,589946.8574999998,tolexine,true
MED#11466,11466,121218/1,TOLURA,,40mg,28,Tablet,"KrKa, dd, Novo Mesto",Pharmamedic S.A.R.L.,Slovenia,532161.6300000001,tolura,true
MED#11467,11467,121118/1,TOLURA,,80mg,28,Tablet,"KrKa, dd, Novo Mesto",Pharmamedic S.A.R.L.,Slovenia,698798.1000000002,tolura,true
MED#12110,12110,2623/01,TOLVAR,,5mg,60,"Tablet, film coated",Laboratorios Bago SA,New Europharm,Argentine,48411736.233,tolvar,true
MED#10456,10456,18220/1,TOPAMAX,,50mg,60,"Tablet, film coated",Cilag AG,Mersaco,Switzerland,1568264.1975000002,topamax,true
MED#10509,10509,18420/1,TOPAMAX,,100mg,60,"Tablet, film coated",Cilag AG,Mersaco,Switzerland,3006175.672500001,topamax,true
MED#10455,10455,18520/1,TOPAMAX 25,,,60,"Tablet, film coated",Cilag AG,Mersaco,Switzerland,858715.3575,topamax 25,true
MED#12660,12660,67725/1,TOPIRAMATE ARROW LAB,,50mg,30,Comprimés pelliculés,APL Swift Services (Malta) Limited,Darapharma S.A.L.,Malta,819743.925,topiramate arrow lab,true
MED#12661,12661,67825/1,TOPIRAMATE ARROW LAB,,100mg,30,Comprimés pelliculés,APL Swift Services (Malta) Limited,Darapharma S.A.L.,Malta,1542731.19,topiramate arrow lab,true
MED#12688,12688,67925/1,TOPIRAMATE ARROW LAB,,200mg,30,Comprimés pelliculés,APL Swift Services (Malta) Limited,Darapharma S.A.L.,Malta,1542731.19,topiramate arrow lab,true
MED#6272,6272,221873/08,TOPIRATE 100 BENTA,,100mg,60,"Tablet, film coated",Benta SAL,Benta Trading Co s.a.l.,Lebanon,2559700,topirate 100 benta,true
MED#6359,6359,221874/08,TOPIRATE 200 BENTA,,200mg,60,"Tablet, film coated",Benta SAL,Benta Trading Co s.a.l.,Lebanon,7039175.000000001,topirate 200 benta,true
MED#5177,5177,24730/07,TOPIRATE 25 BENTA,,25mg,60,"Tablet, film coated",Benta SAL,Benta Trading Co s.a.l.,Lebanon,671921.25,topirate 25 benta,true
MED#6271,6271,221872/08,TOPIRATE 50 BENTA,,50mg,60,"Tablet, film coated",Benta SAL,Benta Trading Co s.a.l.,Lebanon,1407835.0000000002,topirate 50 benta,true
MED#3514,3514,148181/03,TOPIZONE,,,15g,Cream,Pharma International Co,Picomed SARL,Jordan,216358.64250000002,topizone,true
MED#11334,11334,146121/1,TOPLEXIL,,0.33mg/ml,150ml,Sirop,A. Nattermann & Cie GmbH,Mersaco,Germany,615479.865,toplexil,true
MED#11919,11919,98122/1,TOPOTU,,4mg/4ml,,Concentrated solution for infusion,Onko Ilac Sanayi Ve Tic AS,Germanos Health Care Supplies SARL,Turkey,7253795.677800002,topotu,true
MED#7010,7010,168241/10,TORAMAT,,25mg,60,"Tablet, film coated",Pharmathen SA,Bellapharma S.A.R.L.,Greece,522754.7325000001,toramat,true
MED#7011,7011,168242/10,TORAMAT,,50mg,60,"Tablet, film coated",Pharmathen SA,Bellapharma S.A.R.L.,Greece,1032071.04,toramat,true
MED#7330,7330,96881/12,TORANS,,5mg,30,Tablet,Pharmadex (Packing) licensed by Orbucell pharma Canada,Medi drug International SAL (MDI),Lebanon,518339.25,torans,true
MED#7331,7331,96880/12,TORANS,,10mg,30,Tablet,Pharmadex (Packing) licensed by Orbucell pharma Canada,Medi drug International SAL (MDI),Lebanon,716716.0000000001,torans,true
MED#11228,11228,113820/1,TOREDA,,2mg,56,"Tablet, film coated",Biofarma Ilac San. ve Tic. AS,BroadMed SAL,Turkey,2311409.1,toreda,true
MED#3895,3895,148348/04,TORVACOL 10,,,30,"Tablet, coated",The Jordanian Pharmaceutical Manufacturing Company (JPM),C. Catafago & Co,Jordan,1128827.7,torvacol 10,true
MED#3894,3894,148349/04,TORVACOL 20,,,30,"Tablet, coated",The Jordanian Pharmaceutical Manufacturing Company (JPM),C. Catafago & Co,Jordan,1128827.7,torvacol 20,true
MED#5989,5989,218653/10,TORVACOL 40,,40mg,30,"Tablet, film coated",The Jordanian Pharmaceutical Manufacturing Co. (JPM),C. Catafago & Co,Jordan,2363818.9575,torvacol 40,true
MED#7116,7116,097486/12,TORVALIP 10,,10mg,30,"Tablet, film coated",Benta SAL,Benta Trading Co s.a.l.,Lebanon,767910.0000000001,torvalip 10,true
MED#7115,7115,097485/12,TORVALIP 20,,20mg,30,"Tablet, film coated",Benta SAL,Benta Trading Co s.a.l.,Lebanon,972686,torvalip 20,true
MED#8307,8307,76415/1,TORVALIP 40,,40mg,30,"Tablet, film coated",Benta SAL,Benta Trading Co s.a.l.,Lebanon,1164663.5,torvalip 40,true
MED#3712,3712,25200/81,TOT'HEMA,,,20,Ampoules buvables,Innothera Chouzy,Raymond Georges Abou Adal & Co,France,595322.2275,tot hema,true
MED#11695,11695,154022/1,TOUCALM,,0.7g/100ml,Glass bottle of 100ml,Cough syrup,Alfa Laboratoires S.A.L.,Alfa Laboratoires S.A.L.,Lebanon,300764.75000000006,toucalm,true
MED#8413,8413,134615/1,TOUJEO,,300Units/ml,3 x 1.5ml prefilled pen,Solostar solution for injection,Sanofi Aventis Deutschland GmbH,Mersaco,Germany,4559657.602500001,toujeo,true
MED#10011,10011,85019/1,TOURNES,,50mg,4,Tablet,"Pharmaline under license from Sandoz GmbH, Austria",Khalil Fattal & Fils S.A.L.,Lebanon,994259.2109450003,tournes,true
MED#10012,10012,85119/1,TOURNES,,100mg,4,Tablet,"Pharmaline under license from Sandoz GmbH, Austria",Khalil Fattal & Fils S.A.L.,Lebanon,1592309.864145,tournes,true
MED#6130,6130,221674/08,TOVAST,,10mg,30,"Tablet, film coated",Spimaco,Khalil Fattal & Fils S.A.L.,Saudi Arabia,1127483.8575000002,tovast,true
MED#6131,6131,221675/08,TOVAST,,20mg,30,"Tablet, film coated",Spimaco,Khalil Fattal & Fils S.A.L.,Saudi Arabia,1127483.8575000002,tovast,true
MED#6132,6132,221676/08,TOVAST,,40mg,30,"Tablet, film coated",Spimaco,Khalil Fattal & Fils S.A.L.,Saudi Arabia,2412197.2875,tovast,true
MED#12349,12349,65925/1,TRABECTEDIN EVER PHARMA,,1mg,1Vial,Powder for concentrate for solution for infusion,BSP Pharmaceuticals SpA,Droguerie R. Pharaon & Fils S.A.L.,Italy,88574984.95854875,trabectedin ever pharma,true
MED#8144,8144,35915/1,TRACHISAN,,,20,Lozenge,Engelhard Arznemittel GmbH and Co.Kg,Nouvelle Pharm Drugstore,Germany,228453.22499999998,trachisan,true
MED#6922,6922,219723/09,TRACON,,100mg,15,Capsule,Spimaco,Khalil Fattal & Fils S.A.L.,Saudi Arabia,559038.48,tracon,true
MED#10713,10713,11819/1,TRACTAN,,125mg,56,"Tablet, film coated",Humanis Saglik Anonim Sirketi,BroadMed SAL,Turkey,47747569.8,tractan,true
MED#10714,10714,11719/1,TRACTAN,,62.5mg,56,"Tablet, film coated",Humanis Saglik Anonim Sirketi,BroadMed SAL,Turkey,47747569.8,tractan,true
MED#3411,3411,973857/02,TRACTOCILE,,7.5mg/ml,0.9ml,Injection,Ferring GmbH,Sadco,Germany,2592272.1825,tractocile,true
MED#3412,3412,973858/02,TRACTOCILE,,7.5mg/ml,5ml,Injection,Ferring GmbH,Sadco,Germany,8282804.354475002,tractocile,true
MED#6755,6755,97853/11,TRAJENTA,,5mg,30,"Tablet, film coated",West-Ward Columbus Inc.,Mersaco,USA,3213127.4175000004,trajenta,true
MED#10019,10019,158818/1,TRAMADOL ARROW,,100mg/2ml,B/10Ampoules,Solution injectable pour perfusion,APL Swift Services (Malta) Limited,Darapharma S.A.L.,Malta,318490.6725,tramadol arrow,true
MED#10912,10912,115120/1,TRAMADOL DENK 50,,,10,"Tablet, effervescent",Losan Pharma GmbH,Mediterranean Pharmaceutical Company,Germany,256673.9175,tramadol denk 50,true
MED#9698,9698,35018/1,TRAMADOL/PARACETAMOL ARROW LAB,,37.5mg/325mg,20,Comprimés pelliculés,APL Swift Services (Malta) Limited,Darapharma S.A.L.,Malta,205607.9025,tramadol paracetamol arrow lab,true
MED#7918,7918,100314/1,TRAMAL,,50mg,30,Capsule,Farmaceutici Formenti SpA,Mersaco,Italy,470344.87499999994,tramal,true
MED#8011,8011,100914/1,TRAMAL 100MG,,,5,Ampoule,Grunenthal GmbH,Mersaco,Germany,243235.49250000002,tramal 100mg,true
MED#8013,8013,102514/1,TRAMAL RAPIDE,,50mg,30,Tablet,Farmaceutici Formenti SpA,Mersaco,Italy,388370.48250000004,tramal rapide,true
MED#7949,7949,100514/1,TRAMAL RETARD,,150mg,10,Tablet,Farmaceutici Formenti SpA,Mersaco,Italy,356118.26249999995,tramal retard,true
MED#7950,7950,100414/1,TRAMAL RETARD,,200mg,10,Tablet,Farmaceutici Formenti SpA,Mersaco,Italy,474376.40249999997,tramal retard,true
MED#7951,7951,100614/1,TRAMAL RETARD,,100mg,10,Tablet,Farmaceutici Formenti SpA,Mersaco,Italy,236516.28,tramal retard,true
MED#4639,4639,19810,TRANCODEX,,,12,Tablet,Pharmadex,Pharmadex,Lebanon,99828.30000000002,trancodex,true
MED#8095,8095,187096/13,TRANQUINAL 0.5,,0.5mg,30,Tablet,Laboratorios Bago SA,New Europharm,Argentine,267424.65750000003,tranquinal 0 5,true
MED#8094,8094,187097/13,TRANQUINAL 0.5 SUBLINGUAL,,0.5mg,30,"Tablet, sublingual",Laboratorios Bago SA,New Europharm,Argentine,459594.135,tranquinal 0 5 sublingual,true
MED#11584,11584,106823/1,TRASTUREL,,440mg,box of 1,Lyophilized powder for injection,Reliance Life Sciences pvt Ltd,Levant Pulse SARL,India,52047114,trasturel,true
MED#57,57,78801,TRATUL,,90mg,5Ampoules x 3ml,Ampoule,GL Pharma GmbH,Bellapharma S.A.R.L.,Austria,490502.5125,tratul,true
MED#530,530,973727/02,TRATUL RETARD,,100mg,30,"Tablet, film coated",GL Pharma GmbH,Bellapharma S.A.R.L.,Austria,866778.4125,tratul retard,true
MED#11738,11738,9017/1,TRAUSAN,,100mg/ml,50ml,Oral solution,Faes Farma SA,Power Pharm S.A.R.L.,Spain,807649.3425000001,trausan,true
MED#9724,9724,96418/1,TRAVATAN,,0.004%,2.5ml,Eye drops solution,SA Alcon Couvreur NV,Khalil Fattal & Fils S.A.L.,Belgium,549631.5825,travatan,true
MED#3263,3263,208382/02,TRAVILAN IM,,1g,1Vial + 1solvent 3.5ml,Dry powder injection IM,Anfarm Hellas SA,Medi drug International SAL (MDI),Greece,438092.6549999999,travilan im,true
MED#10366,10366,94620/1,TRAVOCORT,,,20g,Cream,Leo Pharma Manufacturing Italy SRL,UPO S.A.L.,Italy,435404.97000000003,travocort,true
MED#12041,12041,98620/1,TRAVONORM,,,5ml,Sterile ophthalmic solution,Orchidia Pharmaceutical Industries,Macromed S.A.R.L.,Egypt,919188.2700000003,travonorm,true
MED#11092,11092,115022/1,TRAVOPROST BIOGARAN,,40mcg/ml,Flacon de 2.5ml,Collyre en solution,Rafarm SA,Commercial and Trading Ressources SAL (CTR),Greece,384338.9550000001,travoprost biogaran,true
MED#11093,11093,114922/1,TRAVOPROST/TIMOLOL BIOGARAN,,40mcg/ml + 5mg/ml,Flacon de 2.5ml,Collyre en solution,Pharmathen SA,Commercial and Trading Ressources SAL (CTR),Greece,501253.2525000001,travoprost timolol biogaran,true
MED#10211,10211,38120/1,TRAZIMERA,,150mg/vial,1Vial,Intravenous infusion,Pfizer Manufacturing Belgium NV,Droguerie Fattal S.A.L.,Belgium,28550630.4552,trazimera,true
MED#10212,10212,38220/1,TRAZIMERA,,440mg/vial,1Vial + 1Vial of solvent,Intravenous infusion,Pfizer Manufacturing Belgium NV,Droguerie Fattal S.A.L.,Belgium,75295202.073,trazimera,true
MED#9204,9204,99915/1,TREBON N,,600mg,20 single dose sticks,Granules for oral suspension,Uni-Pharma Kleon Tsetis Pharmaceutical Laboratories SA,Nobel Pharm Plus SARL,Greece,596666.0700000001,trebon n,true
MED#10060,10060,99815/1,TREBON-N,,200mg/5ml,120ml,Powder for oral suspension,Uni-Pharma Kleon Tsetis Pharmaceutical Laboratories SA,Nobel Pharm Plus SARL,Greece,556350.795,trebon n,true
MED#12338,12338,5924/1,TRECZIMUS,,,Tube 20g,Topical ointment,Marcyrl Pharmaceuticals Industries (MPI),The Lebanese Pharmacists SAL,Egypt,1276650.375,treczimus,true
MED#10625,10625,83120/1,TREMFYA,,100mg/ml,1prefilled pen,Solution for injection,Cilag AG,Abela Frères S.A.L.,Switzerland,190195151.43890622,tremfya,true
MED#12599,12599,165025/1,TREMFYA,,200mg/2ml,1prefilled pen,Solution for injection,Cilag AG,Abela Frères S.A.L.,Switzerland,214466967.45140624,tremfya,true
MED#9550,9550,41718/1,TREMFYA,,100mg/ml,1prefilled syringe,Solution for injection,Cilag AG,Abela Frères S.A.L.,Switzerland,190195151.43890622,tremfya,true
MED#11882,11882,77624/1,TREPADIO,,200mg/20ml,5Vials (20ml),Solution for infusion,Hikma Farmaceutica (Portugal) SA,Medilife S.A.L.,Portugal,9569390.424300002,trepadio,true
MED#12342,12342,28623/1,TREPADIO,,200mg,60,"Tablet, film coated",Jazeera Pharmaceutical Industries,Medilife S.A.L.,Saudi Arabia,8876012.896275003,trepadio,true
MED#12343,12343,28723/1,TREPADIO,,10mg/ml,150ml,Syrup,Jazeera Pharmaceutical Industries,Medilife S.A.L.,Saudi Arabia,948752.8050000002,trepadio,true
MED#12344,12344,28423/1,TREPADIO,,100mg,60,"Tablet, film coated",Jazeera Pharmaceutical Industries,Medilife S.A.L.,Saudi Arabia,5202014.317500001,trepadio,true
MED#12345,12345,28523/1,TREPADIO,,150mg,60,"Tablet, film coated",Jazeera Pharmaceutical Industries,Medilife S.A.L.,Saudi Arabia,7555603.532400001,trepadio,true
MED#12346,12346,28323/1,TREPADIO,,50mg,14,"Tablet, film coated",Jazeera Pharmaceutical Industries,Medilife S.A.L.,Saudi Arabia,606072.9675000001,trepadio,true
MED#7239,7239,187328/13,TRESIBA,,100IU/ml,5 x 3ml,"Injectable solution, flex touch","Novo Nordisk Production SAS, Chartres",Mersaco,France,6223334.617500001,tresiba,true
MED#4367,4367,2828/94,TRETINOIN,,0.025%,50ml,Solution,Mediphar Laboratories,Medapharm Healthcare SAL,Lebanon,564413.8500000001,tretinoin,true
MED#4368,4368,2830/94,TRETINOIN,,0.05%,50ml,Solution,Mediphar Laboratories,Medapharm Healthcare SAL,Lebanon,623286.9500000001,tretinoin,true
MED#4369,4369,2829/94,TRETINOIN,,0.1%,50ml,Solution,Mediphar Laboratories,Medapharm Healthcare SAL,Lebanon,682160.05,tretinoin,true
MED#8894,8894,138116/1,TREVICTA,,175mg,1prefilled syringe + 2needles,Prolonged release suspension for IM injection,Janssen Pharmaceutica NV,Mersaco,Belgium,35006803.17120001,trevicta,true
MED#8895,8895,138216/1,TREVICTA,,263mg,1prefilled syringe + 2needles,Prolonged release suspension for IM injection,Janssen Pharmaceutica NV,Mersaco,Belgium,40713289.197000004,trevicta,true
MED#8896,8896,138316/1,TREVICTA,,350mg,1prefilled syringe + 2needles,Prolonged release suspension for IM injection,Janssen Pharmaceutica NV,Mersaco,Belgium,50113450.56900001,trevicta,true
MED#8897,8897,138416/1,TREVICTA,,525mg,1prefilled syringe + 2needles,Prolonged release suspension for IM injection,Janssen Pharmaceutica NV,Mersaco,Belgium,75169610.12400003,trevicta,true
MED#7077,7077,96727/12,TRIACORT,,40mg/ml,3Vials x 1ml,Injectable suspension,Fisiopharma SRL,Wellpharm,Italy,923219.7975,triacort,true
MED#1617,1617,236978/99,TRIAXONE,,1g,1Vial + 3.5ml Lidocaine 1%,IM,Julphar,Pharmanet Drugstore S.A.R.L.,United Arab Emirates,438092.6549999999,triaxone,true
MED#1618,1618,405685/00,TRIAXONE,,0.5g,1Vial + 2ml Lidocaine 1%,IM,Julphar,Pharmanet Drugstore S.A.R.L.,United Arab Emirates,356118.26249999995,triaxone,true
MED#5716,5716,219715/09,TRIAXONE,,1g,10Vials,"IM, IV",Julphar,Pharmanet Drugstore S.A.R.L.,United Arab Emirates,4542187.649999999,triaxone,true
MED#11482,11482,154021/1,TRIJAN,,5mg,60,"Tablet, film coated",The Arab Pharmaceutical Manufacturing PSC,Droguerie Mercury S.A.L.,Jordan,54863315.451000005,trijan,true
MED#11483,11483,154121/1,TRIJAN,,10mg,56,"Tablet, film coated",The Arab Pharmaceutical Manufacturing PSC,Droguerie Mercury S.A.L.,Jordan,84793962.015,trijan,true
MED#10829,10829,122620/1,TRILAGAVIT,,,5x3ml,Ampoule injectable,Lagap SA,Mediterranean Pharmaceutical Company,Switzerland,579196.1174999999,trilagavit,true
MED#5712,5712,218827/09,TRILAGAVIT,,,30,"Tablet, film coated",Lagap SA,Mediterranean Pharmaceutical Company,Switzerland,399121.22250000003,trilagavit,true
MED#12040,12040,72119/1,TRILLERG,,,10ml,Eye drops sterile ophthalmic solution,Orchidia Pharmaceutical Industries,Macromed S.A.R.L.,Egypt,503940.9375000001,trillerg,true
MED#4263,4263,194926/05,TRILTEC,,1.25mg,30,Capsule,Algorithm S.A.L.,Droguerie de l'Union,Lebanon,524738.5,triltec,true
MED#4264,4264,194927/05,TRILTEC,,2.5mg,30,Capsule,Algorithm S.A.L.,Droguerie de l'Union,Lebanon,255970.00000000003,triltec,true
MED#4265,4265,194925/05,TRILTEC,,5mg,30,Capsule,Algorithm S.A.L.,Droguerie de l'Union,Lebanon,447947.50000000006,triltec,true
MED#4266,4266,194928/05,TRILTEC,,10mg,30,Capsule,Algorithm S.A.L.,Droguerie de l'Union,Lebanon,575932.5,triltec,true
MED#5576,5576,221672/08,TRILTEC PLUS,,5mg/12.5mg,30,Tablet,Algorithm S.A.L.,Droguerie de l'Union,Lebanon,2189823.35,triltec plus,true
MED#5577,5577,221880/08,TRILTEC PLUS,,10mg/12.5mg,30,Tablet,Algorithm S.A.L.,Droguerie de l'Union,Lebanon,2243577.0500000003,triltec plus,true
MED#4564,4564,973302,TRIMEDIL FORTE,,,20,Capsule,Mephico SAL,Mephico S.A.L.,Lebanon,386514.70000000007,trimedil forte,true
MED#11114,11114,23321/1,TRINITRINA,,50mg/50ml,5Vials,Concentrate for solution for infusion,Fisiopharma SRL,Drugstore 3U S.A.R.L.,Italy,6212583.877500001,trinitrina,true
MED#8721,8721,167715/1,TRINOMIA,,100mg/20mg/2.5mg,28,"Capsule, hard",Ferrer Internacional SA,Mersaco,Spain,1029383.355,trinomia,true
MED#8722,8722,167815/1,TRINOMIA,,100mg/20mg/5mg,28,"Capsule, hard",Ferrer Internacional SA,Mersaco,Spain,1236335.1,trinomia,true
MED#8723,8723,167915/1,TRINOMIA,,100mg/20mg/10mg,28,"Capsule, hard",Ferrer Internacional SA,Mersaco,Spain,1596484.8900000001,trinomia,true
MED#10329,10329,90319/1,TRIO-2000,,,40g,Depigmentant ointment,Pharmadex,Pharmadex,Lebanon,2495067.575,trio 2000,true
MED#12050,12050,1721/1,TRIO-CID,,,15ml,Liquid film solution,Pharmadex,Pharmadex,Lebanon,870298,trio cid,true
MED#8975,8975,17617/1,TRIOFAN,,,10ml,Nasal spray for small children and babies,Corden Pharma Fribourg SA,UPO S.A.L.,Switzerland,608760.6525,triofan,true
MED#8976,8976,17717/1,TRIOFAN,,,10ml,Nasal Spray for adults and children,Corden Pharma Fribourg SA,UPO S.A.L.,Switzerland,646388.2424999999,triofan,true
MED#11478,11478,119223/1,TRIPLE ANTIBIOTIC ORIGINAL OINTMENT,,,14g,,Natureplex,Medis Pharm Drugstore,USA,580539.9600000002,triple antibiotic original ointment,true
MED#8130,8130,27015/1,TRIPLIXAM,,5mg/1.25mg/5mg,30,"Tablet, film coated",Servier (Ireland) Industries Ltd,Khalil Fattal & Fils S.A.L.,Ireland,968910.4425,triplixam,true
MED#8132,8132,26915/1,TRIPLIXAM,,10mg/2.5mg/5mg,30,"Tablet, film coated",Servier (Ireland) Industries Ltd,Khalil Fattal & Fils S.A.L.,Ireland,1237678.9425000001,triplixam,true
MED#8133,8133,26715/1,TRIPLIXAM,,10mg/2.5mg/10mg,30,"Tablet, film coated",Servier (Ireland) Industries Ltd,Khalil Fattal & Fils S.A.L.,Ireland,1315621.8074999999,triplixam,true
MED#10883,10883,27122/1,TRITACE,,2.5mg,28,Tablet,Sanofi SRL,Mersaco,Italy,263393.12999999995,tritace,true
MED#10884,10884,27022/1,TRITACE,,5mg,28,Tablet,Sanofi SRL,Mersaco,Italy,509316.3075000001,tritace,true
MED#10885,10885,26822/1,TRITACE,,10mg,28,Tablet,Sanofi SRL,Mersaco,Italy,689391.2025,tritace,true
MED#9167,9167,66217/1,TRIUMEQ,,50mg/600mg/300mg,30,"Tablet, film coated",GlaxoWellcome SA,Abela Frères S.A.L.,Spain,74756237.33525133,triumeq,true
MED#5490,5490,24501/07,TROKEN,,75mg,28,"Tablet, coated",Quimica Montpellier SA,UPO S.A.L.,Argentine,1148985.3375000001,troken,true
MED#11938,11938,22723/1,TRONDAMET,,2mg/ml,5Ampoules x 2ml,Injectable solution,Pharmathen SA,Bellapharma S.A.R.L.,Greece,2027858.3325000003,trondamet,true
MED#7678,7678,96719/12,TRONDAMET,,2mg/ml,5Ampoules x 4ml,Injectable solution,Pharmathen SA,Bellapharma S.A.R.L.,Greece,2027858.3325,trondamet,true
MED#7959,7959,185985/13,TROPICIL TOP,,10mg/ml,10ml,Eye drops solution,Laboratorio Edol Produtos Farmaceuticos SA,Abela Frères S.A.L.,Portugal,200232.53250000006,tropicil top,true
MED#8083,8083,9115/1,TRULICITY,,0.75mg,4Prefilled pen in 0.5ml,Injectable solution,Eli Lilly and Company Indianapolis,Droguerie de l'Union,USA,10165200.75795,trulicity,true
MED#8084,8084,9215/1,TRULICITY,,1.5mg,4Prefilled pen in 0.5ml,Injectable solution,Eli Lilly and Company Indianapolis,Droguerie de l'Union,USA,10165200.75795,trulicity,true
MED#12643,12643,190625/1,TRUQAP,,160mg,64,"Tablet, film coated",AstraZeneca AB,Omnipharma,Sweden,659577280.7564061,truqap,true
MED#12644,12644,190725/1,TRUQAP,,200mg,64,"Tablet, film coated",AstraZeneca AB,Omnipharma,Sweden,659577280.7564061,truqap,true
MED#9930,9930,28319/1,TRUVADA,,200mg/245mg,30,"Tablet, film coated",Gilead Sciences Ireland UC,Khalil Fattal & Fils S.A.L.,Ireland,21319383.040577494,truvada,true
MED#10673,10673,195819/1,TRUXIMA,,100mg/10ml (10mg/ml),2Vials x 10ml,Concentrate for solution for infusion,Celltrion Inc.,Droguerie Mercury S.A.L.,Korea,31102895.224800006,truxima,true
MED#10674,10674,195919/1,TRUXIMA,,500mg/50ml (10mg/ml),1Vial x 50ml,Concentrate for solution for infusion,Celltrion Inc.,Droguerie Mercury S.A.L.,Korea,69144590.949,truxima,true
MED#4242,4242,10066,TRYPTIZOL,,10mg,100,"Tablet, coated",Algorithm S.A.L.,Droguerie de l'Union,Lebanon,695233.8843450003,tryptizol,true
MED#4243,4243,10066,TRYPTIZOL,,25mg,30,"Tablet, coated",Algorithm S.A.L.,Droguerie de l'Union,Lebanon,716716.0000000001,tryptizol,true
MED#8509,8509,174815/1,TULIP,,20mg,30,"Tablet, film coated",Lek Pharmaceuticals dd,Khalil Fattal & Fils S.A.L.,Slovenia,1263211.95,tulip,true
MED#8510,8510,174915/1,TULIP,,10mg,30,"Tablet, film coated",Lek Pharmaceuticals dd,Khalil Fattal & Fils S.A.L.,Slovenia,899030.6325000001,tulip,true
MED#10439,10439,38020/1,TUMS EXTRA STRENGTH 750 ASSORTED FRUIT,,,48,"Tablet, chewable","GlaxoSmithKline Consumer Healthcare Holdings (US) LLC, Saint Louis",Sadco,USA,421966.54500000004,tums extra strength 750 assorted fruit,true
MED#11761,11761,28224/1,TUSCALMAN A,,,10,Suppository,"Chaoul Pharmaceuticals (Cha-pha) SAL Lebanon (Packing) Laboratorio Farmaceutico SIT Specialita Igienico Terapeutiche SRL, Mede, Succursale di Chiasso, Switzerland (Licensor) manufactured by Laboratorio Farmaceutico (SIT) Specialita Igienico Terapeutiche SRL, Italy",Pharmamedic S.A.R.L.,Lebanon,624962.932594,tuscalman a,true
MED#11760,11760,28324/1,TUSCALMAN B,,,10,Suppository,"Chaoul Pharmaceuticals (Cha-pha) SAL Lebanon (Packing) Laboratorio Farmaceutico SIT Specialita Igienico Terapeutiche SRL, Mede, Succursale di Chiasso, Switzerland (Licensor) manufactured by Laboratorio Farmaceutico (SIT) Specialita Igienico Terapeutiche SRL, Italy",Pharmamedic S.A.R.L.,Lebanon,615992.172796,tuscalman b,true
MED#4370,4370,208686/03,TUSSIN,,7.5mg/5ml,200ml,"Syrup, sugar free",Mediphar Laboratories,Pharmapro,Lebanon,296925.2,tussin,true
MED#6835,6835,97986/12,TUSSIN,,7.5mg/5ml,100ml,"Syrup, sugar free",Mediphar Laboratories,Pharmapro,Lebanon,154861.85,tussin,true
MED#11179,11179,84822/1,TWINCARD 80/10,,80mg/10mg,30,Tablet,Benta SAL,Benta Trading Co s.a.l.,Lebanon,1460308.85,twincard 80 10,true
MED#11178,11178,84722/1,TWINCARD 80/5,,80mg/5mg,30,Tablet,Benta SAL,Benta Trading Co s.a.l.,Lebanon,1131387.4000000001,twincard 80 5,true
MED#11420,11420,90118/1,TWINZOL,,,5ml,Sterile Ophtalmic solution,Orchidia Pharmaceutical Industries,Macromed S.A.R.L.,Egypt,632949.8175,twinzol,true
MED#6461,6461,166980/11,TWYNSTA,,80mg/10mg,28,Tablet,Rottendorf Pharma GmbH,Mersaco,Germany,991755.7649999999,twynsta,true
MED#6462,6462,166979/11,TWYNSTA,,80mg/5mg,28,Tablet,Rottendorf Pharma GmbH,Mersaco,Germany,991755.7649999999,twynsta,true
MED#11239,11239,135621,TYGACIL,,50mg,10vials (5ml/13mm vial),Lyophilized powder foe solution for infusion,Wyeth Lederle SRL,Droguerie Fattal S.A.L.,Italy,25356523.953600004,tygacil,true
MED#10824,10824,32621/1,TYKERB,,250mg,70,"Tablet, film coated",S.C. Sandoz S.R.L.,Khalil Fattal & Fils S.A.L.,Romania,101971611.34301741,tykerb,true
MED#6394,6394,166805/11,TYLENOL,,100mg,10,Suppository,Lusomedicamenta Sociedade Tecnica Farmaceutica SA,Droguerie Columbus,Portugal,190825.635,tylenol,true
MED#6395,6395,166806/11,TYLENOL,,200mg,10,Suppository,Lusomedicamenta Sociedade Tecnica Farmaceutica SA,Droguerie Columbus,Portugal,235172.43749999997,tylenol,true
MED#6396,6396,166807/11,TYLENOL,,350mg,10,Suppository,Lusomedicamenta Sociedade Tecnica Farmaceutica SA,Droguerie Columbus,Portugal,239203.96499999997,tylenol,true
MED#5240,5240,24304/06,TYMER,,,5ml,Ophtalmic Solution,Jamjoum Pharmaceuticals,Droguerie Mercury S.A.L.,Saudi Arabia,427341.91500000004,tymer,true
MED#4245,4245,4904,TYOTOCIN,,,15ml,Drops solution,Algorithm S.A.L.,Droguerie de l'Union,Lebanon,409552.00000000006,tyotocin,true
MED#10950,10950,53622/1,TYPHIBEV TYPHOID CONJUGATED VACCINE (MONOVALENT),,,Single dose Vial 0.5ml,Injection,Biological E Limited,Unipharm S.A.L.,India,4020776.7600000002,typhibev typhoid conjugated vaccine monovalent,true
MED#10497,10497,12320/1,TYPHIM VI,,1dose,1seringue,Injectable,Sanofi Pasteur,Mersaco,France,1118076.9600000004,typhim vi,true
MED#7755,7755,186155/13,TYRA,,20mg,4,"Tablet, film coated",Dar Al Dawa Development & Investment Co Ltd,Sadco,Jordan,1369375.5074999998,tyra,true
MED#9433,9433,70417/1,TYRA,,5mg,28,"Tablet, film coated",Dar Al Dawa Development & Investment Co Ltd,Sadco,Jordan,3566557.9949999996,tyra,true
MED#9445,9445,150817/1,TYROSUR,,1mg/g,15g,Gel,Engelhard Arznemittel GmbH and Co.Kg,Nouvelle Pharm Drugstore,Germany,510660.14999999997,tyrosur,true
MED#12608,12608,68526/1,TYRUKO,,300mg/15ml,1Vial,Concentrate for solution for infusion,Sandoz GmbH,Droguerie Columbus,Austria,90231010.4479203,tyruko,true
MED#10731,10731,98820/1,TYSABRI,,300mg/15ml,15ml 1 Vial,Concentrate for solution for infusion,Biogen Netherlands BV,Mersaco,The Netherlands,126830593.53562497,tysabri,true
MED#12365,12365,25625/1,UBSA-D,,"10,000IU",30,"Capsule, soft gelatin","Manufactured by ASOJ Soft Caps Pvt Ltd, Packed by UBSA Pharma Industries SARL",L. Pharm SAL,Lebanon,935570.3500000001,ubsa d,true
MED#12528,12528,124224/1,UBSADOL,,500mg,20,Tablet,UBSA Pharma Industries SARL,L. Pharm SAL,Lebanon,89589.50000000001,ubsadol,true
MED#12361,12361,66625/1,UBSADOL BABY,,120mg/5ml,100ml,Suspension,UBSA Pharma Industries SARL,L. Pharm SAL,Lebanon,168940.20000000004,ubsadol baby,true
MED#12362,12362,83325/1,UBSADOL CHILDREN'S,,240mg/5ml,100ml,Elixir,UBSA Pharma Industries SARL,L. Pharm SAL,Lebanon,284126.70000000007,ubsadol children s,true
MED#12527,12527,116524/1,UBSAFEN,,600mg,20,FCT,UBSA Pharma Industries SARL,L. Pharm SAL,Lebanon,153582.00000000003,ubsafen,true
MED#11950,11950,124524/1,UBSATOR-CA,,10mg,30,"Tablet, film coated","UBSA Pharma Industries SARL (Secondary Packaging), manufacturer: Livealth Biopharma Pvt. Ltd, India",L. Pharm SAL,Lebanon,499141.5,ubsator ca,true
MED#11951,11951,124424/1,UBSATOR-CA,,20mg,30,"Tablet, film coated","UBSA Pharma Industries SARL (Secondary Packaging), manufacturer: Livealth Biopharma Pvt. Ltd, India",L. Pharm SAL,Lebanon,499141.5,ubsator ca,true
MED#7750,7750,66714/1,ULCAZAL,,40mg,1Vial,Sterile lyophilized powder for solution for IV infusion,Arwan Pharmaceutical Industries Lebanon SAL,Raymond Georges Abou Adal & Co,Lebanon,895895.0000000001,ulcazal,true
MED#8773,8773,106916/1,ULCAZAL,,40mg,10Vials,Sterile lyophilized powder for solution for IV infusion,Arwan Pharmaceutical Industries Lebanon SAL,Raymond Georges Abou Adal & Co,Lebanon,5916746.550000001,ulcazal,true
MED#4640,4640,19217,ULCEDEX,,,30,Tablet,Pharmadex,Pharmadex,Lebanon,222693.90000000002,ulcedex,true
MED#7989,7989,136714/1,ULTIBRO BREEZHALER,,110/50mcg,"30 Capsules, hard",Inhalation powder,Siegfried Barbera SL,Khalil Fattal & Fils S.A.L.,Spain,4031527.500000001,ultibro breezhaler,true
MED#9422,9422,28918/1,ULTIVA,,2mg,5vials,Powder for infusion,Avara Liscate Pharmaceutical Services SpA,Abela Frères S.A.L.,Italy,1632768.6375000002,ultiva,true
MED#9423,9423,29018/1,ULTIVA,,5mg,5vials,Powder for infusion,Avara Liscate Pharmaceutical Services SpA,Abela Frères S.A.L.,Italy,2990049.5625,ultiva,true
MED#169,169,17016,ULTRA LEVURE,,50mg,20,Gélule,Biocodex,Pharmamedic S.A.R.L.,France,381651.27,ultra levure,true
MED#3915,3915,973390/01,ULTRA LEVURE,,200mg,10,Gélule,Biocodex,Pharmamedic S.A.R.L.,France,513347.835,ultra levure,true
MED#8477,8477,133415/1,ULTRA LEVURE,,100mg,20 Sachets,Powder for oral suspension,Biocodex,Pharmamedic S.A.R.L.,France,536193.1575,ultra levure,true
MED#12480,12480,162625/1,ULTRAFLOX 500,,500mg,10,Tablet,"Chaoul Pharmaceuticals (Cha-pha) SAL, Lebanon (Packing) Manufactured by Fulton Medicinali SpA, Italy",Pharmamedic S.A.R.L.,Lebanon,1100413.2018880001,ultraflox 500,true
MED#5567,5567,23852/07,UMAN ALBUMIN,,20g/100ml,1Vial x 50ml,Injection,Kedrion SpA,Macromed S.A.R.L.,Italy,3598810.2150000003,uman albumin,true
MED#10546,10546,FE17221/1,UNAZOL,,150mg,1,Capsule,Pharmaline SAL,Pharmaline S.A.L.,Lebanon,149742.45000000004,unazol,true
MED#6575,6575,219469/09,UNI-CAL,,120mg,30,Capsule,The United Pharmaceutical Manufacturing Co Ltd,Premium Serve Drugstore Co. P.S.D. SAL,Jordan,1174518.345,uni cal,true
MED#7047,7047,218865/09,UNICAST,,10mg,30,"Tablet, film coated",The United Pharmaceutical Manufacturing Co Ltd,Premium Serve Drugstore Co. P.S.D. SAL,Jordan,802273.9724999999,unicast,true
MED#7486,7486,218577/10,UNICAST,,4mg,30,"Tablet, chewable",The United Pharmaceutical Manufacturing Co Ltd,Premium Serve Drugstore Co. P.S.D. SAL,Jordan,783460.1775,unicast,true
MED#7487,7487,218864/09,UNICAST,,5mg,30,"Tablet, chewable",The United Pharmaceutical Manufacturing Co Ltd,Premium Serve Drugstore Co. P.S.D. SAL,Jordan,783460.1775,unicast,true
MED#11129,11129,61522/1,UNIDREA,,500mg,100,,United biotech Ltd,Unipharm S.A.L.,India,2539862.325,unidrea,true
MED#8333,8333,122814/1,UNIGLIT,,15mg,30,Tablet,The United Pharmaceutical Manufacturing Co Ltd,Premium Serve Drugstore Co. P.S.D. SAL,Jordan,685359.6749999999,uniglit,true
MED#11658,11658,170020/1,UNIPROST,,4mg,20,Tablet,Batterjee Pharmaceutical Factory,The Lebanese Pharmacists SAL,Saudi Arabia,452874.9225000001,uniprost,true
MED#7488,7488,96854/12,UNIROX,,20mg,30,"Tablet, film coated",The United Pharmaceutical Manufacturing Co Ltd,Premium Serve Drugstore Co. P.S.D. SAL,Jordan,854683.8300000001,unirox,true
MED#9777,9777,105116/1,UNIZOL MS,,200mg/100ml,1bag,Solution for Intravenous Infusion,MS Pharma,Bellapharma S.A.R.L.,Jordan,1419097.6800000002,unizol ms,true
MED#10402,10402,14520/1,UPTRAVI,,400mcg,60,"Tablet, film coated",Excella GmbH & Co KG,Mersaco,Germany,242569645.39754292,uptravi,true
MED#10403,10403,13920/1,UPTRAVI,,1600mcg,60,"Tablet, film coated",Excella GmbH & Co KG,Mersaco,Germany,242569645.39754292,uptravi,true
MED#10404,10404,14120/1,UPTRAVI,,1200mcg,60,"Tablet, film coated",Excella GmbH & Co KG,Mersaco,Germany,242569645.39754292,uptravi,true
MED#10405,10405,14220/1,UPTRAVI,,1000mcg,60,"Tablet, film coated",Excella GmbH & Co KG,Mersaco,Germany,242569645.39754292,uptravi,true
MED#10406,10406,14320/1,UPTRAVI,,800mcg,60,"Tablet, film coated",Excella GmbH & Co KG,Mersaco,Germany,242569645.39754292,uptravi,true
MED#10407,10407,14820/1,UPTRAVI,,600mcg,60,"Tablet, film coated",Excella GmbH & Co KG,Mersaco,Germany,242569645.39754292,uptravi,true
MED#10408,10408,14620/1,UPTRAVI,,200mcg,60,"Tablet, film coated",Excella GmbH & Co KG,Mersaco,Germany,242569645.39754292,uptravi,true
MED#10409,10409,14720/1,UPTRAVI,,200mcg,140,"Tablet, film coated",Excella GmbH & Co KG,Mersaco,Germany,552391144.6752069,uptravi,true
MED#10658,10658,14020/1,UPTRAVI,,1400mcg,60,"Tablet, film coated",Excella GmbH & Co KG,Mersaco,Germany,242569645.39754292,uptravi,true
MED#10143,10143,100519/1,URALYT-U,,,280g,Granules,Madaus GmbH,Omnipharma,Germany,1323684.8624999998,uralyt u,true
MED#10333,10333,FE132520/1,URICARE,,10mg,30,"Tablet, film coated",Pharmaline SAL,Pharmaline S.A.L.,Lebanon,1334883.55,uricare,true
MED#10334,10334,FE132420/1,URICARE,,5mg,30,"Tablet, film coated",Pharmaline SAL,Pharmaline S.A.L.,Lebanon,1334883.55,uricare,true
MED#9036,9036,150416/1,URISOL,,5mg,30,"Tablet, film coated",Pharmaline SAL,Pharmaline S.A.L.,Lebanon,1334883.55,urisol,true
MED#9037,9037,150516/1,URISOL,,10mg,30,"Tablet, film coated",Pharmaline SAL,Pharmaline S.A.L.,Lebanon,1334883.55,urisol,true
MED#4246,4246,261448/97,URISPAS,,200mg,30,"Tablet, film coated",Algorithm S.A.L. under license from Recordati Ireland Ltd,Droguerie de l'Union,Lebanon,1094271.7500000002,urispas,true
MED#9133,9133,186115/13,URO-CARE,,20mg/2ml,100 ampoules,Injectable solution,Swiss Parenterals Ltd,Drugstore 3U S.A.R.L.,India,1630080.9525000001,uro care,true
MED#1271,1271,405669/00,URO-VAXOM,,6mg,30,Capsule,OM Pharma SA,UPO S.A.L.,Switzerland,2689028.8425,uro vaxom,true
MED#6269,6269,167506/10,UROKIT,,,60 Sachets x3g,,Laboratorios Casasco S.A.I.C.,Droguerie Phenicia,Argentine,1628737.11,urokit,true
MED#12353,12353,45025/1,UROMITEXAN,,400mg,15x4ml,Ampoule,Baxter Oncology GmbH,Abela Frères S.A.L.,Germany,2632587.4575000005,uromitexan,true
MED#518,518,27480,UROMITEXAN,,400mg,15x4ml,Ampoule,Baxter Oncology GmbH,Abela Frères S.A.L.,Germany,2632587.4575000005,uromitexan,true
MED#12455,12455,99124/1,UROSAT,,80mg,28,"Tablet, film coated",Genepharm SA,Pharmamed,Greece,1402971.5700000003,urosat,true
MED#92,92,27445,URSOFALK,,250mg,100,Capsule,Dr Falk Pharma GmbH,Meksapharma SARL,Germany,2823413.0925000003,ursofalk,true
MED#12279,12279,86225/1,USTEKIREL,,90mg,1prefilled syringe 1ml,Solution for injection,Reliance Life Sciences pvt Ltd,Levant Pulse SARL,India,94672508.29312499,ustekirel,true
MED#12280,12280,86125/1,USTEKIREL,,45mg,1prefilled syringe 0.5ml,Solution for injection,Reliance Life Sciences pvt Ltd,Levant Pulse SARL,India,62284555.032000005,ustekirel,true
MED#8443,8443,3215/1,UTABON,,0.5mg/ml,,Nasal spray solution with metering pump,Italfarmaco SA,Mediterranean Pharmaceutical Company,Spain,302364.5625,utabon,true
MED#117,117,25530,UTROGESTAN,,100mg,30,Capsule,Laboratoires Besins International,Droguerie Columbus,France,525442.4175,utrogestan,true
MED#5593,5593,218138/09,UTROGESTAN,,200mg,15,Capsule,Besins Manufacturing Belgium,Droguerie Columbus,Belgium,587259.1725,utrogestan,true
MED#6739,6739,97029/12,UTROGESTAN,,200mg,15,Capsule,Laboratoires Besins International,Droguerie Columbus,France,587259.1725,utrogestan,true
MED#8226,8226,1515/1,UTROGESTAN,,200mg,15,Capsule,Cyndea Pharma SL,Droguerie Columbus,Spain,587259.1725,utrogestan,true
MED#8616,8616,96015/1,UTROGESTAN,,100mg,30,Capsule,Besins Manufacturing Belgium,Droguerie Columbus,Belgium,525442.4175,utrogestan,true
MED#8929,8929,130916/1,UTROGESTAN,,100mg,30,Capsule,Cyndea Pharma SL,Droguerie Columbus,Spain,525442.4175,utrogestan,true
MED#7591,7591,222914/14,UVAMIN RETARD,,,20,Capsule,Acino Pharma AG,Mectapharm S.A.L.,Switzerland,360149.79000000004,uvamin retard,true
MED#10525,10525,174819/1,V-FEND,,200mg,1 vial,Injectable powder for solution for infusion,Fareva Amboise,Droguerie Fattal S.A.L.,France,8078563.694250001,v fend,true
MED#11792,11792,32524/1,VAAMOX IV,,1g/200mg,1Vial,Powder for injection,Unimed Laboratories,PMD (Pharmacist's medical drugstore),Tunisia,225765.54000000004,vaamox iv,true
MED#11847,11847,18524/1,VAAMOX IV,,1g/200mg,10Vials,Powder for injection,Unimed Laboratories,PMD (Pharmacist's medical drugstore),Tunisia,2150148.0000000005,vaamox iv,true
MED#12450,12450,143525/1,VABOMERE,,1000mg/1000mg,6Vials,Powder for concentrate for solution for infusion,"ACS Dobfar SpA, Teramo, under license from Melinta Therapeutics LLC, New Jersey, USA",Droguerie de l'Union,Italy,44384873.652,vabomere,true
MED#11708,11708,13123/1,VABYSMO,,6mg/0.05ml,1single dose vial,Solution for intravitreal injection,F. Hoffmann La Roche AG Kaiseraugst Basel,Omnipharma,Switzerland,54991170.317999996,vabysmo,true
MED#6757,6757,97528/11,VAGIFEM,,10mcg,18,Applicator with insert tablets,Novo Nordisk AS,Mersaco,Denmark,2254967.7150000003,vagifem,true
MED#9819,9819,186549/13,VAGLONAX,,450mg,60,"Tablet, film coated",Benta SAL,Benta Trading Co s.a.l.,Lebanon,49858549.02000001,vaglonax,true
MED#11537,11537,56023/1,VAINCOR,,5mg,28,"Tablet, coated, scored",Les Laboratoires Medis,Medis Pharm Drugstore,Tunisia,806305.5000000002,vaincor,true
MED#11538,11538,55923/1,VAINCOR,,10mg,28,"Tablet, coated, scored",Les Laboratoires Medis,Medis Pharm Drugstore,Tunisia,1209458.2500000002,vaincor,true
MED#8763,8763,102116/1,VALACICLOVIR ARROW,,500mg,10,"Tablet, film coated, breakable",APL Swift Services (Malta) Limited,Darapharma S.A.L.,Malta,753895.6425000001,valaciclovir arrow,true
MED#9010,9010,41617/1,VALACICLOVIR ARROW,,500mg,42,"Tablet, film coated, breakable",APL Swift Services (Malta) Limited,Darapharma S.A.L.,Malta,2889261.375,valaciclovir arrow,true
MED#12474,12474,100825/1,VALBITRYL 24/26,,24mg/26mg,30,"Tablet, film coated",Benta SAL,Benta Trading Co s.a.l.,Lebanon,5490556.500000001,valbitryl 24 26,true
MED#12473,12473,100925/1,VALBITRYL 49/51,,49mg/51mg,30,"Tablet, film coated",Benta SAL,Benta Trading Co s.a.l.,Lebanon,5490556.500000001,valbitryl 49 51,true
MED#12472,12472,101025/1,VALBITRYL 97/103,,97mg/103mg,60,"Tablet, film coated",Benta SAL,Benta Trading Co s.a.l.,Lebanon,10531062.25,valbitryl 97 103,true
MED#5291,5291,221439/08,VALCYK BENTA,,500mg,50,"Tablet, film coated",Benta SAL,Benta Trading Co s.a.l.,Lebanon,4318213.9,valcyk benta,true
MED#7120,7120,166632/11,VALCYK BENTA,,500mg,10,"Tablet, film coated",Benta SAL,Benta Trading Co s.a.l.,Lebanon,945809.15,valcyk benta,true
MED#11604,11604,26223/1,VALCYTE,,450mg,60,"Tablet, film coated",Patheon Inc,Omnipharma,Canada,63612039.30375001,valcyte,true
MED#9069,9069,23617/1,VALGANCICLOVIR ARROW,,450mg,60,Comprimes pellicules,APL Swift Services (Malta) Limited,Darapharma S.A.L.,Malta,46063879.207646996,valganciclovir arrow,true
MED#11464,11464,29322/1,VALIUM,,5mg,25,Tablet,Recipharm Leganes S.L.U.,Omnipharma,Spain,384338.9550000001,valium,true
MED#8159,8159,46515/1,VALPROATE DE SODIUM ARROW LP,,500mg,30,Comprimés pilliculés sécable à libération prolongée,Dragenopharm Apotheker Puschl GmbH,Darapharma S.A.L.,Germany,253986.2325,valproate de sodium arrow lp,true
MED#11814,11814,41322/1,VALSANET,,80mg,30,"Tablet, film coated",Pharmaline SAL,Pharmaline S.A.L.,Lebanon,479943.75,valsanet,true
MED#11815,11815,41222/1,VALSANET,,160mg,30,"Tablet, film coated",Pharmaline SAL,Pharmaline S.A.L.,Lebanon,560574.3,valsanet,true
MED#8618,8618,44416/1,VALSARTAN ARROW LAB,,80mg,30,"Tablet, film coated, breakable",APL Swift Services (Malta),Darapharma S.A.L.,Malta,387026.6400000001,valsartan arrow lab,true
MED#8619,8619,44316/1,VALSARTAN ARROW LAB,,160mg,30,"Tablet, film coated, breakable",APL Swift Services (Malta),Darapharma S.A.L.,Malta,473032.5600000001,valsartan arrow lab,true
MED#9217,9217,122617/1,VALTREX,,500mg,10,"Tablet, film coated",GlaxoWellcome SA,Abela Frères S.A.L.,Spain,1147641.495,valtrex,true
MED#9218,9218,122517/1,VALTREX,,500mg,42,"Tablet, film coated",GlaxoWellcome SA,Abela Frères S.A.L.,Spain,4481714.737500001,valtrex,true
MED#7934,7934,101714/1,VALUSTAR,,160mg,28,"Tablet, film coated",Atlantic Pharma Producoes Farmaceuticas SA,Qualipharm,Portugal,634293.6599999999,valustar,true
MED#7935,7935,101814/1,VALUSTAR PLUS,,160+12.5mg,28,"Tablet, film coated",Atlantic Pharma Producoes Farmaceuticas SA,Qualipharm,Portugal,592634.5425,valustar plus,true
MED#11569,11569,138923/1,VANCO MEDIS,,1g,1 Vial,Lyophilisate for solution for infusion,Les Laboratoires Medis SA,Medis Pharm Drugstore,Tunisia,1276650.375,vanco medis,true
MED#7250,7250,96860/12,VANCO MEDIS 500MG,,,1 Vial,Powder for injection,Les Laboratoires Medis SA,Medis Pharm Drugstore,Tunisia,998474.9774999999,vanco medis 500mg,true
MED#1630,1630,973939/02,VANCOLON,,0.5g,1Vial,Injectable IV,Julphar,Pharmanet Drugstore S.A.R.L.,United Arab Emirates,1009225.7174999999,vancolon,true
MED#6322,6322,219596/09,VANCOMYCIN HIKMA,,500mg,1 Vial,Injection,Hikma Italia SpA,Abela Frères S.A.L.,Italy,998474.9774999999,vancomycin hikma,true
MED#5366,5366,222450/08,VANCOMYCINE VIATRIS 500MG,,500mg,1vial,powder for solution for infusion or for oral solution,"Benta SAL under license from Viatris Santé, France",Benta Trading Co s.a.l.,Lebanon,885114.966736,vancomycine viatris 500mg,true
MED#12088,12088,140323/1,VANCOTEN,,500mg/Vial,1Vial,Powder for solution for infusion,Anfarm Hellas SA,Drugstore 3U S.A.R.L.,Greece,537537.0000000001,vancoten,true
MED#6726,6726,167462/10,VAPICIL MICRODOSER,,,15ml,Nasal spray,Amman Pharmaceutical Industries Co,Germanos Health Care Supplies SARL,Jordan,239203.96499999997,vapicil microdoser,true
MED#9073,9073,166316/1,VAQTA,,25U/0.5ml,"1Vial, single dose","Suspension for IM Injection, Pediatric dose","Merck Sharp & Dohme LLC, West Point",Droguerie de l'Union,USA,2539862.325,vaqta,true
MED#12500,12500,99423/1,VARI,,20mg,4,Tablet,Mediphar Laboratories,Pharmapro,Lebanon,1331044.0000000002,vari,true
MED#11168,11168,104122/1,VARICELLA VACCINE LIVE,,,1Vial+1Vial of diluent,Injection,Sinovac (Dalian) vaccine Technology Co Ltd,Unipharm S.A.L.,China,3104276.175000001,varicella vaccine live,true
MED#31,31,261329/97,VARILRIX + SOLVENT IN SYRINGE,,,1dose Vial x 0.5ml,Powder and solvent for sol for inj,GlaxoSmithKline Biologicals SA,Abela Frères S.A.L.,Belgium,3473832.8625000007,varilrix solvent in syringe,true
MED#8947,8947,179716/1,VARIVAX,,,single dose 0.5ml vial of vaccine powder + single dose 0.7ml vial of sterile diluent for reconstitution,Injection,"Merck Sharp & Dohme LLC, West Point",Droguerie de l'Union,USA,4102751.152500001,varivax,true
MED#11063,11063,6620/1,VAROXA,,10mg,30,"Tablet, film coated",Tabuk Pharmaceutical Manufacturing Company,Mersaco,Saudi Arabia,2879854.4775,varoxa,true
MED#11064,11064,6720/1,VAROXA,,15mg,30,"Tablet, film coated",Tabuk Pharmaceutical Manufacturing Company,Mersaco,Saudi Arabia,1343842.5,varoxa,true
MED#11065,11065,6820/1,VAROXA,,20mg,30,"Tablet, film coated",Tabuk Pharmaceutical Manufacturing Company,Mersaco,Saudi Arabia,1343842.5,varoxa,true
MED#9353,9353,111817/1,VASCEPA,,1g,120,Capsule,Patheon Softgels BV,Droguerie de l'Union,The Netherlands,21464911.681164004,vascepa,true
MED#4371,4371,405487/00,VASCOR,,10mg,30,"Tablet, scored",Mediphar Laboratories,Pharmapro,Lebanon,284126.70000000007,vascor,true
MED#4372,4372,405488/00,VASCOR,,20mg,30,"Tablet, scored",Mediphar Laboratories,Pharmapro,Lebanon,284126.70000000007,vascor,true
MED#4373,4373,195307/04,VASCOR,,40mg,30,"Tablet, scored",Mediphar Laboratories,Pharmapro,Lebanon,284126.70000000007,vascor,true
MED#4567,4567,59/95,VASELINE ICHTYOLEE,,10%,20g,Ointment,Mephico SAL,Mephico S.A.L.,Lebanon,103667.85,vaseline ichtyolee,true
MED#4568,4568,78/95,VASELINE PURE,,20g,20g,Ointment,Mephico SAL,Mephico S.A.L.,Lebanon,103667.85,vaseline pure,true
MED#4641,4641,2725,VASIDEX,,15g,15g,Ointment,Pharmadex,Pharmadex,Lebanon,78070.85,vasidex,true
MED#4721,4721,194309/05,VASOSERC,,8mg,100,Tablet,Pharmaline SAL,Pharmaline S.A.L.,Lebanon,1334883.55,vasoserc,true
MED#5476,5476,222443/08,VASOSERC BID,,24mg,30,Tablet,Pharmaline SAL,Pharmaline S.A.L.,Lebanon,840861.4500000001,vasoserc bid,true
MED#4722,4722,194310/05,VASOSERC FORTE,,16mg,60,Tablet,Pharmaline SAL,Pharmaline S.A.L.,Lebanon,944529.3000000002,vasoserc forte,true
MED#3838,3838,195480/04,VASTAREL,,35mg,60,"Tablet, film coated, modified release",Les Laboratoires Servier Industrie,Khalil Fattal & Fils S.A.L.,France,1053572.5199999998,vastarel,true
MED#12682,12682,150725/1,VAXIGRIP,,1dose,Prefilled syringe 1 x 0.5ml,Injectable,Sanofi Winthrop Industrie,Mersaco,France,158573.415,vaxigrip,true
MED#402,402,28502,VAXIGRIP,,1dose,Prefilled syringe 1 x 0.5ml,Injectable,Sanofi Pasteur SA,Mersaco,France,768677.9100000001,vaxigrip,true
MED#9809,9809,21919/1,"VAXIGRIPTETRA, VACCIN GRIPPAL QUADRIVALENT (INACTIVE A VIRION FRAGMENTE)",,,1seringue préremplie x 0.5ml avec aiguille attachée,Suspension injectable,Sanofi Pasteur SA,Mersaco,France,970254.285,vaxigriptetra vaccin grippal quadrivalent inactive a virion fragmente,true
MED#11304,11304,72122/1,VAXNEUVANCE,,,1pre-filled syringe 0.5ml with 2separate needles,Suspension for injection,MSD International GmbH T/A MSD Ireland (Carlow),Droguerie de l'Union,Ireland,6988412.9091,vaxneuvance,true
MED#7237,7237,187460/13,VECTIBIX,,20mg/ml,1Vial x 20ml,Concentrate for solution for infusion,Amgen Europe BV,Mersaco,The Netherlands,147763999.359375,vectibix,true
MED#7238,7238,187459/13,VECTIBIX,,20mg/ml,1Vial x 5ml,Concentrate for solution for infusion,Amgen Europe BV,Mersaco,The Netherlands,40364799.825,vectibix,true
MED#9498,9498,76118/1,VELCADE,,3.5mg,1 vial,Injectable powder for solution,BSP Pharmaceuticals SpA,Mersaco,Italy,23616000.198000006,velcade,true
MED#10819,10819,96420/1,VELZOME,,3.5mg,1vial,Powder for solution for injection,Salutas Pharma GmbH,Khalil Fattal & Fils S.A.L.,Germany,18154040.534104604,velzome,true
MED#9327,9327,108517/1,VEMLIDY,,25mg,30,"Tablet, film coated",Gilead Sciences Ireland UC,Khalil Fattal & Fils S.A.L.,Ireland,26997298.860363048,vemlidy,true
MED#9175,9175,55117/1,VENCLEXTA,,100mg,120 (Bottle),Tablet,Abbvie Inc,Interpharma S.A.L.,USA,707858934.5624999,venclexta,true
MED#9176,9176,54817/1,VENCLEXTA,,"10mg, 50mg, 100mg",42 (Starting pack),Tablet,Abbvie Inc,Interpharma S.A.L.,USA,190943808.5625,venclexta,true
MED#10593,10593,8720/1,VENLAFAXINE ARROW GENERIQUES LP,,75mg,50,"Capsule, prolonged release",APL Swift Services (Malta) Limited,Darapharma S.A.L.,Malta,1075074.0000000002,venlafaxine arrow generiques lp,true
MED#10594,10594,8820/1,VENLAFAXINE ARROW GENERIQUES LP,,150mg,30,"Capsule, prolonged release",APL Swift Services (Malta) Limited,Darapharma S.A.L.,Malta,987724.2375,venlafaxine arrow generiques lp,true
MED#12512,12512,9825/1,VENLAFAXINE ARROW GENERIQUES LP,,37.5mg,50,"Capsule, prolonged release",APL Swift Services (Malta) Limited,Darapharma S.A.L.,Malta,1075074.0000000002,venlafaxine arrow generiques lp,true
MED#11097,11097,115822/1,VENLAFAXINE BIOGARAN LP,,37.5mg,30,Gélules à libération prolongée,Egis Pharmaceuticals PLC,Commercial and Trading Ressources SAL (CTR),Hungary,538880.8425,venlafaxine biogaran lp,true
MED#11098,11098,115422/1,VENLAFAXINE BIOGARAN LP,,75mg,30,Gélules à libération prolongée,Egis Pharmaceuticals PLC,Commercial and Trading Ressources SAL (CTR),Hungary,584571.4875,venlafaxine biogaran lp,true
MED#5089,5089,23892/07,VENLAX XR 150,,150mg,20,"Capsule, extended release",Benta SAL,Benta Trading Co s.a.l.,Lebanon,944529.3000000002,venlax xr 150,true
MED#8827,8827,87716/1,VENLAX XR 150,,150mg,30,"Capsule, extended release",Benta SAL,Benta Trading Co s.a.l.,Lebanon,1416793.9500000002,venlax xr 150,true
MED#5248,5248,222234/07,VENLAX XR 37.5,,37.5mg,20,"Capsule, extended release",Benta SAL,Benta Trading Co s.a.l.,Lebanon,383955.00000000006,venlax xr 37 5,true
MED#8829,8829,87816/1,VENLAX XR 37.5,,37.5mg,30,"Capsule, extended release",Benta SAL,Benta Trading Co s.a.l.,Lebanon,575932.5,venlax xr 37 5,true
MED#5088,5088,23893/07,VENLAX XR 75,,75mg,20,"Capsule, extended release",Benta SAL,Benta Trading Co s.a.l.,Lebanon,895895.0000000001,venlax xr 75,true
MED#8828,8828,87616/1,VENLAX XR 75,,75mg,30,"Capsule, extended release",Benta SAL,Benta Trading Co s.a.l.,Lebanon,1343842.5,venlax xr 75,true
MED#10178,10178,102219/1,VENOFER I.V.,,20mg/ml= 100mg,5 x 5ml,Solution Injectable,Takeda Austria GmbH,UPO S.A.L.,Austria,3594778.6874999995,venofer i v,true
MED#5878,5878,23726/06,VENOSMIL,,,60,Capsule,Faes Farma SA,Pharmamedic S.A.R.L.,Spain,976973.4975,venosmil,true
MED#9608,9608,45018/1,VENOSMIL,,2%,60g,Gel,Laboratorios Victoria SA,Pharmamedic S.A.R.L.,Portugal,588603.015,venosmil,true
MED#603,603,26597,VENTOLIN,,5mg/ml,20ml,Respirator solution,Glaxo Operations UK Ltd,Abela Frères S.A.L.,UK,403152.75,ventolin,true
MED#9842,9842,189518/1,VENTOLIN EVOHALER,,100mcg,200 metered actuations,Suspension for inhalation in pressurised can,GlaxoWellcome Production,Abela Frères S.A.L.,France,260705.445,ventolin evohaler,true
MED#2332,2332,974033/02,VERACOL,,1g,1Vial,Injection,Demo SA,Macromed S.A.R.L.,Greece,454218.765,veracol,true
MED#10607,10607,156419/1,VERDA,,10mg,4,"Tablet, orally disintegrating","Packed by Pharmadex Lebanon under license from Macleods Pharmaceuticals Ltd, India",Qualipharm,Lebanon,1023880.0000000001,verda,true
MED#4569,4569,22063,VERMIFUGE,,1g/5ml,45ml,Syrup,Mephico SAL,Mephico S.A.L.,Lebanon,148462.6,vermifuge,true
MED#11988,11988,148023/1,VERMOX,,,30ml,Suspension,Janssen Pharmaceutica NV,Mersaco,Belgium,223077.855,vermox,true
MED#11989,11989,132723/1,VERMOX,,500mg,1,Tablet,Lusomedicamenta Sociedade Tecnica Farmaceutica SA,Mersaco,Portugal,106163.55750000002,vermox,true
MED#11990,11990,147923/1,VERMOX,,100mg,6,Tablet,Lusomedicamenta Sociedade Tecnica Farmaceutica SA,Mersaco,Portugal,190825.635,vermox,true
MED#7558,7558,187438/13,VERRUFILM,,,Flacon 14ml,Solution pour application locale,Laboratoires Chemineau,Pharmamedic S.A.R.L.,France,849308.4600000001,verrufilm,true
MED#11970,11970,70524/1,VERRUMAL,,,13ml,Solution,Almirall Hermal GmbH,Droguerie Phenicia,Germany,529473.9450000001,verrumal,true
MED#5939,5939,221432/08,VERSATIS,,5%,30,"plasters, medicated",Grunenthal GmbH,Mersaco,Germany,13085712.109575002,versatis,true
MED#5940,5940,221431/08,VERSATIS,,5%,5,"plasters, medicated",Grunenthal GmbH,Mersaco,Germany,2772347.0775,versatis,true
MED#4374,4374,194478/05,VERTINEX,,16mg,60,"Tablet, scored",Mediphar Laboratories,Spephal S.A.L.,Lebanon,1204338.8500000003,vertinex,true
MED#5969,5969,219277/09,VERTINEX,,24mg,30,"Tablet, scored",Mediphar Laboratories,Spephal S.A.L.,Lebanon,921492.0000000001,vertinex,true
MED#6387,6387,167975/11,VERTINEX,,16mg,20,Tablet,Mediphar Laboratories,Pharmamedic S.A.R.L.,Lebanon,371156.5,vertinex,true
MED#9674,9674,100418/1,VERZENIO,,150mg,14,Tablet,Lilly Del Caribe Inc,Droguerie de l'Union,USA,76122298.602,verzenio,true
MED#9675,9675,100218/1,VERZENIO,,50mg,14,Tablet,Lilly Del Caribe Inc,Droguerie de l'Union,USA,76122298.602,verzenio,true
MED#9676,9676,100318/1,VERZENIO,,100mg,14,Tablet,Lilly Del Caribe Inc,Droguerie de l'Union,USA,76122298.602,verzenio,true
MED#3980,3980,194494/05,VESICARE,,5mg,30,"Tablet, film coated",Astellas Pharma Europe BV,Mersaco,The Netherlands,1619330.2125,vesicare,true
MED#3981,3981,194493/05,VESICARE,,10mg,30,"Tablet, film coated",Astellas Pharma Europe BV,Mersaco,The Netherlands,1619330.2125,vesicare,true
MED#9318,9318,108217/1,VESOMNI,,6mg/0.4mg,30,"Tablet, modified release",Astellas Pharma Europe BV,Mersaco,The Netherlands,4491121.635000001,vesomni,true
MED#490,490,405401/00,VESSEL DUE F TAB.,,250LSU,50,"Capsule, soft gelatin",Alfasigma SpA,Droguerie Phenicia,Italy,2792504.715000001,vessel due f tab,true
MED#11600,11600,41421/1,VFEND,,200mg,30,"Tablet, film coated",Pfizer Italia SRL,Droguerie Fattal S.A.L.,Italy,51904550.166,vfend,true
MED#12459,12459,57523/1,VIADIS,,50mg,4,"Tablet, film coated",Les Laboratoires Medis,Medis Pharm Drugstore,Tunisia,325209.885,viadis,true
MED#11637,11637,106621/1,VIAGRA,,50mg,4,"Tablet, film coated",Fareva Amboise,Mectapharm S.A.L.,France,2089675.0875000001,viagra,true
MED#11638,11638,106521/1,VIAGRA,,100mg,4,"Tablet, film coated",Fareva Amboise,Mectapharm S.A.L.,France,2089675.0875000001,viagra,true
MED#4048,4048,194316/05,VIALEBEX,,200g/L,50ml,Solution pour perfusion,LFB Biomedicaments,Droguerie R. Pharaon & Fils S.A.L.,France,3417391.4774999996,vialebex,true
MED#9474,9474,117614/1,VICLORIX 400,,400mg,40,Tablet,Benta SAL,Benta Trading Co s.a.l.,Lebanon,3589851.265,viclorix 400,true
MED#9475,9475,117514/1,VICLORIX 800,,800mg,40,Tablet,Benta SAL,Benta Trading Co s.a.l.,Lebanon,4321797.48,viclorix 800,true
MED#7343,7343,96605/12,VICONDINE,,150mg,60,"Tablet, film coated","Benta SAL (Packing) manufactured by Hetero Labs Ltd, India",Benta Trading Co s.a.l.,Lebanon,3573725.1550000003,vicondine,true
MED#12068,12068,136223/1,VICTEVE,,1mg,28,"Tablet, film coated",Pharminicio SL,Mediterranean Pharmaceutical Company,Spain,1151673.0225,victeve,true
MED#11477,11477,1122/1,VIDAZA,,100mg,1 single use vial,Injectable,Baxter Oncology GmbH,Droguerie de l'Union,Germany,15158791.494000003,vidaza,true
MED#7320,7320,96864/12,VIDROP,,,15ml,Oral drops,Medical Union Pharmaceuticals (MUP),Macromed S.A.R.L.,Egypt,346711.365,vidrop,true
MED#9723,9723,94318/1,VIGAMOX,,5mg/ml,5ml,Eye Drops solution,SA Alcon Couvreur NV,Khalil Fattal & Fils S.A.L.,Belgium,670577.4075,vigamox,true
MED#10608,10608,156319/1,VIGOR-50,,50mg,4,"Tablet, film coated","Packed by Pharmadex Lebanon under license from Macleods Pharmaceuticals Ltd, India",Qualipharm,Lebanon,332761.00000000006,vigor 50,true
MED#7536,7536,219299/09,VIGORAM,,50mg,4,Tablet,RAM Pharmaceutical Industries Co Ltd,Premium Serve Drugstore Co. P.S.D. SAL,Jordan,330585.25500000006,vigoram,true
MED#9126,9126,43415/1,VILAPRO CHRONO 500,,,30,"Tablet, film coated, prolonged release",Dar Al Dawa Development & Investment Co Ltd,Sadco,Jordan,217702.48500000004,vilapro chrono 500,true
MED#11848,11848,6523/1,VILDAVITAE,,50mg,28,Tablet,SAG Manufacturing SLU,Promopharm S.A.R.L.,Spain,665202.0375000001,vildavitae,true
MED#11043,11043,124421/1,VILDIAB,,50mg,30,Tablet,Benta SAL,Benta Trading Co s.a.l.,Lebanon,806305.5,vildiab,true
MED#11430,11430,124321/1,VILDIAB M 50/1000,,50mg/1000mg,60,"Tablet, film coated",Benta SAL,Benta Trading Co s.a.l.,Lebanon,1029383.355,vildiab m 50 1000,true
MED#11429,11429,124221/1,VILDIAB M 50/850,,50mg/850mg,60,"Tablet, film coated",Benta SAL,Benta Trading Co s.a.l.,Lebanon,1029383.355,vildiab m 50 850,true
MED#7469,7469,185984/13,VIMPAT,,50mg,14,"Tablet, film coated",Aesica Pharmaceuticals GmbH,Sadco,Germany,1024007.985,vimpat,true
MED#7470,7470,185981/13,VIMPAT,,100mg,56,"Tablet, film coated",Aesica Pharmaceuticals GmbH,Sadco,Germany,7835296.156275001,vimpat,true
MED#7471,7471,185983/13,VIMPAT,,150mg,56,"Tablet, film coated",Aesica Pharmaceuticals GmbH,Sadco,Germany,11754895.578300001,vimpat,true
MED#7472,7472,185982/13,VIMPAT,,200mg,56,"Tablet, film coated",Aesica Pharmaceuticals GmbH,Sadco,Germany,13357859.1048,vimpat,true
MED#7707,7707,222911/14,VIMPAT,,10mg/ml,5 x 20ml,Injectable solution for infusion,Aesica Pharmaceuticals GmbH,Sadco,Germany,13225715.2188,vimpat,true
MED#7708,7708,28814/1,VIMPAT,,10mg/ml,200ml,Syrup,Aesica Pharmaceuticals GmbH,Sadco,Germany,2111176.5675000004,vimpat,true
MED#4513,4513,24284,VIOCORTENE,,,7.5ml,Drops,Mephico SAL,Mephico S.A.L.,Lebanon,568253.4000000001,viocortene,true
MED#7890,7890,96583/12,VIOSTAN 160,,160mg,30,"Tablet, film coated",Benta SAL,Benta Trading Co s.a.l.,Lebanon,668081.7000000001,viostan 160,true
MED#7972,7972,96581/12,VIOSTAN 40,,40mg,30,"Tablet, film coated",Benta SAL,Benta Trading Co s.a.l.,Lebanon,526786.26,viostan 40,true
MED#7889,7889,96582/12,VIOSTAN 80,,80mg,30,"Tablet, film coated",Benta SAL,Benta Trading Co s.a.l.,Lebanon,526786.26,viostan 80,true
MED#10349,10349,166918/1,VIOSTAN AM 160/10,,160mg/10mg,30,"Tablet, film coated",Benta SAL,Benta Trading Co s.a.l.,Lebanon,1177206.03,viostan am 160 10,true
MED#10350,10350,166818/1,VIOSTAN AM 160/5,,160mg/5mg,30,"Tablet, film coated",Benta SAL,Benta Trading Co s.a.l.,Lebanon,1177206.03,viostan am 160 5,true
MED#11338,11338,10322/1,VIOSTAN AM PLUS 160/10/12.5,,160/10/12.5mg,30,"Tablet, film coated",Benta SAL,Benta Trading Co s.a.l.,Lebanon,1196019.825,viostan am plus 160 10 12 5,true
MED#11339,11339,10022/1,VIOSTAN AM PLUS 160/10/25,,160/10/25mg,30,"Tablet, film coated",Benta SAL,Benta Trading Co s.a.l.,Lebanon,1196019.825,viostan am plus 160 10 25,true
MED#11336,11336,10122/1,VIOSTAN AM PLUS 160/5/12.5,,160/5/12.5mg,30,"Tablet, film coated",Benta SAL,Benta Trading Co s.a.l.,Lebanon,1196019.825,viostan am plus 160 5 12 5,true
MED#11337,11337,9922/1,VIOSTAN AM PLUS 160/5/25,,160/5/25mg,30,"Tablet, film coated",Benta SAL,Benta Trading Co s.a.l.,Lebanon,1196019.825,viostan am plus 160 5 25,true
MED#11340,11340,10222/1,VIOSTAN AM PLUS 320/10/25,,320/10/25mg,30,"Tablet, film coated",Benta SAL,Benta Trading Co s.a.l.,Lebanon,1881379.4999999998,viostan am plus 320 10 25,true
MED#7893,7893,186256/13,VIOSTAN PLUS 160/12.5,,160/12.5mg,30,"Tablet, film coated",Benta SAL,Benta Trading Co s.a.l.,Lebanon,668081.7000000001,viostan plus 160 12 5,true
MED#7894,7894,186257/13,VIOSTAN PLUS 160/25,,160/25mg,30,"Tablet, film coated",Benta SAL,Benta Trading Co s.a.l.,Lebanon,671921.25,viostan plus 160 25,true
MED#7892,7892,186255/13,VIOSTAN PLUS 80/12.5,,80/12.5mg,30,"Tablet, film coated",Benta SAL,Benta Trading Co s.a.l.,Lebanon,547519.8300000001,viostan plus 80 12 5,true
MED#11161,11161,127420/1,VIPDOMET,,"12.5mg/1,000mg",56,"Tablet, film coated","The Arab Pharmaceutical Manufacturing PSC, Sult under license from Takeda Pharmaceuticals International AG, Switzerland",Century Pharma SAL,Jordan,3304508.7075000005,vipdomet,true
MED#11525,11525,126121/1,VIPDOMET,,12.5mg/500mg,56,"Tablet, film coated","The Arab Pharmaceutical Manufacturing PSC, Sult under license from Takeda Pharmaceuticals International AG, Switzerland",Century Pharma SAL,Jordan,3112339.230000001,vipdomet,true
MED#10757,10757,9620/1,VIPIDIA,,25mg,28,"Tablet, film coated","The Arab Pharmaceutical Manufacturing PSC, Sult under license from Takeda Pharmaceuticals International AG, Switzerland",Century Pharma SAL,Jordan,2998112.6175,vipidia,true
MED#9933,9933,27919/1,VIREAD,,245mg,30,"Tablet, film coated",Gilead Sciences Ireland UC,Khalil Fattal & Fils S.A.L.,Ireland,15716312.8416,viread,true
MED#9151,9151,49317/1,VIRECTA,,100mg,6,"Tablet, film coated",EVA Pharma for Pharmaceuticals and Medical Appliances,C. Catafago & Co,Egypt,584571.4875,virecta,true
MED#7057,7057,96748/12,VIRGAN,,1.5mg/g,5g,Ophtalmic Gel,Farmila- Thea Farmaceutici SPA,Square One Group Pharma SAL,Italy,804961.6575000002,virgan,true
MED#4682,4682,24341/06,VIRIFLU,,75mg,10,Capsule,Pharmaline SAL,Pharmaline S.A.L.,Lebanon,1371615.245,viriflu,true
MED#10910,10910,103817/1,VIROZOLE 200,,200mg,30,"Tablet, film coated","Manufactured by Pharmaceuticals Works Polpharma SA, Poland for Benta SAL",Benta Trading Co s.a.l.,Lebanon,47909206.800000004,virozole 200,true
MED#6664,6664,166810/11,VISANNE,,2mg,28,Tablet,Bayer Weimar GmbH & Co KG,Droguerie R. Pharaon & Fils S.A.L.,Germany,4980280.305000001,visanne,true
MED#10218,10218,93120/1,VIT-X-FORTE,,"10,000IU",30,Capsule,Benta SAL,Riad Pharmacy,Lebanon,895895.0000000001,vit x forte,true
MED#12124,12124,21425/1,VITA-FERIN C,,,30,Capsule,Geistlich Pharma AG,Mediterranean Pharmaceutical Company,Switzerland,716268.0525000002,vita ferin c,true
MED#12312,12312,82125/1,VITA-GERIN,,,30,Capsule,Geistlich Pharma AG,Mediterranean Pharmaceutical Company,Switzerland,1342498.6575000004,vita gerin,true
MED#6832,6832,167747/11,VITALIPID N INFANT,,,10 ampoulesx10ml,Injectable concentrate for solution,Fresenius Kabi AB,Benta Trading Co s.a.l.,Sweden,2448481.035,vitalipid n infant,true
MED#9606,9606,42218/1,VITAMIN C S.A.L.F.,,500mg/5ml,5Ampoules x 5ml,Injectable solution,SALFSpA Laboratorio Farmacologico,New Europharm,Italy,498565.5675,vitamin c s a l f,true
MED#11818,11818,27224/1,VITANOR,,,30,FCT,Normon SA,Droguerie Phenicia,Spain,946065.1200000002,vitanor,true
MED#9262,9262,69116/1,VITAQPLUS,,,30,Tablet,Vitex Pharmaceuticals PTY Ltd,Medis Pharm Drugstore,Australia,2500890.8924999996,vitaqplus,true
MED#7385,7385,186520/13,VITEX D3,,"10,000IU",30,Capsule,Vitex Pharmaceuticals PTY Ltd,PMD (Pharmacist's medical drugstore),Australia,447499.5525,vitex d3,true
MED#8656,8656,159515/1,VITEXFER,,,30,"Tablet, film coated",Vitex Pharmaceuticals PTY Ltd,Medis Pharm Drugstore,Australia,791523.2325,vitexfer,true
MED#10351,10351,62918/1,VITRICOMB,,600mg/200mg/300mg,30,"Tablet, film coated","Manufactured by Hetero Labs Ltd, India for Benta SAL",Benta Trading Co s.a.l.,Lebanon,22191782.759999998,vitricomb,true
MED#12089,12089,52723/1,VLOFINOX,,500mg/100ml,1Bottle x 100ml,Solution for infusion,Anfarm Hellas SA,Drugstore 3U S.A.R.L.,Greece,814368.555,vlofinox,true
MED#11176,11176,114121/1,VLUDIN,,50mg,30,Tablet,"Algorithm S.A.L. (Packager and final batch releaser), Pharmathen International SA, Greece (Bulk manufacturer)",Droguerie de l'Union,Lebanon,767910.0000000001,vludin,true
MED#11759,11759,40423/1,VLUDIN,,50mg,30,Tablet,Algorithm S.A.L.,Droguerie de l'Union,Lebanon,767910.0000000001,vludin,true
MED#11174,11174,114421/1,VLUDIN MET,,50/850mg,30,FCT,"Algorithm S.A.L. (Packager and final batch releaser), Pharmathen International SA, Greece (Bulk manufacturer)",Droguerie de l'Union,Lebanon,735913.75,vludin met,true
MED#11175,11175,114321/1,VLUDIN MET,,50/1000mg,30,FCT,"Algorithm S.A.L. (Packager and final batch releaser), Pharmathen International SA, Greece (Bulk manufacturer)",Droguerie de l'Union,Lebanon,735913.75,vludin met,true
MED#7408,7408,187498/13,VOCADO,,20mg/5mg,28,"Tablet, film coated",Berlin Chemie AG,Mersaco,Germany,971598.1275000002,vocado,true
MED#7409,7409,187497/13,VOCADO,,40mg/5mg,28,"Tablet, film coated",Berlin Chemie AG,Mersaco,Germany,1103294.6925000004,vocado,true
MED#7410,7410,187496/13,VOCADO,,40mg/10mg,28,"Tablet, film coated",Berlin Chemie AG,Mersaco,Germany,1186612.9275,vocado,true
MED#7762,7762,60614/1,VOCADO HCT,,40mg/10mg/25mg,28,"Tablet, film coated",Berlin Chemie AG,Mersaco,Germany,1523917.3950000005,vocado hct,true
MED#7763,7763,60514/1,VOCADO HCT,,40mg/10mg/12.5mg,28,"Tablet, film coated",Berlin Chemie AG,Mersaco,Germany,1523917.3950000005,vocado hct,true
MED#7764,7764,60214/1,VOCADO HCT,,20mg/5mg/12.5mg,28,"Tablet, film coated",Berlin Chemie AG,Mersaco,Germany,1482258.2775000003,vocado hct,true
MED#7765,7765,60414/1,VOCADO HCT,,40mg/5mg/25mg,28,"Tablet, film coated",Berlin Chemie AG,Mersaco,Germany,1523917.3950000005,vocado hct,true
MED#7766,7766,60314/1,VOCADO HCT,,40mg/5mg/12.5mg,28,"Tablet, film coated",Berlin Chemie AG,Mersaco,Germany,1523917.3950000005,vocado hct,true
MED#6689,6689,167644/10,VOLAR,,300mg,30,Capsule,Dar Al Dawa,Sadco,Jordan,1100607.0075,volar,true
MED#9223,9223,48217/1,VOLCIDIN,,500mg,7,Tablet,Mediphar Laboratories,Pharmapro,Lebanon,849820.4,volcidin,true
MED#11476,11476,FE52523/1,VOLDEN,,75mg/3ml,5Ampoules,Solution for IM injection,Arwan Pharmaceutical Industries Lebanon SAL,Raymond Georges Abou Adal & Co,Lebanon,422350.5,volden,true
MED#3484,3484,195059/04,VOLDIC,,1%,30g,Emulgel,Pharma International Co,Picomed SARL,Jordan,172011.84000000003,voldic,true
MED#3486,3486,148177/03,VOLDIC-K,,50mg,20,Tablet,Pharma International Co,Picomed SARL,Jordan,239203.96499999997,voldic k,true
MED#10200,10200,132019/1,VOLTAREN EMULGEL 12HRS,,,100g,Gel,GSK Consumer Healthcare SARL,Sadco,Switzerland,1169142.975,voltaren emulgel 12hrs,true
MED#10201,10201,132219/1,VOLTAREN EMULGEL 12HRS,,,50g,Gel,GSK Consumer Healthcare SARL,Sadco,Switzerland,717611.895,voltaren emulgel 12hrs,true
MED#11648,11648,138423/1,VOLTFAST,,50mg,9 Sachets,Powder for solution,Mipharm SpA,Khalil Fattal & Fils S.A.L.,Italy,165292.62750000003,voltfast,true
MED#11649,11649,138523/1,VOLTFAST,,50mg,30 Sachets,Powder for solution,Mipharm SpA,Khalil Fattal & Fils S.A.L.,Italy,545600.055,voltfast,true
MED#2662,2662,974119/01,VOLUVEN,,,500ml,Solution for Infusion,Fresenius Kabi Deutschland GmbH,Benta Trading Co s.a.l.,Germany,987724.2374999999,voluven,true
MED#9733,9733,186844/1,VOMICARE INJECTION BP IM/IV,,10mg/2ml,10Ampoules,Injection,Swiss Parenterals Ltd,Drugstore 3U S.A.R.L.,India,247267.02000000005,vomicare injection bp im iv,true
MED#11497,11497,122019/1,VOMINORE-JPM,,,20,Tablet,The Jordanian Pharmaceutical Manufacturing Company (JPM),C. Catafago & Co,Jordan,259361.6025000001,vominore jpm,true
MED#10902,10902,77421/1,VOMITRON,,,90ml,Oral solution,Chaoul Pharmaceuticals (Cha-Pha) SAL,Pharmamedic S.A.R.L.,Lebanon,858779.35,vomitron,true
MED#10984,10984,77321/1,VOMITRON,,,4,Suppositories,Chaoul Pharmaceuticals (Cha-Pha) SAL,Pharmamedic S.A.R.L.,Lebanon,578492.2,vomitron,true
MED#11082,11082,106222/1,VOMITRON,,,30ml,Oral solution,Chaoul Pharmaceuticals (Cha-Pha) SAL,Pharmamedic S.A.R.L.,Lebanon,304604.3,vomitron,true
MED#11154,11154,132722/1,VOMITRON,,,2,Suppositories,Chaoul Pharmaceuticals (Cha-Pha) SAL,Pharmamedic S.A.R.L.,Lebanon,304604.3,vomitron,true
MED#11574,11574,140920/1,VONAXI,,250mcg/5ml,1Vial 5ml,IV solution for injection,Vem Ilac San. Ve Tic AS,Pharmamed,Turkey,1490321.3325000003,vonaxi,true
MED#12308,12308,57323/1,VONECIP,,200mg/100ml,1Vial,Solution for IV infusion,Aroma Ilac San. Ltd. Sti,New Europharm,Turkey,579196.1175,vonecip,true
MED#12492,12492,117824/01,VONSECA,,20mg,14,"Tablet, film coated",Zeta Pharma for Pharmaceutical Industries (Zeta Pharma),New Europharm,Egypt,1706679.975,vonseca,true
MED#12493,12493,117724/01,VONSECA,,10mg,14,"Tablet, film coated",Zeta Pharma for Pharmaceutical Industries (Zeta Pharma),New Europharm,Egypt,1276650.375,vonseca,true
MED#8531,8531,219467/09,VONTA,,50mg,4,"Tablet, film coated",Middle East Pharmaceutical Co Midpharma,Macromed S.A.R.L.,Jordan,335960.625,vonta,true
MED#8532,8532,219466/09,VONTA,,50mg,1,"Tablet, film coated",Middle East Pharmaceutical Co Midpharma,Macromed S.A.R.L.,Jordan,90037.44750000001,vonta,true
MED#11292,11292,157722/1,VORICONAZOLE STRAGEN,,200mg,1 flacon,Poudre pour solution pour perfusion,Pharmathen SA,Karout pharmacy,Greece,5841683.347500002,voriconazole stragen,true
MED#11293,11293,157122/1,VORICONAZOLE STRAGEN,,50mg,30,Comprimé pelliculé,Pharmathen International SA,Karout pharmacy,Greece,15808184.305200001,voriconazole stragen,true
MED#11294,11294,147116/1,VORICONAZOLE STRAGEN,,200mg,30,Comprimé pelliculé,Pharmathen International SA,Karout pharmacy,Greece,41794841.46107948,voriconazole stragen,true
MED#9934,9934,28119/1,VOSEVI,,400mg/100mg/100mg,28,"Tablet, film coated",Gilead Sciences Ireland UC,Khalil Fattal & Fils S.A.L.,Ireland,891634848.8592584,vosevi,true
MED#8610,8610,36015/1,VOTREX,,75mg/3ml,5Ampoules,Injection,Hikma Italia SpA,Abela Frères S.A.L.,Italy,345367.5224999999,votrex,true
MED#12290,12290,38424/1,VOTRIENT,,200mg,30,"Tablet, film coated",Novartis Pharmaceuticals Manufacturing LLC,Khalil Fattal & Fils S.A.L.,Slovenia,35112293.229154184,votrient,true
MED#12291,12291,38524/1,VOTRIENT,,400mg,30,"Tablet, film coated",Novartis Pharmaceuticals Manufacturing LLC,Khalil Fattal & Fils S.A.L.,Slovenia,72470021.23240489,votrient,true
MED#8791,8791,120616/1,VOTRIENT,,200mg,30,"Tablet, film coated",Siegfried Barbera SL,Khalil Fattal & Fils S.A.L.,Spain,35112293.229154184,votrient,true
MED#8792,8792,120716/1,VOTRIENT,,400mg,30,"Tablet, film coated",Siegfried Barbera SL,Khalil Fattal & Fils S.A.L.,Spain,72470021.23240489,votrient,true
MED#6576,6576,96412/11,VOTUM,,10mg,28,"Tablet, film coated",Daiichi Sankyo Europe GmbH,Mersaco,Germany,753895.6425000001,votum,true
MED#6577,6577,96413/11,VOTUM,,20mg,28,"Tablet, film coated",Daiichi Sankyo Europe GmbH,Mersaco,Germany,954128.175,votum,true
MED#6578,6578,96414/11,VOTUM,,40mg,28,"Tablet, film coated",Daiichi Sankyo Europe GmbH,Mersaco,Germany,1032071.04,votum,true
MED#6764,6764,97048/12,VOTUM,,20mg,,"Tablet, film coated",Berlin Chemie AG,Mersaco,Germany,954128.175,votum,true
MED#6765,6765,97049/12,VOTUM,,40mg,,"Tablet, film coated",Berlin Chemie AG,Mersaco,Germany,1032071.04,votum,true
MED#6766,6766,97047/12,VOTUM,,10mg,28,"Tablet, film coated",Berlin Chemie AG,Mersaco,Germany,753895.6425000001,votum,true
MED#7411,7411,187439/13,VOTUM PLUS,,40mg/25mg,28,"Tablet, film coated",Berlin Chemie AG,Mersaco,Germany,933970.5375000001,votum plus,true
MED#7412,7412,187441/13,VOTUM PLUS,,40mg/12.5mg,28,"Tablet, film coated",Berlin Chemie AG,Mersaco,Germany,933970.5375000001,votum plus,true
MED#7413,7413,187443/13,VOTUM PLUS,,20mg/25mg,28,"Tablet, film coated",Berlin Chemie AG,Mersaco,Germany,900374.4750000002,votum plus,true
MED#7414,7414,187442/13,VOTUM PLUS,,20mg/12.5mg,28,"Tablet, film coated",Berlin Chemie AG,Mersaco,Germany,900374.4750000002,votum plus,true
MED#6406,6406,218750/10,VOXIN,,500mg,1 vial,Powder for solution for infusion,Vianex SA- Plant C,Droguerie Solupharm SAL,Greece,546943.8975,voxin,true
MED#11877,11877,130218/1,VULGA XR,,105mg,30,"Tablet, film coated",Jazeera Pharmaceutical Industries,Abela Frères S.A.L.,Saudi Arabia,1983511.5300000005,vulga xr,true
MED#11878,11878,130318/1,VULGA XR,,80mg,30,"Tablet, film coated",Jazeera Pharmaceutical Industries,Abela Frères S.A.L.,Saudi Arabia,1983511.5300000005,vulga xr,true
MED#11879,11879,130118/1,VULGA XR,,55mg,30,"Tablet, film coated",Jazeera Pharmaceutical Industries,Abela Frères S.A.L.,Saudi Arabia,1983511.5300000005,vulga xr,true
MED#10227,10227,34120/1,VYNDAMAX,,61mg,30,Capsule,Andersonbrecon Inc,Mersaco,USA,784020041.1979687,vyndamax,true
MED#10832,10832,141920/1,VYZULTA,,0.024%,5ml,Ophtalmic solution,Bausch and Lomb Incorporated,Spephal S.A.L.,USA,1948571.6250000005,vyzulta,true
MED#4235,4235,2801/94,WATER FOR INJECTION,,,100 x 5ml,,Alfa Laboratoires S.A.L.,Alfa Laboratoires S.A.L.,Lebanon,2706318.9,water for injection,true
MED#4237,4237,2801/94,WATER FOR INJECTION,,,100 x 10ml,,Alfa Laboratoires S.A.L.,Alfa Laboratoires S.A.L.,Lebanon,2032899.42,water for injection,true
MED#4238,4238,2801/94,WATER FOR INJECTION,,,100 x 20ml,,Alfa Laboratoires S.A.L.,Alfa Laboratoires S.A.L.,Lebanon,4365734.82,water for injection,true
MED#11412,11412,161620/1,WATER FOR INJECTION/ DEMO,,,50Ampoules x 10ml,Solvent for injection,Demo SA Pharmaceutical Industry,Alfamed S.A.L.,Greece,1339810.9725000001,water for injection demo,true
MED#11413,11413,161520/1,WATER FOR INJECTION/ DEMO,,,50Ampoules x 5ml,Solvent for injection,Demo SA Pharmaceutical Industry,Alfamed S.A.L.,Greece,1103294.6925000004,water for injection demo,true
MED#12652,12652,154225/1,WEGOVY,,2.4mg,1prefilled pen Flextouch 3ml and 4 disposable needles,Solution for injection,Novo Nordisk AS,Mersaco,Denmark,31996439.596800003,wegovy,true
MED#12653,12653,154125/1,WEGOVY,,1.7mg,1prefilled pen Flextouch 3ml and 4 disposable needles,Solution for injection,Novo Nordisk AS,Mersaco,Denmark,22659530.166,wegovy,true
MED#12654,12654,154025/1,WEGOVY,,1mg,1prefilled pen Flextouch 3ml and 4 disposable needles,Solution for injection,Novo Nordisk AS,Mersaco,Denmark,13330171.814400002,wegovy,true
MED#12655,12655,153825/1,WEGOVY,,0.5mg,1prefilled pen Flextouch 1.5ml and 4 disposable needles,Solution for injection,Novo Nordisk AS,Mersaco,Denmark,13332688.8408,wegovy,true
MED#12656,12656,153925/1,WEGOVY,,0.5mg,1prefilled pen Flextouch 3ml and 4 disposable needles,Solution for injection,Novo Nordisk AS,Mersaco,Denmark,19207428.458400004,wegovy,true
MED#12657,12657,153725/1,WEGOVY,,0.25mg,1prefilled pen Flextouch 1.5ml and 4 disposable needles,Solution for injection,Novo Nordisk AS,Mersaco,Denmark,13332688.8408,wegovy,true
MED#12121,12121,40223/1,WELIREG,,40mg,90,"Tablet, film coated",MSD International GmbH T/A MSD Ireland,Droguerie de l'Union,Ireland,1550772300.6628122,welireg,true
MED#8315,8315,76815/1,WILATE 500,,500IU Fact VIII/ 500IU VWF,1Vial +1Vial solvent,Injectable powder for solution+diluent,Octapharma Pharmazeutika Produktions GesmbH,Mediterranean Pharmaceutical Company,Austria,45258360.00000001,wilate 500,true
MED#5696,5696,23646/06,WINEX,,400mg,6,Capsule,Tabuk Pharmaceutical Manufacturing Company,Mersaco,Saudi Arabia,1307558.7525,winex,true
MED#5697,5697,23647/06,WINEX,,200mg,8,Capsule,Tabuk Pharmaceutical Manufacturing Company,Mersaco,Saudi Arabia,731050.3200000001,winex,true
MED#6122,6122,222400/08,WINEX,,100mg/5ml,60ml,Oral Suspension,Tabuk Pharmaceutical Manufacturing Company,Mersaco,Saudi Arabia,700141.9425,winex,true
MED#12530,12530,121725/1,WINREVAIR,,60mg,2Vials (powder) + 2PFS (solvent) + 2 Vial adaptors + 1dosing syringe + 1needle + 8alcohol wipes,Powder and solvent for solution for injection,Patheon Italia SpA,Droguerie de l'Union,Italy,2051905568.8195307,winrevair,true
MED#12531,12531,121625/1,WINREVAIR,,45mg,2Vials (powder) + 2PFS (solvent) + 2Vial adaptors + 1dosing syringe + 1needle + 8alcohol wipes,Powder and solvent for solution for injection,Patheon Italia SpA,Droguerie de l'Union,Italy,1538929435.4864058,winrevair,true
MED#12532,12532,121925/1,WINREVAIR,,60mg,1Vial (powder) + 1PFS (solvent) + 1Vial adaptor + 1dosing syringe + 1needle + 4alcohol wipes,Powder and solvent for solution for injection,Patheon Italia SpA,Droguerie de l'Union,Italy,1025952266.66625,winrevair,true
MED#12533,12533,121825/1,WINREVAIR,,45mg,1Vial (powder) + 1PFS (solvent) + 1Vial adaptor + 1dosing syringe + 1needle + 4alcohol wipes,Powder and solvent for solution for injection,Patheon Italia SpA,Droguerie de l'Union,Italy,769464199.9996876,winrevair,true
MED#12609,12609,77726/1,WYOST,,120mg,1Vial,Solution for injection,Lek Pharmaceuticals dd,Khalil Fattal & Fils S.A.L.,Slovenia,23351200.664332975,wyost,true
MED#579,579,208325/02,XALACOM,,,2.5ml,Eye drops solution,Pfizer Manufacturing Belgium NV,Mectapharm S.A.L.,Belgium,510660.15,xalacom,true
MED#12331,12331,116824/1,XALAPROST,,0.005% w/v,2.5ml,Eye drops solution,Cooper SA Pharmaceuticals,Pharmamedic S.A.R.L.,Greece,421966.5450000001,xalaprost,true
MED#1292,1292,974214/01,XALATAN,,0.005%,2.5ml,Eye drops,Pfizer Manufacturing Belgium NV,Mectapharm S.A.L.,Belgium,704173.4700000001,xalatan,true
MED#10430,10430,142920/1,XALIPRO,,5mg,30,Tablet,"Algorithm S.A.L. (Packager), Macleods Pharmaceuticals Ltd, Baddi, India",Droguerie de l'Union,Lebanon,1746995.2500000002,xalipro,true
MED#7647,7647,186537/13,XALIPRO,,10mg,30,Tablet,"Algorithm S.A.L. (Packager), Macleods Pharmaceuticals Ltd, Baddi, India",Droguerie de l'Union,Lebanon,2123271.1499999994,xalipro,true
MED#7648,7648,186538/13,XALIPRO,,15mg,30,Tablet,"Algorithm S.A.L. (Packager), Macleods Pharmaceuticals Ltd, Baddi, India",Droguerie de l'Union,Lebanon,2418916.5,xalipro,true
MED#9727,9727,169618/1,XALKORI,,250mg,60,Capsule,Pfizer Manufacturing Deutschland GmbH,Droguerie Fattal S.A.L.,Germany,347644061.0015625,xalkori,true
MED#9728,9728,169718/1,XALKORI,,200mg,60,Capsule,Pfizer Manufacturing Deutschland GmbH,Droguerie Fattal S.A.L.,Germany,347644061.0015625,xalkori,true
MED#8793,8793,148416/1,XANAX,,0.5mg,30,Tablet,Sanico NV,Droguerie Fattal S.A.L.,Belgium,477064.0875,xanax,true
MED#5543,5543,221951/09,XARELTO,,10mg,10,"Tablet, film coated",Bayer Bitterfeld GmbH,Droguerie R. Pharaon & Fils S.A.L.,Germany,2444449.5075000008,xarelto,true
MED#6773,6773,97004/12,XARELTO,,15mg,28,"Tablet, film coated",Bayer Bitterfeld GmbH,Droguerie R. Pharaon & Fils S.A.L.,Germany,4440861.925500002,xarelto,true
MED#6775,6775,97006/12,XARELTO,,20mg,28,"Tablet, film coated",Bayer Bitterfeld GmbH,Droguerie R. Pharaon & Fils S.A.L.,Germany,4440861.925500002,xarelto,true
MED#7870,7870,88314/1,XARELTO,,2.5mg,56,"Tablet, film coated",Bayer AG,Droguerie R. Pharaon & Fils S.A.L.,Germany,4045167.5013750005,xarelto,true
MED#3110,3110,405937/00,XATRAL XL,,10mg,30,"Tablet, prolonged release",Sanofi Winthrop Industrie,Mersaco,France,1061635.5750000002,xatral xl,true
MED#10359,10359,100720/1,XAVIRAN,,15mg,30,"Tablet, film coated",Pharmaline SAL,Pharmaline S.A.L.,Lebanon,952208.4000000001,xaviran,true
MED#10360,10360,100820/1,XAVIRAN,,20mg,30,"Tablet, film coated",Pharmaline SAL,Pharmaline S.A.L.,Lebanon,952208.4000000001,xaviran,true
MED#10361,10361,100920/1,XAVIRAN,,10mg,10,"Tablet, film coated",Pharmaline SAL,Pharmaline S.A.L.,Lebanon,606648.9000000001,xaviran,true
MED#11893,11893,51123/1,XELJANZ,,5mg,60,Tablet,Pfizer Manufacturing Deutschland GmbH,Droguerie Fattal S.A.L.,Germany,80685472.74900001,xeljanz,true
MED#12166,12166,71723/1,XELJANZ XR,,11mg,30,"Tablet, extended release",Pfizer Manufacturing Deutschland GmbH,Droguerie Fattal S.A.L.,Germany,78687316.15500002,xeljanz xr,true
MED#11510,11510,18923/1,XELODA,,500mg,120,"Tablet, film coated",Excella GmbH & Co KG,Omnipharma,Germany,17946398.232,xeloda,true
MED#7539,7539,186286/13,XEMADERM,,0.1%,30g,Cream,Julphar,Pharmanet Drugstore S.A.R.L.,United Arab Emirates,335960.625,xemaderm,true
MED#9449,9449,30418/1,XENICAL,,120mg,84,Capsule,Delpharm Milano SRL,Omnipharma,Italy,4036902.8699999996,xenical,true
MED#8673,8673,58516/1,XEOMIN,,50 units,1vial,Injectable powder for solution,Merz Pharma GmbH & Co KGaA,Benta Trading Co s.a.l.,Germany,11920109.360775001,xeomin,true
MED#8674,8674,58616/1,XEOMIN,,100 units,1vial,Injectable powder for solution,Merz Pharma GmbH & Co KGaA,Benta Trading Co s.a.l.,Germany,20517540.6996,xeomin,true
MED#12611,12611,38125/1,XERVEXTA,,100mg,120,"Tablet, film coated","The Arab Pharmaceutical Manufacturing PSC, Sahab, Industrial City, Amman",Droguerie de l'Union,Jordan,407797573.6209375,xervexta,true
MED#12610,12610,38025/1,XERVEXTA STARTING PACK,,"10mg, 50mg, 100mg",42,"Tablet, film coated","The Arab Pharmaceutical Manufacturing PSC, Sahab, Industrial City, Amman",Droguerie de l'Union,Jordan,110006000.25187498,xervexta starting pack,true
MED#11910,11910,104120/1,XEVANEER,,125mg/5ml,80ml,Powder for oral suspensiom,Dar Al Dawa Development & Investment Co Ltd,Sadco,Jordan,1308902.595,xevaneer,true
MED#11911,11911,104020/1,XEVANEER,,125mg/5ml,40ml,Powder for oral suspensiom,Dar Al Dawa Development & Investment Co Ltd,Sadco,Jordan,686703.5175000003,xevaneer,true
MED#11912,11912,127520/1,XEVANEER,,300mg,10,Capsule,Dar Al Dawa Development & Investment Co Ltd,Sadco,Jordan,1350561.7125000004,xevaneer,true
MED#9731,9731,139718/1,XGEVA,,120mg,1Vial,Solution for injection,Amgen Manufacturing Ltd,Mersaco,USA,33545669.345999997,xgeva,true
MED#9337,9337,115317/1,XIGDUO XR,,5mg/1000mg,60,Tablet,AstraZeneca Pharmaceuticals LP,Omnipharma,USA,3867041.1780000003,xigduo xr,true
MED#9339,9339,115417/1,XIGDUO XR,,10mg/1000mg,30,Tablet,AstraZeneca Pharmaceuticals LP,Omnipharma,USA,3006578.8252500007,xigduo xr,true
MED#9732,9732,160417/1,XILONE FORTE,,,100ml,Syrup,European Egyptian Pharmaceutical Industries,C. Catafago & Co,Egypt,413903.49,xilone forte,true
MED#12140,12140,99318/1,XIMACOL,,10mg,30,Tablet,SAJA- Saudi Arabian Japanese Pharmaceutical Co,Food & Drug Corporation FDC,Saudi Arabia,1894817.9250000003,ximacol,true
MED#10817,10817,163820/1,XOLAIR,,150mg,1prefilled syringe (subcutaneous use0,Solution for injection,Vetter Pharma- Fertigung GmbH & Co KG,Khalil Fattal & Fils S.A.L.,Germany,30766872.200400006,xolair,true
MED#3961,3961,194931/05,XOLAMOL,,,5ml,Sterile Ophtalmic solution,Jamjoum Pharmaceuticals,Droguerie Mercury S.A.L.,Saudi Arabia,678640.4625000001,xolamol,true
MED#7960,7960,92314/1,XTANDI,,40mg,112,"Capsule, soft",Astellas Pharma Europe BV,Mersaco,The Netherlands,278248572.0352252,xtandi,true
MED#12095,12095,46823/1,XULTOPHY,,100U/ml + 3.6mg/ml,3 Prefilled pen x 3ml,Injectable solution,"Novo Nordisk Pharmaceutical industries, LP",Mersaco,USA,13503846.636000002,xultophy,true
MED#9165,9165,64617/1,XULTOPHY,,100U/ml + 3.6mg/ml,3 Prefilled pen x 3ml,Injectable solution,Novo Nordisk AS,Mersaco,Denmark,13503846.636000002,xultophy,true
MED#1194,1194,973487,XYLO-COMOD,,,15ml,Nasal Spray,Ursapharm Arzeinmittel GmbH,Macromed S.A.R.L.,Germany,498565.5675,xylo comod,true
MED#9843,9843,16719/1,XYLOCAINE,,100mg/ml (10mg/spray dose),50ml,Pump Spray,Aspen Bad Oldesloe GmbH,Abela Frères S.A.L.,Germany,667889.7224999999,xylocaine,true
MED#8850,8850,46316/1,XYNTHA,,500IU,1vial + 1 prefilled syringe with diluent,Lyophilized powder for reconstitution,Wyeth Farma SA,Mersaco,Spain,23067288.4428,xyntha,true
MED#8833,8833,102416/1,XYZAL,,5mg,30,"Tablet, film coated",UCB Farchim SA,Abela Frères S.A.L.,Switzerland,572476.905,xyzal,true
MED#11564,11564,158523/1,YANOVEN,,4g+0.5g,10 Vial,Injectable sterile powder for solution for IV infusion,Mitim SRL Italy for Arwan Pharmaceutical Industries Lebanon SAL,Raymond Georges Abou Adal & Co,Lebanon,10860622.551,yanoven,true
MED#11565,11565,158423/1,YANOVEN,,2g+0.25g,10 Vial,Sterile powder for IM/IV injectable solution with solvent,Mitim SRL Italy for Arwan Pharmaceutical Industries Lebanon SAL,Raymond Georges Abou Adal & Co,Lebanon,7236698.188499999,yanoven,true
MED#11725,11725,FE11824/1,YANOVEN,,2g+0.25g,1 Vial,Sterile powder for solution for IV infusion,Mitim SRL Italy for Arwan Pharmaceutical Industries Lebanon SAL,Raymond Georges Abou Adal & Co,Lebanon,830622.6500000001,yanoven,true
MED#6781,6781,97381/12,YANOVEN,,2g+0.25g,1 Vial,Sterile powder for IM/IV injectable solution with solvent,Mitim SRL Italy for Arwan Pharmaceutical Industries Lebanon SAL,Raymond Georges Abou Adal & Co,Lebanon,830622.6500000001,yanoven,true
MED#6782,6782,97388/12,YANOVEN,,4g+0.5g,1 Vial,Injectable sterile powder for solution for IV infusion,Mitim SRL Italy for Arwan Pharmaceutical Industries Lebanon SAL,Raymond Georges Abou Adal & Co,Lebanon,997259.12,yanoven,true
MED#544,544,208805/03,YASMIN,,,21,"Tablet, film coated",Bayer AG,Droguerie R. Pharaon & Fils S.A.L.,Germany,616823.7075,yasmin,true
MED#8884,8884,118215/1,YASNAL Q-TAB,,10mg,28,Orodispersible tablet,"KrKa, dd, Novo Mesto",Pharmamedic S.A.R.L.,Slovenia,1376094.7200000002,yasnal q tab,true
MED#8885,8885,118315/1,YASNAL Q-TAB,,5mg,28,Orodispersible tablet,"KrKa, dd, Novo Mesto",Pharmamedic S.A.R.L.,Slovenia,1376094.7200000002,yasnal q tab,true
MED#6284,6284,168014/10,YAZ,,,28,"Tablet, film coated",Bayer Weimar GmbH & Co KG,Droguerie R. Pharaon & Fils S.A.L.,Germany,1177206.03,yaz,true
MED#12268,12268,147223/1,"YELLOW FEVER VACCINE, LIVE, FREEZE DRIED",,0.5ml/dose,2doses,Lyophilizate for preparation of the solution for SC injections,"Federal State Autonomous Scientific Institution ""Chumakov Federal Scientific Center for Research and Development of Immune and Biological Products of Russian Academy of Sciences"" (Instutute of Poliomyelitis)",Unipharm S.A.L.,Russia,3527586.5625,yellow fever vaccine live freeze dried,true
MED#7938,7938,80114/1,YERVOY,,50mg/10ml,1Vial,Injection,Bristol-Myers Squibb Holdings Pharma Ltd Liability Company Manati,Pacific pharma,USA,332262936.639375,yervoy,true
MED#10715,10715,29621/1,YONDELIS,,1mg,1Vial,Injectable concentrated powder for solution for infusion,Baxter Oncology GmbH,Mersaco,Germany,126536515.21874999,yondelis,true
MED#10862,10862,7921/1,YUPELRI,,175mcg/3ml,7Unit dose Vials & inhalation solution,Injection,The Ritedose Corporation,Omnipharma,USA,3104276.175000001,yupelri,true
MED#11471,11471,182317/1,ZAKON,,100mg/5ml,60ml,Powder for oral suspension,Medpharma Pharma and Chem Ind's LLC,C. Catafago & Co,United Arab Emirates,1116733.1175,zakon,true
MED#12427,12427,16325/1,ZALBENDOL,,200mg,2,Tablet,"UBSA Pharma Industries SARL (Secondary Packaging), manufacturer: Livealth Biopharma Pvt. Ltd, India",Nova Pharm SARL,Lebanon,127985.00000000001,zalbendol,true
MED#4250,4250,236261/98,ZALDEM,,60mg,30,"Tablet, scored",Algorithm S.A.L.,Droguerie de l'Union,Lebanon,199656.60000000003,zaldem,true
MED#4251,4251,236263/98,ZALDEM CR,,120mg,30,"Capsule, controlled relese",Algorithm S.A.L.,Droguerie de l'Union,Lebanon,517059.40000000014,zaldem cr,true
MED#4252,4252,236264/98,ZALDEM CR,,180mg,30,"Capsule, controlled release",Algorithm S.A.L.,Droguerie de l'Union,Lebanon,966286.75,zaldem cr,true
MED#4253,4253,236265/98,ZALDEM CR,,240mg,30,"Capsule, controlled relese",Algorithm S.A.L.,Droguerie de l'Union,Lebanon,1002122.5500000003,zaldem cr,true
MED#7913,7913,99114/1,ZALDIAR,,,20,"Tablet, film coated",Farmaceutici Formenti SpA,Mersaco,Italy,704173.4700000001,zaldiar,true
MED#8502,8502,16215/1,ZALERG,,0.25mg/ml,5ml,Collyre en solution,Farmila- Thea Farmaceutici SPA,Square One Group Pharma SAL,Italy,446155.71,zalerg,true
MED#11572,11572,10323/1,ZALONIL,,10mg,28,"Tablet, orodispersible",Rontis Hellas Medical and Pharmaceutical Products SA,Pharmamed,Greece,1988886.9000000001,zalonil,true
MED#11573,11573,10423/1,ZALONIL,,15mg,28,"Tablet, orodispersible",Rontis Hellas Medical and Pharmaceutical Products SA,Pharmamed,Greece,2426979.555,zalonil,true
MED#11806,11806,109123/1,ZALTRAP,,100mg/4ml,1Vial,Concentrate for solution for infusion,Sanofi Aventis Deutschland GmbH,Mersaco,Germany,35658713.00880001,zaltrap,true
MED#11807,11807,109223/1,ZALTRAP,,200mg/8ml,1Vial,Concentrate for solution for infusion,Sanofi Aventis Deutschland GmbH,Mersaco,Germany,63807498.84600001,zaltrap,true
MED#7586,7586,186625/13,ZALTRAP,,100mg/4ml,1Vial,Concentrate for solution for infusion,Sanofi Aventis Deutschland GmbH,Mersaco,Germany,35658713.00880001,zaltrap,true
MED#7638,7638,186626/13,ZALTRAP,,200mg/8ml,1Vial,Concentrate for solution for infusion,Sanofi Aventis Deutschland GmbH,Mersaco,Germany,63807498.84600001,zaltrap,true
MED#12649,12649,36226/1,ZANOMET,,500mg,20,Tablet,UBSA Pharma Industries SARL,Avicenna Pharm SARL,Lebanon,325081.9,zanomet,true
MED#11823,11823,152120/1,ZARLAN,,20mg,28,FCT,Dar Al Dawa Development & Investment Co Ltd,Sadco,Jordan,1343842.5,zarlan,true
MED#11824,11824,152020/1,ZARLAN,,15mg,42,FCT,Dar Al Dawa Development & Investment Co Ltd,Sadco,Jordan,2015763.7500000005,zarlan,true
MED#11825,11825,151920/1,ZARLAN,,15mg,28,FCT,Dar Al Dawa Development & Investment Co Ltd,Sadco,Jordan,1343842.5,zarlan,true
MED#11826,11826,151820/1,ZARLAN,,10mg,30,FCT,Dar Al Dawa Development & Investment Co Ltd,Sadco,Jordan,1439255.3175000001,zarlan,true
MED#10777,10777,102719/1,ZARZIO,,30MU/0.5ml,5 Prefilled syringes,Injectable solution for infusion,"Sandoz GmbH, Langkamfen",Khalil Fattal & Fils S.A.L.,Austria,13053189.71145,zarzio,true
MED#6305,6305,166848/11,ZARZIO,,30MU/0.5ml,5 Prefilled syringes,Injectable solution for infusion,IDT Biologika GmbH,Khalil Fattal & Fils S.A.L.,Germany,13053189.71145,zarzio,true
MED#11601,11601,22522/1,ZAVEDOS,,10mg,1,Vial,Latina Pharma SpA,Mersaco,Italy,12071013.288075002,zavedos,true
MED#9603,9603,100918/1,ZAVICEFTA,,2g/0.5g,10Vials,Powder for concentrate for solution for infusion,ACS Dobfar S.P.A.,Droguerie Fattal S.A.L.,Italy,101659974.77999997,zavicefta,true
MED#10119,10119,3571/1,ZEBINIX,,800mg,30Tablets,Tablet,"Bial- Portela & Ca, SA",Levant Alie Houses S.A.L.,Portugal,10075438.939125003,zebinix,true
MED#6258,6258,222246/08,ZELAX 10,,,30,Caplet,Joswe Medical (Jordan Sweden Medical and Sterilization Co),The Lebanese Pharmacists SAL,Jordan,833182.35,zelax 10,true
MED#6358,6358,221315/08,ZELAX 20,,,30,Caplet,Joswe Medical (Jordan Sweden Medical and Sterilization Co),The Lebanese Pharmacists SAL,Jordan,1544075.0325000002,zelax 20,true
MED#6951,6951,096691/12,ZELBORAF,,240mg,56,"Tablet, film coated",Delpharm Milano SRL,Omnipharma,Italy,142041587.3785781,zelboraf,true
MED#5252,5252,24932/07,ZEMIL,,10mg,30,Tablet,Pharmaline SAL,Pharmaline S.A.L.,Lebanon,944529.3000000002,zemil,true
MED#6434,6434,96443/11,ZENTEL,,400mg,1,Tablet,GlaxoSmithKline Consumer Healthcare SA (PTY) Ltd,Abela Frères S.A.L.,South Africa,169324.155,zentel,true
MED#9667,9667,34318/1,ZEPHIRUS,,120mcg/20mcg,60,"Inhalation powder, Capsules, hard",SMB Technologie SA,Pharmamedic S.A.R.L.,Belgium,1412378.4674999998,zephirus,true
MED#9668,9668,34218/1,ZEPHIRUS,,240mcg/20mcg,60,"Inhalation powder, Capsules, hard",SMB Technologie SA,Pharmamedic S.A.R.L.,Belgium,1678459.2825000002,zephirus,true
MED#8912,8912,150716/1,ZERBAXA,,1g/0.5g,10 vials,Powder for concentrate for solution for infusion,Steri-Pharma LLC,Droguerie de l'Union,USA,74780802.42281249,zerbaxa,true
MED#12102,12102,107723/1,ZERILUX,,25mg/ml,100ml,Oral solution,"Chaoul Pharmaceuticals (Cha-pha), Lebanon (Packing) Manufactured by Labomed Pharmaceutical Company SA, Greece",Pharmamedic S.A.R.L.,Lebanon,1172179.280272,zerilux,true
MED#10128,10128,197719/1,ZERMACIN,,1g,10vials,Sterile lyophilised powder for solution for IV infusion,Arwan Pharmaceutical Industries Lebanon SAL,Raymond Georges Abou Adal & Co,Lebanon,6911190.000000001,zermacin,true
MED#7615,7615,47914/1,ZERMACIN,,0.5g,1Vial,Injectable sterile lyophilised powder for solution for IV infusion,Arwan Pharmaceutical Industries Lebanon SAL,Raymond Georges Abou Adal & Co,Lebanon,840861.4500000001,zermacin,true
MED#8774,8774,106816/1,ZERMACIN,,0.5g,10Vials,Injectable sterile lyophilised powder for solution for IV infusion,Arwan Pharmaceutical Industries Lebanon SAL,Raymond Georges Abou Adal & Co,Lebanon,5875791.350000001,zermacin,true
MED#9669,9669,118318/1,ZERMACIN,,1g,1vial,Injectable lyophilised powder for solution for IV infusion,Arwan Pharmaceutical Industries Lebanon SAL,Raymond Georges Abou Adal & Co,Lebanon,1066115.05,zermacin,true
MED#11789,11789,77822/1,ZERSA,,600mg/300ml (2mg/ml),1Bag,Solution for infusion for intravenous use,"Hikma Farmaceutica (Portugal) SA, Sintra",Abela Frères S.A.L.,Portugal,3303164.865,zersa,true
MED#12237,12237,78020/1,ZERSA,,100mg/5ml,150ml,Suspension,The Arab Pharmaceutical Manufacturing PSC,Abela Frères S.A.L.,Jordan,20406791.538000006,zersa,true
MED#11352,11352,69122/1,ZESTORETIC,,20mg/12.5mg,28,Tablet,Rovi Pharma Industrial Services SA,Omnipharma,Spain,663858.1950000002,zestoretic,true
MED#11349,11349,67922/1,ZESTRIL,,5mg,28,Tablet,Rovi Pharma Industrial Services SA,Omnipharma,Spain,295645.3500000001,zestril,true
MED#11350,11350,68722/1,ZESTRIL,,10mg,28,Tablet,Rovi Pharma Industrial Services SA,Omnipharma,Spain,592634.5425000002,zestril,true
MED#11351,11351,68622/1,ZESTRIL,,20mg,28,Tablet,Rovi Pharma Industrial Services SA,Omnipharma,Spain,636981.345,zestril,true
MED#1548,1548,195075/04,ZETA,,20mg/g,15g,Cream,Tabuk Pharmaceutical Manufacturing Company,Mersaco,Saudi Arabia,178731.05250000002,zeta,true
MED#6014,6014,24710/07,ZETA-CORT,,,15g,Cream,Tabuk Pharmaceutical Manufacturing Company,Mersaco,Saudi Arabia,244579.33500000002,zeta cort,true
MED#5617,5617,194496/06,ZETRON,,250mg,6,Capsule,Tabuk Pharmaceutical Manufacturing Company,Mersaco,Saudi Arabia,360149.79000000004,zetron,true
MED#4258,4258,195056/04,ZEVLEN,,250mg,6,"Tablet, film coated",Algorithm S.A.L.,Droguerie de l'Union,Lebanon,409552.00000000006,zevlen,true
MED#10096,10096,56319/1,ZEVTERA,,500mg,10Vials,Powder for concentrate for solution for infusion,"Patheon UK Ltd under license from Basilea Pharmaceutica international ltd, Switzerland",Droguerie de l'Union,UK,47129773.02201001,zevtera,true
MED#10448,10448,60120/1,ZIEXTENZO,,6mg,1 pre-filled syringe,Solution for injection,"Sandoz GmbH, (Schaftenau)",Khalil Fattal & Fils S.A.L.,Austria,42676168.378114745,ziextenzo,true
MED#2334,2334,974030/02,ZILISTEN,,750mg,1Vial,IV/IM,Demo SA,Macromed S.A.R.L.,Greece,155885.72999999998,zilisten,true
MED#808,808,208727/03,ZIMAX,,250mg,6,Capsule,Spimaco,Khalil Fattal & Fils S.A.L.,Saudi Arabia,360149.79000000004,zimax,true
MED#2349,2349,973933/02,ZINASEN,,10mg,20,Tablet,Laboratorios Atral SA,Pharmamedic S.A.R.L.,Portugal,591290.7000000001,zinasen,true
MED#10071,10071,32619/1,ZINFORO,,600mg,10Vials,Injectable powder for concentrate for solution for Infusion,ACS Dobfar S.P.A.,Droguerie Fattal S.A.L.,Italy,44995861.512,zinforo,true
MED#11689,11689,141123/1,ZINNAT,,250mg/5ml,50ml,Suspension,"Pharmaline Licensed by Sandoz Pharmaceuticals D.D., Slovenia",Khalil Fattal & Fils S.A.L.,Lebanon,1120781.5275800002,zinnat,true
MED#11690,11690,141223/1,ZINNAT,,500mg,10,"Tablet, film coated","Pharmaline Licensed by Sandoz Pharmaceuticals D.D., Slovenia",Khalil Fattal & Fils S.A.L.,Lebanon,908603.039916,zinnat,true
MED#11834,11834,58823/1,ZINNAT,,250mg,10,"Tablet, film coated",Glaxo Operations UK Ltd,Khalil Fattal & Fils S.A.L.,UK,349399.0500000001,zinnat,true
MED#5382,5382,24474/06,ZINOXIMOR,,500mg,14,"Tablet, film coated",Tabuk Pharmaceutical Manufacturing Company,Mersaco,Saudi Arabia,698798.1,zinoximor,true
MED#11561,11561,81723/1,ZIOPROL,,5mg,30,"Tablet, film coated","Algorithm S.A.L., Zekrit",Droguerie de l'Union,Lebanon,409552.00000000006,zioprol,true
MED#6222,6222,167545/10,ZIOREL,,150mg,30,"Tablet, film coated",Algorithm S.A.L.,Droguerie de l'Union,Lebanon,575932.5,ziorel,true
MED#6223,6223,167479/10,ZIOREL,,300mg,30,"Tablet, film coated",Algorithm S.A.L.,Droguerie de l'Union,Lebanon,575932.5,ziorel,true
MED#6224,6224,167546/10,ZIOREL PLUS,,150/12.5mg,30,"Tablet, film coated",Algorithm S.A.L.,Droguerie de l'Union,Lebanon,559294.4500000001,ziorel plus,true
MED#6225,6225,167547/10,ZIOREL PLUS,,300/12.5mg,30,"Tablet, film coated",Algorithm S.A.L.,Droguerie de l'Union,Lebanon,559294.4500000001,ziorel plus,true
MED#10249,10249,100220/1,ZIRABEV,,400mg/16ml (25mg/ml),1Vial,Solution for intravenous infusion,Pharmacia & Upjohn Company LLC,Droguerie Fattal S.A.L.,USA,49965229.440000005,zirabev,true
MED#10287,10287,100120/1,ZIRABEV,,100mg/4ml (25mg/ml),1Vial,Solution for intravenous infusion,Pharmacia & Upjohn Company LLC,Droguerie Fattal S.A.L.,USA,14800115.232000003,zirabev,true
MED#6721,6721,166966/11,ZITERA,,500mg,60,"Tablet, film coated",Algorithm S.A.L.,Droguerie de l'Union,Lebanon,2203901.7,zitera,true
MED#6722,6722,166967/11,ZITERA,,1000mg,60,"Tablet, film coated",Algorithm S.A.L.,Droguerie de l'Union,Lebanon,3225222,zitera,true
MED#7436,7436,187349/13,ZITHROFORTE,,500mg,3,"Tablet, film coated",Kern Pharma SL,New Allpharma,Spain,485127.1425,zithroforte,true
MED#6947,6947,96721/12,ZITHROMAX,,250mg,6,Capsule,Haupt Pharma Latina SRL,Droguerie Fattal S.A.L.,Italy,591290.7000000001,zithromax,true
MED#7136,7136,187476/13,ZITHROMAX,,300mg/7.5ml,22.5ml,POS,Haupt Pharma Latina SRL,Droguerie Fattal S.A.L.,Italy,489158.67000000004,zithromax,true
MED#12555,12555,196125/1,ZOFAMED ODT,,8mg,10,"Tablet, orodispersible","UBSA Pharma Industries SARL (Secondary Packaging), manufacturer: Hiral Labs Ltd, India",New Larys Pharm SARL,Lebanon,998283,zofamed odt,true
MED#8918,8918,171816/1,ZOFRAN,,8mg,10,"Tablet, film coated","Pharmaline Licensed by Sandoz Pharmaceuticals AG, Switzerland",Khalil Fattal & Fils S.A.L.,Lebanon,6323075.824065002,zofran,true
MED#9116,9116,64417/1,ZOFRAN INJECTION,,2mg/ml,10Ampoules x 2ml,Injection,"Pharmaline Licensed by Sandoz Pharmaceuticals AG, Switzerland",Khalil Fattal & Fils S.A.L.,Lebanon,7273246.179475499,zofran injection,true
MED#9117,9117,64317/1,ZOFRAN INJECTION,,2mg/ml,8Ampoules x 4ml,Injection,"Pharmaline Licensed by Sandoz Pharmaceuticals AG, Switzerland",Khalil Fattal & Fils S.A.L.,Lebanon,9742117.803723902,zofran injection,true
MED#1646,1646,27242,ZOLADEX DEPOT,,3.6mg,1,Prefilled syringe,AstraZeneca UK Ltd,Omnipharma,UK,8820074.3715,zoladex depot,true
MED#5613,5613,218788/09,ZOLADEX LA,,10.8mg,1,Prefilled syringe,AstraZeneca UK Ltd,Omnipharma,UK,35121327.87240001,zoladex la,true
MED#9279,9279,169315/1,ZOLAPINE,,5mg,30,"Tablet, orodispersible",Pharmaline SAL,Pharmaline S.A.L.,Lebanon,1186164.98,zolapine,true
MED#9280,9280,169415/1,ZOLAPINE,,10mg,30,"Tablet, orodispersible",Pharmaline SAL,Pharmaline S.A.L.,Lebanon,2106249.1450000005,zolapine,true
MED#8925,8925,57615/1,ZOLEDRA,,4mg,1vial,Powder for solution for infusion,Les Laboratoires Medis,Medis Pharm Drugstore,Tunisia,6368469.607500001,zoledra,true
MED#8478,8478,142115/1,ZOLEDRO-DENK,,4mg/5ml,1Vial x 5ml,Concentrate for solution for infusion,Siegfried Hameln GmbH,Mediterranean Pharmaceutical Company,Germany,4388989.6049999995,zoledro denk,true
MED#8527,8527,158415/1,ZOLEDRONIC ACID ACCORD,,4mg/5ml,1Vial,Concentrate for solution for infusion,Accord Healthcare Limited,Mediterranean Pharmaceutical Company,UK,7028740.682775002,zoledronic acid accord,true
MED#8015,8015,38414/1,ZOLEDRONIC ACID HIKMA,,4mg/5ml,1Vial,Injectable concentrate for solution for IV infusion,Hikma Farmaceutica (Portugal) SA,Abela Frères S.A.L.,Portugal,9098466.09945,zoledronic acid hikma,true
MED#11421,11421,34519/1,ZOLICIN,,5mg,20,"Tablet, film coated",Tabuk Pharmaceutical Manufacturing Company,Mersaco,Saudi Arabia,228453.22500000003,zolicin,true
MED#12329,12329,172319/1,ZOLICIN,,0.5mg/ml,200ml,Oral solution,Tabuk Pharmaceutical Manufacturing Company,Mersaco,Saudi Arabia,663858.1950000002,zolicin,true
MED#11972,11972,156223/1,ZOLMITRIPTAN ARROW GENERIGUES,,2.5mg,6,"Tablet, film coated",Generis Farmaceutica SA,Darapharma S.A.L.,Portugal,857371.515,zolmitriptan arrow generigues,true
MED#7728,7728,44514/1,ZOLMITRIPTAN ARROW GENERIGUES,,2.5mg,12,"Tablet, film coated",Generis Farmaceutica SA,Darapharma S.A.L.,Portugal,1726837.6125000003,zolmitriptan arrow generigues,true
MED#12114,12114,25925/1,ZOLMITRIPTAN BIOGARAN,,2.5mg,12,Comprimé orodispersible,Inpharmasci,Commercial and Trading Ressources SAL (CTR),France,1683834.6525000003,zolmitriptan biogaran,true
MED#9271,9271,83017/1,ZOLMITRIPTAN BIOGARAN,,2.5mg,6,Comprimé orodispersible,Inpharmasci,Commercial and Trading Ressources SAL (CTR),France,921875.9550000002,zolmitriptan biogaran,true
MED#10319,10319,138119/1,ZOLOFT,,50mg,15,Tablet,Pfizer Manufacturing Deutschland GmbH,Mectapharm S.A.L.,Germany,596666.0700000002,zoloft,true
MED#11615,11615,80122/1,ZOLOFT,,50mg,15,Tablet,Pfizer Manufacturing Deutschland GmbH,Mectapharm S.A.L.,Germany,596666.0700000002,zoloft,true
MED#12485,12485,93224/1,ZOMAX,,200mg/5ml,15ml,Suspension,The Arab Pharmaceutical Manufacturing PSC,Droguerie de l'Union,Jordan,258017.76,zomax,true
MED#5206,5206,195099/04,ZOMAX,,250mg,6,Capsule,Hikma Pharmaceuticals,Droguerie de l'Union,Jordan,360149.79000000004,zomax,true
MED#5207,5207,195123/04,ZOMAX,,200mg/5ml,15ml,Suspension,Hikma Pharmaceuticals,Droguerie de l'Union,Jordan,258017.76,zomax,true
MED#12012,12012,124324/1,ZONETRON ODT,,4mg,10,"Tablet, orodispersible","UBSA Pharma Industries SARL (Secondary Packaging), manufacturer: Hiral Labs Ltd, India",L. Pharm SAL,Lebanon,972686,zonetron odt,true
MED#12013,12013,116124/1,ZONETRON ODT,,8mg,10,"Tablet, orodispersible","UBSA Pharma Industries SARL (Secondary Packaging), manufacturer: Hiral Labs Ltd, India",L. Pharm SAL,Lebanon,998283,zonetron odt,true
MED#5614,5614,222472/08,ZORTEX,,1mg,30,"Tablet, film coated",Benta SAL,Benta Trading Co s.a.l.,Lebanon,1944092.15,zortex,true
MED#511,511,208289/03,ZOVIRAX,,200mg/5ml,125ml,Suspension,Aspen Bad Oldesloe GmbH,Abela Frères S.A.L.,Germany,487814.82749999996,zovirax,true
MED#688,688,25642,ZOVIRAX IV,,250mg,5,Injection,GlaxoSmithKline Manufacturing SpA,Abela Frères S.A.L.,Italy,2146116.4724999997,zovirax iv,true
MED#10920,10920,129920/1,ZYDROME,,100mg,1Vial,Lyophilized powder for injection for subcutaneous use,Thymoorgan Pharmazie GmbH,Droguerie Mercury S.A.L.,Germany,10967853.543675002,zydrome,true
MED#11448,11448,43722/1,ZYGLOMET XR 10/1000,,10mg/1000mg,30,"Tablet, film coated",Benta SAL,Benta Trading Co s.a.l.,Lebanon,2467294.83,zyglomet xr 10 1000,true
MED#11447,11447,43522/1,ZYGLOMET XR 5/1000,,5mg/1000mg,60,"Tablet, film coated",Benta SAL,Benta Trading Co s.a.l.,Lebanon,2578385.81,zyglomet xr 5 1000,true
MED#11446,11446,43822/1,ZYGLOR 10,,10mg,30,"Tablet, film coated",Benta SAL,Benta Trading Co s.a.l.,Lebanon,2039952.915,zyglor 10,true
MED#9040,9040,21417/1,ZYLORIC,,300mg,28,Tablet,Aspen SA Operations (pty) Ltd,Abela Frères S.A.L.,South Africa,302364.5625,zyloric,true
MED#9041,9041,21517/1,ZYLORIC,,100mg,50,Tablet,Aspen SA Operations (pty) Ltd,Abela Frères S.A.L.,South Africa,278175.3975,zyloric,true
MED#11188,11188,182720/1,ZYMPASS,,10/10mg,30,"Tablet, film coated",Sanofi Ilac Sanayi ve Ticaret Anonim Sirketi,Mersaco,Turkey,2138053.4175000004,zympass,true
MED#11189,11189,182820/1,ZYMPASS,,20/10mg,30,"Tablet, film coated",Sanofi Ilac Sanayi ve Ticaret Anonim Sirketi,Mersaco,Turkey,2482077.0975,zympass,true
MED#11190,11190,182920/1,ZYMPASS,,40/10mg,30,"Tablet, film coated",Sanofi Ilac Sanayi ve Ticaret Anonim Sirketi,Mersaco,Turkey,2482077.0975,zympass,true
MED#11915,11915,81624/1,ZYPREXA,,5mg,30,Tablet,Eli Lilly & Co,Omnipharma,USA,1197363.6675000002,zyprexa,true
MED#11916,11916,81824/1,ZYPREXA,,10mg,30,Tablet,Eli Lilly & Co,Omnipharma,USA,1468819.8525000003,zyprexa,true
MED#5274,5274,24987/07,ZYPREXA,,5mg,30,Tablet,"Eli Lilly and Company Indianapolis, Indiana",Omnipharma,USA,1197363.6675000002,zyprexa,true
MED#5335,5335,24988/07,ZYPREXA,,10mg,30,Tablet,"Eli Lilly and Company Indianapolis, Indiana",Omnipharma,USA,1468819.8525000003,zyprexa,true
MED#11913,11913,81924/1,ZYPREXA VELOTAB,,5mg,28,"Tablets, orodispersibles",Lilly SA,Omnipharma,Spain,2607054.45,zyprexa velotab,true
MED#11914,11914,81724/1,ZYPREXA VELOTAB,,10mg,28,"Tablets, orodispersibles",Lilly SA,Omnipharma,Spain,5214108.9,zyprexa velotab,true
MED#6294,6294,219705/09,ZYPREXA VELOTAB,,10mg,28,"Tablets, orodispersibles",Lilly SA,Omnipharma,Spain,5214108.9,zyprexa velotab,true
MED#6295,6295,219704/09,ZYPREXA VELOTAB,,5mg,28,"Tablets, orodispersibles",Lilly SA,Omnipharma,Spain,2607054.45,zyprexa velotab,true
MED#8633,8633,36016/1,ZYRTEC,,1%,10ml,Oral Drops,Aesica Pharmaceuticals Srl,Abela Frères S.A.L.,Italy,170667.9975,zyrtec,true
MED#8634,8634,36116/1,ZYRTEC,,10mg,20,"Tablet, film coated",UCB Farchim SA,Abela Frères S.A.L.,Switzerland,593978.385,zyrtec,true
MED#8635,8635,36216/1,ZYRTEC,,0.1%,75ml,Oral solution,Aesica Pharmaceuticals Srl,Abela Frères S.A.L.,Italy,278175.3975,zyrtec,true
MED#6934,6934,97459/12,ZYRWAN OD,,5mg,14,"Tablet, orodispersible","Adamed Pharma S.A. Ksawerow, Poland for Arwan Pharmaceutical Industries Lebanon SAL",Raymond Georges Abou Adal & Co,Lebanon,831390.56,zyrwan od,true
MED#6935,6935,97460/12,ZYRWAN OD,,10mg,14,"Tablet, orodispersible","Adamed Pharma S.A. Ksawerow, Poland for Arwan Pharmaceutical Industries Lebanon SAL",Raymond Georges Abou Adal & Co,Lebanon,2564819.4000000004,zyrwan od,true
MED#9365,9365,171217/1,ZYTIGA,,500mg,60,"Tablet, film coated",Patheon France SAS,Mersaco,France,72383958.06600001,zytiga,true
MED#10029,10029,125619/1,ZYTUX,,100mg/10ml,2Vials,Concentrate for solution for infusion,Aryogen Pharmed,Lebiran SARL,Iran,16463240.4258,zytux,true
MED#10030,10030,125719/1,ZYTUX,,500mg/50ml,1Vial,Concentrate for solution for infusion,Aryogen Pharmed,Lebiran SARL,Iran,27724196.449950006,zytux,true
MED#6844,6844,166944/11,ZYVOX,,600mg,20,Tablet,Viatris Pharmaceuticals LLC,Droguerie Fattal S.A.L.,Puerto Rico,35584460.730000004,zyvox,true
MED#6460,6460,166945/11,ZYVOX IV,,600mg/300ml,,Solution,Fresenius Kabi Norg AS,Droguerie Fattal S.A.L.,Norway,4414522.6125,zyvox iv,true
MED#12163,12163,131024/1,α 1% LIDOCAINE HCL USP,,1%,1Ampoule x 3.5ml,Injection,Alfa Laboratoires S.A.L.,Alfa Laboratoires S.A.L.,Lebanon,76791.00000000001,α 1 lidocaine hcl usp,true
MED#11696,11696,142522/1,α 2% LIDOCAINE HCL USP,,2%,1Ampoule x 20ml,Injection,Alfa Laboratoires S.A.L.,Alfa Laboratoires S.A.L.,Lebanon,255970.00000000003,α 2 lidocaine hcl usp,true
MED#12579,12579,155625/1,α BENDAMUSTINE,,100mg/ml,1Vial,Concentrate for solution for infusion,"Manufactured by AQ VIDA GmbH, Germany Packed by Alfa Laboratoires S.A.L.",Alfa Laboratoires S.A.L.,Lebanon,22293662.400000002,α bendamustine,true
MED#12416,12416,113524/1,α DEXAMETHASONE SODIUM PHOSPHATE USP,,8mg/2ml,1Ampoule of 2ml,Injection,Alfa Laboratoires S.A.L.,Alfa Laboratoires S.A.L.,Lebanon,44794.75000000001,α dexamethasone sodium phosphate usp,true
MED#12478,12478,94324/1,α FUROSEMIDE INJECTION,,20mg/ml,1Ampoule 2ml,Injectable solution,Alfa Laboratoires S.A.L.,Alfa Laboratoires S.A.L.,Lebanon,25597.000000000004,α furosemide injection,true
MED#12008,12008,16024/1,α HYOSCINE BUTYLBROMIDE,,20mg/ml,1ampoule x 1ml,Injection,Alfa Laboratoires S.A.L.,Alfa Laboratoires S.A.L.,Lebanon,70391.75000000001,α hyoscine butylbromide,true
MED#11661,11661,42323/1,α IBUPROFEN,,400mg/100ml,100ml non pvc bag,Injectable solution,Alfa Laboratoires S.A.L.,Alfa Laboratoires S.A.L.,Lebanon,383955.00000000006,α ibuprofen,true
MED#12157,12157,94424/1,α METOCLOPRAMIDE INJECTION USP,,10mg/2ml,1Ampoule of 2ml,Solution,Alfa Laboratoires S.A.L.,Alfa Laboratoires S.A.L.,Lebanon,84470.10000000002,α metoclopramide injection usp,true
MED#11324,11324,77922/1,α METRONIDAZOL,,500mg/100ml,100ml non pvc bag,Injectable solution USP,Alfa Laboratoires S.A.L.,Alfa Laboratoires S.A.L.,Lebanon,162540.95,α metronidazol,true
MED#11662,11662,10301/1,α NORADRENALINE,,8mg/4ml (0.2g/100ml),1Ampoule x 4ml,Injectable solution,Alfa Laboratoires S.A.L.,Alfa Laboratoires S.A.L.,Lebanon,330201.3000000001,α noradrenaline,true
MED#12009,12009,39324/1,α ONDANSETRON USP,,8mg/4ml,1Ampoule,Injection,Alfa Laboratoires S.A.L.,Alfa Laboratoires S.A.L.,Lebanon,447947.50000000006,α ondansetron usp,true
MED#12548,12548,186725/1,α OXALIPLATIN,,50mg/10ml,Vial 10ml,Concentrate for solution for infusion,"Manufactured by AQ VIDA GmbH, Germany Packed by Alfa Laboratoires S.A.L.",Alfa Laboratoires S.A.L.,Lebanon,3839550,α oxaliplatin,true
MED#12549,12549,186825/1,α OXALIPLATIN,,100mg/20ml,Vial 10ml,Concentrate for solution for infusion,Alfa Laboratoires S.A.L.,Alfa Laboratoires S.A.L.,Lebanon,6975280.055000001,α oxaliplatin,true
MED#12577,12577,155825/1,α PACLITAXEL,,300mg/50ml,1Vial,Concentrate for solution for intravenous infusion,"Manufactured by AQ VIDA GmbH, Germany Packed by Alfa Laboratoires S.A.L.",Alfa Laboratoires S.A.L.,Lebanon,29964600,α paclitaxel,true
MED#12578,12578,155725/1,α PACLITAXEL,,30mg/5ml,1Vial,Concentrate for solution for intravenous infusion,"Manufactured by AQ VIDA GmbH, Germany Packed by Alfa Laboratoires S.A.L.",Alfa Laboratoires S.A.L.,Lebanon,4863430.000000001,α paclitaxel,true
MED#12623,12623,155925/1,α PACLITAXEL,,100mg/16.7ml,1Vial,Concentrate for solution for intravenous infusion,"Manufactured by AQ VIDA GmbH, Germany Packed by Alfa Laboratoires S.A.L.",Alfa Laboratoires S.A.L.,Lebanon,12389485,α paclitaxel,true
MED#11323,11323,78722,α PARACETAMOL,,1g/100ml,100ml non pvc bag,Injectable solution USP,Alfa Laboratoires S.A.L.,Alfa Laboratoires S.A.L.,Lebanon,191977.50000000003,α paracetamol,true
MED#11660,11660,134122/1,α PHENYTOIN SODIUM 5% USP,,250mg/5ml,Ampoule 5ml,Injectable solution,Alfa Laboratoires S.A.L.,Alfa Laboratoires S.A.L.,Lebanon,276447.60000000003,α phenytoin sodium 5 usp,true
MED#12305,12305,102025/1,α SUGAMMADEX,,100mg/ml,1Vial*2ml,Solution for injection,"Manufactured by Wasserbuger Arzneimittel werk GmbH, Germany Packed by Alfa Laboratoires S.A.L.",Alfa Laboratoires S.A.L.,Lebanon,5214108.9,α sugammadex,true
